REF_DATE,GEO,DGUID,Census year (2),Housing indicators (9),Coordinate,Tenure (4):Total - Tenure[1],Symbol,Tenure (4):Owner[2],Symbol,Tenure (4):Renter[3],Symbol,"Tenure (4):Dwelling provided by the local government, First Nation or Indian band[4]",Symbol
2021,Canada,2021A000011124,2021,Total - Housing indicators,1.1.1,14978940,,9955970,,4953840,,69130,
2021,Canada,2021A000011124,2021,Adequacy: inadequate housing,1.1.2,919545,,531705,,362400,,25440,
2021,Canada,2021A000011124,2021,Percent of households in inadequate housing,1.1.3,6.1,,5.3,,7.3,,36.8,
2021,Canada,2021A000011124,2021,Suitability: unsuitable housing,1.1.4,805650,,298735,,492085,,14825,
2021,Canada,2021A000011124,2021,Percent of households in unsuitable housing,1.1.5,5.4,,3.0,,9.9,,21.4,
2021,Canada,2021A000011124,2021,Affordability: unaffordable housing,1.1.6,3074715,,1450000,,1624710,,0,
2021,Canada,2021A000011124,2021,Percent of households in unaffordable housing,1.1.7,20.9,,14.8,,33.2,,0.0,
2021,Canada,2021A000011124,2021,Core housing need: in core housing need,1.1.8,1451025,,507855,,943170,,0,
2021,Canada,2021A000011124,2021,Percent of households in core housing need,1.1.9,10.1,,5.3,,20.0,,0.0,
2021,Canada,2021A000011124,2016,Total - Housing indicators,1.2.1,14072080,,9541320,,4474530,,56230,
2021,Canada,2021A000011124,2016,Adequacy: inadequate housing,1.2.2,920480,,538745,,355935,,25800,
2021,Canada,2021A000011124,2016,Percent of households in inadequate housing,1.2.3,6.5,,5.6,,8.0,,45.9,
2021,Canada,2021A000011124,2016,Suitability: unsuitable housing,1.2.4,695735,,260420,,420875,,14445,
2021,Canada,2021A000011124,2016,Percent of households in unsuitable housing,1.2.5,4.9,,2.7,,9.4,,25.7,
2021,Canada,2021A000011124,2016,Affordability: unaffordable housing,1.2.6,3325945,,1550380,,1775570,,0,
2021,Canada,2021A000011124,2016,Percent of households in unaffordable housing,1.2.7,24.1,,16.6,,40.0,,0.0,
2021,Canada,2021A000011124,2016,Core housing need: in core housing need,1.2.8,1693775,,573860,,1119910,,0,
2021,Canada,2021A000011124,2016,Percent of households in core housing need,1.2.9,12.7,,6.3,,26.8,,0.0,
2021,Newfoundland and Labrador,2021A000210,2021,Total - Housing indicators,2.1.1,223255,,169010,,53680,,560,
2021,Newfoundland and Labrador,2021A000210,2021,Adequacy: inadequate housing,2.1.2,12205,,8895,,3185,,125,
2021,Newfoundland and Labrador,2021A000210,2021,Percent of households in inadequate housing,2.1.3,5.5,,5.3,,5.9,,22.3,
2021,Newfoundland and Labrador,2021A000210,2021,Suitability: unsuitable housing,2.1.4,3850,,1820,,1945,,85,
2021,Newfoundland and Labrador,2021A000210,2021,Percent of households in unsuitable housing,2.1.5,1.7,,1.1,,3.6,,15.2,
2021,Newfoundland and Labrador,2021A000210,2021,Affordability: unaffordable housing,2.1.6,32390,,15020,,17370,,0,
2021,Newfoundland and Labrador,2021A000210,2021,Percent of households in unaffordable housing,2.1.7,14.6,,8.9,,32.5,,0.0,
2021,Newfoundland and Labrador,2021A000210,2021,Core housing need: in core housing need,2.1.8,17525,,6685,,10840,,0,
2021,Newfoundland and Labrador,2021A000210,2021,Percent of households in core housing need,2.1.9,8.0,,4.0,,20.8,,0.0,
2021,Newfoundland and Labrador,2021A000210,2016,Total - Housing indicators,2.2.1,218675,,167700,,50530,,445,
2021,Newfoundland and Labrador,2021A000210,2016,Adequacy: inadequate housing,2.2.2,14210,,10445,,3595,,175,
2021,Newfoundland and Labrador,2021A000210,2016,Percent of households in inadequate housing,2.2.3,6.5,,6.2,,7.1,,39.3,
2021,Newfoundland and Labrador,2021A000210,2016,Suitability: unsuitable housing,2.2.4,3985,,1970,,1875,,135,
2021,Newfoundland and Labrador,2021A000210,2016,Percent of households in unsuitable housing,2.2.5,1.8,,1.2,,3.7,,30.3,
2021,Newfoundland and Labrador,2021A000210,2016,Affordability: unaffordable housing,2.2.6,37500,,17695,,19810,,0,
2021,Newfoundland and Labrador,2021A000210,2016,Percent of households in unaffordable housing,2.2.7,17.2,,10.6,,39.4,,0.0,
2021,Newfoundland and Labrador,2021A000210,2016,Core housing need: in core housing need,2.2.8,22490,,9325,,13170,,0,
2021,Newfoundland and Labrador,2021A000210,2016,Percent of households in core housing need,2.2.9,10.5,,5.6,,27.3,,0.0,
2021,"Corner Brook (CA), N.L.",2021S0504015,2021,Total - Housing indicators,3.1.1,13245,,9245,,4005,,0,
2021,"Corner Brook (CA), N.L.",2021S0504015,2021,Adequacy: inadequate housing,3.1.2,710,,475,,235,,0,
2021,"Corner Brook (CA), N.L.",2021S0504015,2021,Percent of households in inadequate housing,3.1.3,5.4,,5.1,,5.9,,0.0,
2021,"Corner Brook (CA), N.L.",2021S0504015,2021,Suitability: unsuitable housing,3.1.4,200,,95,,105,,0,
2021,"Corner Brook (CA), N.L.",2021S0504015,2021,Percent of households in unsuitable housing,3.1.5,1.5,,1.0,,2.6,,0.0,
2021,"Corner Brook (CA), N.L.",2021S0504015,2021,Affordability: unaffordable housing,3.1.6,2320,,990,,1330,,0,
2021,"Corner Brook (CA), N.L.",2021S0504015,2021,Percent of households in unaffordable housing,3.1.7,17.5,,10.7,,33.3,,0.0,
2021,"Corner Brook (CA), N.L.",2021S0504015,2021,Core housing need: in core housing need,3.1.8,835,,225,,610,,0,
2021,"Corner Brook (CA), N.L.",2021S0504015,2021,Percent of households in core housing need,3.1.9,6.4,,2.5,,15.7,,0.0,
2021,"Corner Brook (CA), N.L.",2021S0504015,2016,Total - Housing indicators,3.2.1,13235,,9345,,3890,,0,
2021,"Corner Brook (CA), N.L.",2021S0504015,2016,Adequacy: inadequate housing,3.2.2,735,,520,,210,,0,
2021,"Corner Brook (CA), N.L.",2021S0504015,2016,Percent of households in inadequate housing,3.2.3,5.6,,5.6,,5.4,,0.0,
2021,"Corner Brook (CA), N.L.",2021S0504015,2016,Suitability: unsuitable housing,3.2.4,260,,120,,145,,0,
2021,"Corner Brook (CA), N.L.",2021S0504015,2016,Percent of households in unsuitable housing,3.2.5,2.0,,1.3,,3.7,,0.0,
2021,"Corner Brook (CA), N.L.",2021S0504015,2016,Affordability: unaffordable housing,3.2.6,2440,,975,,1460,,0,
2021,"Corner Brook (CA), N.L.",2021S0504015,2016,Percent of households in unaffordable housing,3.2.7,18.4,,10.4,,37.5,,0.0,
2021,"Corner Brook (CA), N.L.",2021S0504015,2016,Core housing need: in core housing need,3.2.8,980,,265,,715,,0,
2021,"Corner Brook (CA), N.L.",2021S0504015,2016,Percent of households in core housing need,3.2.9,7.5,,2.9,,19.3,,0.0,
2021,"Gander (CA), N.L.",2021S0504011,2021,Total - Housing indicators,4.1.1,5745,,3795,,1950,,0,
2021,"Gander (CA), N.L.",2021S0504011,2021,Adequacy: inadequate housing,4.1.2,285,,165,,115,,0,
2021,"Gander (CA), N.L.",2021S0504011,2021,Percent of households in inadequate housing,4.1.3,5.0,,4.3,,5.9,,0.0,
2021,"Gander (CA), N.L.",2021S0504011,2021,Suitability: unsuitable housing,4.1.4,90,,35,,60,,0,
2021,"Gander (CA), N.L.",2021S0504011,2021,Percent of households in unsuitable housing,4.1.5,1.6,,0.9,,3.1,,0.0,
2021,"Gander (CA), N.L.",2021S0504011,2021,Affordability: unaffordable housing,4.1.6,995,,345,,650,,0,
2021,"Gander (CA), N.L.",2021S0504011,2021,Percent of households in unaffordable housing,4.1.7,17.4,,9.1,,33.4,,0.0,
2021,"Gander (CA), N.L.",2021S0504011,2021,Core housing need: in core housing need,4.1.8,350,,80,,270,,0,
2021,"Gander (CA), N.L.",2021S0504011,2021,Percent of households in core housing need,4.1.9,6.2,,2.1,,14.2,,0.0,
2021,"Gander (CA), N.L.",2021S0504011,2016,Total - Housing indicators,4.2.1,5540,,3805,,1735,,0,
2021,"Gander (CA), N.L.",2021S0504011,2016,Adequacy: inadequate housing,4.2.2,340,,185,,160,,0,
2021,"Gander (CA), N.L.",2021S0504011,2016,Percent of households in inadequate housing,4.2.3,6.1,,4.9,,9.2,,0.0,
2021,"Gander (CA), N.L.",2021S0504011,2016,Suitability: unsuitable housing,4.2.4,65,,10,,55,,0,
2021,"Gander (CA), N.L.",2021S0504011,2016,Percent of households in unsuitable housing,4.2.5,1.2,,0.3,,3.2,,0.0,
2021,"Gander (CA), N.L.",2021S0504011,2016,Affordability: unaffordable housing,4.2.6,1000,,305,,695,,0,
2021,"Gander (CA), N.L.",2021S0504011,2016,Percent of households in unaffordable housing,4.2.7,18.1,,8.0,,40.2,,0.0,
2021,"Gander (CA), N.L.",2021S0504011,2016,Core housing need: in core housing need,4.2.8,460,,75,,385,,0,
2021,"Gander (CA), N.L.",2021S0504011,2016,Percent of households in core housing need,4.2.9,8.4,,2.0,,22.7,,0.0,
2021,"Grand Falls-Windsor (CA), N.L.",2021S0504010,2021,Total - Housing indicators,5.1.1,6125,,4110,,2010,,0,
2021,"Grand Falls-Windsor (CA), N.L.",2021S0504010,2021,Adequacy: inadequate housing,5.1.2,330,,195,,140,,0,
2021,"Grand Falls-Windsor (CA), N.L.",2021S0504010,2021,Percent of households in inadequate housing,5.1.3,5.4,,4.7,,7.0,,0.0,
2021,"Grand Falls-Windsor (CA), N.L.",2021S0504010,2021,Suitability: unsuitable housing,5.1.4,85,,40,,50,,0,
2021,"Grand Falls-Windsor (CA), N.L.",2021S0504010,2021,Percent of households in unsuitable housing,5.1.5,1.4,,1.0,,2.5,,0.0,
2021,"Grand Falls-Windsor (CA), N.L.",2021S0504010,2021,Affordability: unaffordable housing,5.1.6,1195,,440,,750,,0,
2021,"Grand Falls-Windsor (CA), N.L.",2021S0504010,2021,Percent of households in unaffordable housing,5.1.7,19.5,,10.7,,37.3,,0.0,
2021,"Grand Falls-Windsor (CA), N.L.",2021S0504010,2021,Core housing need: in core housing need,5.1.8,590,,140,,455,,0,
2021,"Grand Falls-Windsor (CA), N.L.",2021S0504010,2021,Percent of households in core housing need,5.1.9,9.7,,3.4,,23.0,,0.0,
2021,"Grand Falls-Windsor (CA), N.L.",2021S0504010,2016,Total - Housing indicators,5.2.1,6090,,4105,,1985,,0,
2021,"Grand Falls-Windsor (CA), N.L.",2021S0504010,2016,Adequacy: inadequate housing,5.2.2,450,,310,,135,,0,
2021,"Grand Falls-Windsor (CA), N.L.",2021S0504010,2016,Percent of households in inadequate housing,5.2.3,7.4,,7.6,,6.8,,0.0,
2021,"Grand Falls-Windsor (CA), N.L.",2021S0504010,2016,Suitability: unsuitable housing,5.2.4,85,,25,,60,,0,
2021,"Grand Falls-Windsor (CA), N.L.",2021S0504010,2016,Percent of households in unsuitable housing,5.2.5,1.4,,0.6,,3.0,,0.0,
2021,"Grand Falls-Windsor (CA), N.L.",2021S0504010,2016,Affordability: unaffordable housing,5.2.6,1210,,380,,830,,0,
2021,"Grand Falls-Windsor (CA), N.L.",2021S0504010,2016,Percent of households in unaffordable housing,5.2.7,19.9,,9.3,,41.9,,0.0,
2021,"Grand Falls-Windsor (CA), N.L.",2021S0504010,2016,Core housing need: in core housing need,5.2.8,670,,140,,525,,0,
2021,"Grand Falls-Windsor (CA), N.L.",2021S0504010,2016,Percent of households in core housing need,5.2.9,11.2,,3.4,,27.4,,0.0,
2021,"St. John's (CMA), N.L.",2021S0503001,2021,Total - Housing indicators,6.1.1,90000,,62470,,27530,,0,
2021,"St. John's (CMA), N.L.",2021S0503001,2021,Adequacy: inadequate housing,6.1.2,3730,,2265,,1470,,0,
2021,"St. John's (CMA), N.L.",2021S0503001,2021,Percent of households in inadequate housing,6.1.3,4.1,,3.6,,5.3,,0.0,
2021,"St. John's (CMA), N.L.",2021S0503001,2021,Suitability: unsuitable housing,6.1.4,1775,,625,,1145,,0,
2021,"St. John's (CMA), N.L.",2021S0503001,2021,Percent of households in unsuitable housing,6.1.5,2.0,,1.0,,4.2,,0.0,
2021,"St. John's (CMA), N.L.",2021S0503001,2021,Affordability: unaffordable housing,6.1.6,17090,,7860,,9225,,0,
2021,"St. John's (CMA), N.L.",2021S0503001,2021,Percent of households in unaffordable housing,6.1.7,19.0,,12.6,,33.7,,0.0,
2021,"St. John's (CMA), N.L.",2021S0503001,2021,Core housing need: in core housing need,6.1.8,8165,,2280,,5880,,0,
2021,"St. John's (CMA), N.L.",2021S0503001,2021,Percent of households in core housing need,6.1.9,9.2,,3.7,,22.2,,0.0,
2021,"St. John's (CMA), N.L.",2021S0503001,2016,Total - Housing indicators,6.2.1,85990,,60375,,25615,,0,
2021,"St. John's (CMA), N.L.",2021S0503001,2016,Adequacy: inadequate housing,6.2.2,3645,,2210,,1430,,0,
2021,"St. John's (CMA), N.L.",2021S0503001,2016,Percent of households in inadequate housing,6.2.3,4.2,,3.7,,5.6,,0.0,
2021,"St. John's (CMA), N.L.",2021S0503001,2016,Suitability: unsuitable housing,6.2.4,1545,,540,,1010,,0,
2021,"St. John's (CMA), N.L.",2021S0503001,2016,Percent of households in unsuitable housing,6.2.5,1.8,,0.9,,3.9,,0.0,
2021,"St. John's (CMA), N.L.",2021S0503001,2016,Affordability: unaffordable housing,6.2.6,18490,,8120,,10370,,0,
2021,"St. John's (CMA), N.L.",2021S0503001,2016,Percent of households in unaffordable housing,6.2.7,21.6,,13.5,,40.6,,0.0,
2021,"St. John's (CMA), N.L.",2021S0503001,2016,Core housing need: in core housing need,6.2.8,9515,,2765,,6750,,0,
2021,"St. John's (CMA), N.L.",2021S0503001,2016,Percent of households in core housing need,6.2.9,11.4,,4.7,,27.9,,0.0,
2021,Prince Edward Island,2021A000211,2021,Total - Housing indicators,7.1.1,64570,,44420,,19985,,165,
2021,Prince Edward Island,2021A000211,2021,Adequacy: inadequate housing,7.1.2,4570,,3350,,1160,,65,
2021,Prince Edward Island,2021A000211,2021,Percent of households in inadequate housing,7.1.3,7.1,,7.5,,5.8,,39.4,
2021,Prince Edward Island,2021A000211,2021,Suitability: unsuitable housing,7.1.4,2020,,760,,1250,,0,
2021,Prince Edward Island,2021A000211,2021,Percent of households in unsuitable housing,7.1.5,3.1,,1.7,,6.3,,0.0,
2021,Prince Edward Island,2021A000211,2021,Affordability: unaffordable housing,7.1.6,9865,,3855,,6010,,0,
2021,Prince Edward Island,2021A000211,2021,Percent of households in unaffordable housing,7.1.7,15.5,,8.8,,30.2,,0.0,
2021,Prince Edward Island,2021A000211,2021,Core housing need: in core housing need,7.1.8,4365,,1625,,2745,,0,
2021,Prince Edward Island,2021A000211,2021,Percent of households in core housing need,7.1.9,7.0,,3.8,,14.1,,0.0,
2021,Prince Edward Island,2021A000211,2016,Total - Housing indicators,7.2.1,59470,,41780,,17575,,115,
2021,Prince Edward Island,2021A000211,2016,Adequacy: inadequate housing,7.2.2,4545,,3500,,1005,,40,
2021,Prince Edward Island,2021A000211,2016,Percent of households in inadequate housing,7.2.3,7.6,,8.4,,5.7,,34.8,
2021,Prince Edward Island,2021A000211,2016,Suitability: unsuitable housing,7.2.4,1440,,555,,870,,10,
2021,Prince Edward Island,2021A000211,2016,Percent of households in unsuitable housing,7.2.5,2.4,,1.3,,5.0,,8.7,
2021,Prince Edward Island,2021A000211,2016,Affordability: unaffordable housing,7.2.6,10850,,4515,,6335,,0,
2021,Prince Edward Island,2021A000211,2016,Percent of households in unaffordable housing,7.2.7,18.6,,11.1,,36.3,,0.0,
2021,Prince Edward Island,2021A000211,2016,Core housing need: in core housing need,7.2.8,4875,,1675,,3200,,0,
2021,Prince Edward Island,2021A000211,2016,Percent of households in core housing need,7.2.9,8.6,,4.2,,19.0,,0.0,
2021,"Charlottetown (CA), P.E.I.",2021S0504105,2021,Total - Housing indicators,8.1.1,32940,,20425,,12445,,80,
2021,"Charlottetown (CA), P.E.I.",2021S0504105,2021,Adequacy: inadequate housing,8.1.2,1945,,1250,,665,,20,
2021,"Charlottetown (CA), P.E.I.",2021S0504105,2021,Percent of households in inadequate housing,8.1.3,5.9,,6.1,,5.3,,25.0,
2021,"Charlottetown (CA), P.E.I.",2021S0504105,2021,Suitability: unsuitable housing,8.1.4,1190,,320,,865,,10,
2021,"Charlottetown (CA), P.E.I.",2021S0504105,2021,Percent of households in unsuitable housing,8.1.5,3.6,,1.6,,7.0,,12.5,
2021,"Charlottetown (CA), P.E.I.",2021S0504105,2021,Affordability: unaffordable housing,8.1.6,6100,,2075,,4025,,0,
2021,"Charlottetown (CA), P.E.I.",2021S0504105,2021,Percent of households in unaffordable housing,8.1.7,18.8,,10.3,,32.6,,0.0,
2021,"Charlottetown (CA), P.E.I.",2021S0504105,2021,Core housing need: in core housing need,8.1.8,2010,,495,,1515,,0,
2021,"Charlottetown (CA), P.E.I.",2021S0504105,2021,Percent of households in core housing need,8.1.9,6.3,,2.5,,12.6,,0.0,
2021,"Charlottetown (CA), P.E.I.",2021S0504105,2016,Total - Housing indicators,8.2.1,29945,,19020,,10865,,60,
2021,"Charlottetown (CA), P.E.I.",2021S0504105,2016,Adequacy: inadequate housing,8.2.2,1805,,1190,,595,,20,
2021,"Charlottetown (CA), P.E.I.",2021S0504105,2016,Percent of households in inadequate housing,8.2.3,6.0,,6.3,,5.5,,33.3,
2021,"Charlottetown (CA), P.E.I.",2021S0504105,2016,Suitability: unsuitable housing,8.2.4,835,,220,,605,,0,
2021,"Charlottetown (CA), P.E.I.",2021S0504105,2016,Percent of households in unsuitable housing,8.2.5,2.8,,1.2,,5.6,,0.0,
2021,"Charlottetown (CA), P.E.I.",2021S0504105,2016,Affordability: unaffordable housing,8.2.6,6440,,2225,,4215,,0,
2021,"Charlottetown (CA), P.E.I.",2021S0504105,2016,Percent of households in unaffordable housing,8.2.7,21.9,,11.9,,39.0,,0.0,
2021,"Charlottetown (CA), P.E.I.",2021S0504105,2016,Core housing need: in core housing need,8.2.8,2535,,585,,1945,,0,
2021,"Charlottetown (CA), P.E.I.",2021S0504105,2016,Percent of households in core housing need,8.2.9,8.9,,3.2,,19.0,,0.0,
2021,"Summerside (CA), P.E.I.",2021S0504110,2021,Total - Housing indicators,9.1.1,7955,,4510,,3445,,0,
2021,"Summerside (CA), P.E.I.",2021S0504110,2021,Adequacy: inadequate housing,9.1.2,520,,325,,200,,0,
2021,"Summerside (CA), P.E.I.",2021S0504110,2021,Percent of households in inadequate housing,9.1.3,6.5,,7.2,,5.8,,0.0,
2021,"Summerside (CA), P.E.I.",2021S0504110,2021,Suitability: unsuitable housing,9.1.4,255,,80,,180,,0,
2021,"Summerside (CA), P.E.I.",2021S0504110,2021,Percent of households in unsuitable housing,9.1.5,3.2,,1.8,,5.2,,0.0,
2021,"Summerside (CA), P.E.I.",2021S0504110,2021,Affordability: unaffordable housing,9.1.6,1400,,390,,1015,,0,
2021,"Summerside (CA), P.E.I.",2021S0504110,2021,Percent of households in unaffordable housing,9.1.7,17.7,,8.7,,29.5,,0.0,
2021,"Summerside (CA), P.E.I.",2021S0504110,2021,Core housing need: in core housing need,9.1.8,545,,85,,455,,0,
2021,"Summerside (CA), P.E.I.",2021S0504110,2021,Percent of households in core housing need,9.1.9,7.0,,1.9,,13.4,,0.0,
2021,"Summerside (CA), P.E.I.",2021S0504110,2016,Total - Housing indicators,9.2.1,7345,,4315,,3030,,0,
2021,"Summerside (CA), P.E.I.",2021S0504110,2016,Adequacy: inadequate housing,9.2.2,545,,400,,145,,0,
2021,"Summerside (CA), P.E.I.",2021S0504110,2016,Percent of households in inadequate housing,9.2.3,7.4,,9.3,,4.8,,0.0,
2021,"Summerside (CA), P.E.I.",2021S0504110,2016,Suitability: unsuitable housing,9.2.4,155,,55,,105,,0,
2021,"Summerside (CA), P.E.I.",2021S0504110,2016,Percent of households in unsuitable housing,9.2.5,2.1,,1.3,,3.5,,0.0,
2021,"Summerside (CA), P.E.I.",2021S0504110,2016,Affordability: unaffordable housing,9.2.6,1560,,505,,1065,,0,
2021,"Summerside (CA), P.E.I.",2021S0504110,2016,Percent of households in unaffordable housing,9.2.7,21.4,,11.8,,35.1,,0.0,
2021,"Summerside (CA), P.E.I.",2021S0504110,2016,Core housing need: in core housing need,9.2.8,580,,75,,505,,0,
2021,"Summerside (CA), P.E.I.",2021S0504110,2016,Percent of households in core housing need,9.2.9,8.1,,1.8,,17.1,,0.0,
2021,Nova Scotia,2021A000212,2021,Total - Housing indicators,10.1.1,428230,,285995,,139415,,2820,
2021,Nova Scotia,2021A000212,2021,Adequacy: inadequate housing,10.1.2,35215,,23015,,11535,,665,
2021,Nova Scotia,2021A000212,2021,Percent of households in inadequate housing,10.1.3,8.2,,8.0,,8.3,,23.6,
2021,Nova Scotia,2021A000212,2021,Suitability: unsuitable housing,10.1.4,15210,,4945,,9945,,320,
2021,Nova Scotia,2021A000212,2021,Percent of households in unsuitable housing,10.1.5,3.6,,1.7,,7.1,,11.3,
2021,Nova Scotia,2021A000212,2021,Affordability: unaffordable housing,10.1.6,75475,,27320,,48150,,0,
2021,Nova Scotia,2021A000212,2021,Percent of households in unaffordable housing,10.1.7,17.9,,9.7,,34.7,,0.0,
2021,Nova Scotia,2021A000212,2021,Core housing need: in core housing need,10.1.8,41465,,13880,,27580,,0,
2021,Nova Scotia,2021A000212,2021,Percent of households in core housing need,10.1.9,10.0,,5.0,,20.7,,0.0,
2021,Nova Scotia,2021A000212,2016,Total - Housing indicators,10.2.1,401990,,276095,,123595,,2300,
2021,Nova Scotia,2021A000212,2016,Adequacy: inadequate housing,10.2.2,35375,,23590,,11070,,710,
2021,Nova Scotia,2021A000212,2016,Percent of households in inadequate housing,10.2.3,8.8,,8.5,,9.0,,30.9,
2021,Nova Scotia,2021A000212,2016,Suitability: unsuitable housing,10.2.4,11545,,4605,,6700,,230,
2021,Nova Scotia,2021A000212,2016,Percent of households in unsuitable housing,10.2.5,2.9,,1.7,,5.4,,10.0,
2021,Nova Scotia,2021A000212,2016,Affordability: unaffordable housing,10.2.6,85315,,32780,,52535,,0,
2021,Nova Scotia,2021A000212,2016,Percent of households in unaffordable housing,10.2.7,21.6,,12.0,,42.8,,0.0,
2021,Nova Scotia,2021A000212,2016,Core housing need: in core housing need,10.2.8,49450,,16955,,32495,,0,
2021,Nova Scotia,2021A000212,2016,Percent of households in core housing need,10.2.9,12.8,,6.3,,28.1,,0.0,
2021,"Cape Breton (CA), N.S.",2021S0504225,2021,Total - Housing indicators,11.1.1,43800,,30320,,12370,,1105,
2021,"Cape Breton (CA), N.S.",2021S0504225,2021,Adequacy: inadequate housing,11.1.2,4185,,2930,,1065,,195,
2021,"Cape Breton (CA), N.S.",2021S0504225,2021,Percent of households in inadequate housing,11.1.3,9.6,,9.7,,8.6,,17.6,
2021,"Cape Breton (CA), N.S.",2021S0504225,2021,Suitability: unsuitable housing,11.1.4,1710,,815,,735,,155,
2021,"Cape Breton (CA), N.S.",2021S0504225,2021,Percent of households in unsuitable housing,11.1.5,3.9,,2.7,,5.9,,14.0,
2021,"Cape Breton (CA), N.S.",2021S0504225,2021,Affordability: unaffordable housing,11.1.6,6815,,2880,,3935,,0,
2021,"Cape Breton (CA), N.S.",2021S0504225,2021,Percent of households in unaffordable housing,11.1.7,16.1,,9.6,,32.2,,0.0,
2021,"Cape Breton (CA), N.S.",2021S0504225,2021,Core housing need: in core housing need,11.1.8,3515,,1260,,2250,,0,
2021,"Cape Breton (CA), N.S.",2021S0504225,2021,Percent of households in core housing need,11.1.9,8.4,,4.2,,18.9,,0.0,
2021,"Cape Breton (CA), N.S.",2021S0504225,2016,Total - Housing indicators,11.2.1,43080,,30470,,11870,,735,
2021,"Cape Breton (CA), N.S.",2021S0504225,2016,Adequacy: inadequate housing,11.2.2,4515,,3140,,1155,,220,
2021,"Cape Breton (CA), N.S.",2021S0504225,2016,Percent of households in inadequate housing,11.2.3,10.5,,10.3,,9.7,,29.9,
2021,"Cape Breton (CA), N.S.",2021S0504225,2016,Suitability: unsuitable housing,11.2.4,1440,,750,,595,,95,
2021,"Cape Breton (CA), N.S.",2021S0504225,2016,Percent of households in unsuitable housing,11.2.5,3.3,,2.5,,5.0,,12.9,
2021,"Cape Breton (CA), N.S.",2021S0504225,2016,Affordability: unaffordable housing,11.2.6,8665,,3430,,5235,,0,
2021,"Cape Breton (CA), N.S.",2021S0504225,2016,Percent of households in unaffordable housing,11.2.7,20.8,,11.4,,45.2,,0.0,
2021,"Cape Breton (CA), N.S.",2021S0504225,2016,Core housing need: in core housing need,11.2.8,5455,,1880,,3575,,0,
2021,"Cape Breton (CA), N.S.",2021S0504225,2016,Percent of households in core housing need,11.2.9,13.4,,6.3,,32.4,,0.0,
2021,"Halifax (CMA), N.S.",2021S0503205,2021,Total - Housing indicators,12.1.1,201140,,117810,,82920,,410,
2021,"Halifax (CMA), N.S.",2021S0503205,2021,Adequacy: inadequate housing,12.1.2,13185,,6705,,6270,,210,
2021,"Halifax (CMA), N.S.",2021S0503205,2021,Percent of households in inadequate housing,12.1.3,6.6,,5.7,,7.6,,51.2,
2021,"Halifax (CMA), N.S.",2021S0503205,2021,Suitability: unsuitable housing,12.1.4,8935,,1960,,6920,,55,
2021,"Halifax (CMA), N.S.",2021S0503205,2021,Percent of households in unsuitable housing,12.1.5,4.4,,1.7,,8.3,,13.4,
2021,"Halifax (CMA), N.S.",2021S0503205,2021,Affordability: unaffordable housing,12.1.6,42820,,12640,,30180,,0,
2021,"Halifax (CMA), N.S.",2021S0503205,2021,Percent of households in unaffordable housing,12.1.7,21.4,,10.8,,36.5,,0.0,
2021,"Halifax (CMA), N.S.",2021S0503205,2021,Core housing need: in core housing need,12.1.8,23090,,5680,,17410,,0,
2021,"Halifax (CMA), N.S.",2021S0503205,2021,Percent of households in core housing need,12.1.9,11.9,,4.9,,22.2,,0.0,
2021,"Halifax (CMA), N.S.",2021S0503205,2016,Total - Housing indicators,12.2.1,182885,,111915,,70660,,315,
2021,"Halifax (CMA), N.S.",2021S0503205,2016,Adequacy: inadequate housing,12.2.2,12370,,6490,,5715,,165,
2021,"Halifax (CMA), N.S.",2021S0503205,2016,Percent of households in inadequate housing,12.2.3,6.8,,5.8,,8.1,,52.4,
2021,"Halifax (CMA), N.S.",2021S0503205,2016,Suitability: unsuitable housing,12.2.4,6275,,1765,,4470,,35,
2021,"Halifax (CMA), N.S.",2021S0503205,2016,Percent of households in unsuitable housing,12.2.5,3.4,,1.6,,6.3,,11.1,
2021,"Halifax (CMA), N.S.",2021S0503205,2016,Affordability: unaffordable housing,12.2.6,44580,,14270,,30315,,0,
2021,"Halifax (CMA), N.S.",2021S0503205,2016,Percent of households in unaffordable housing,12.2.7,24.5,,12.8,,43.2,,0.0,
2021,"Halifax (CMA), N.S.",2021S0503205,2016,Core housing need: in core housing need,12.2.8,23455,,5870,,17590,,0,
2021,"Halifax (CMA), N.S.",2021S0503205,2016,Percent of households in core housing need,12.2.9,13.4,,5.3,,27.0,,0.0,
2021,"Kentville (CA), N.S.",2021S0504210,2021,Total - Housing indicators,13.1.1,11940,,7960,,3975,,0,
2021,"Kentville (CA), N.S.",2021S0504210,2021,Adequacy: inadequate housing,13.1.2,945,,620,,330,,0,
2021,"Kentville (CA), N.S.",2021S0504210,2021,Percent of households in inadequate housing,13.1.3,7.9,,7.8,,8.3,,0.0,
2021,"Kentville (CA), N.S.",2021S0504210,2021,Suitability: unsuitable housing,13.1.4,380,,140,,240,,0,
2021,"Kentville (CA), N.S.",2021S0504210,2021,Percent of households in unsuitable housing,13.1.5,3.2,,1.8,,6.0,,0.0,
2021,"Kentville (CA), N.S.",2021S0504210,2021,Affordability: unaffordable housing,13.1.6,2065,,815,,1245,,0,
2021,"Kentville (CA), N.S.",2021S0504210,2021,Percent of households in unaffordable housing,13.1.7,17.4,,10.4,,31.4,,0.0,
2021,"Kentville (CA), N.S.",2021S0504210,2021,Core housing need: in core housing need,13.1.8,965,,260,,710,,0,
2021,"Kentville (CA), N.S.",2021S0504210,2021,Percent of households in core housing need,13.1.9,8.3,,3.3,,18.2,,0.0,
2021,"Kentville (CA), N.S.",2021S0504210,2016,Total - Housing indicators,13.2.1,11370,,7645,,3725,,0,
2021,"Kentville (CA), N.S.",2021S0504210,2016,Adequacy: inadequate housing,13.2.2,1035,,645,,385,,0,
2021,"Kentville (CA), N.S.",2021S0504210,2016,Percent of households in inadequate housing,13.2.3,9.1,,8.4,,10.3,,0.0,
2021,"Kentville (CA), N.S.",2021S0504210,2016,Suitability: unsuitable housing,13.2.4,230,,95,,135,,0,
2021,"Kentville (CA), N.S.",2021S0504210,2016,Percent of households in unsuitable housing,13.2.5,2.0,,1.2,,3.6,,0.0,
2021,"Kentville (CA), N.S.",2021S0504210,2016,Affordability: unaffordable housing,13.2.6,2545,,895,,1655,,0,
2021,"Kentville (CA), N.S.",2021S0504210,2016,Percent of households in unaffordable housing,13.2.7,22.6,,11.9,,44.7,,0.0,
2021,"Kentville (CA), N.S.",2021S0504210,2016,Core housing need: in core housing need,13.2.8,1315,,300,,1015,,0,
2021,"Kentville (CA), N.S.",2021S0504210,2016,Percent of households in core housing need,13.2.9,12.0,,4.0,,28.7,,0.0,
2021,"New Glasgow (CA), N.S.",2021S0504220,2021,Total - Housing indicators,14.1.1,15485,,11120,,4225,,140,
2021,"New Glasgow (CA), N.S.",2021S0504220,2021,Adequacy: inadequate housing,14.1.2,1650,,1135,,470,,45,
2021,"New Glasgow (CA), N.S.",2021S0504220,2021,Percent of households in inadequate housing,14.1.3,10.7,,10.2,,11.1,,32.1,
2021,"New Glasgow (CA), N.S.",2021S0504220,2021,Suitability: unsuitable housing,14.1.4,465,,225,,225,,15,
2021,"New Glasgow (CA), N.S.",2021S0504220,2021,Percent of households in unsuitable housing,14.1.5,3.0,,2.0,,5.3,,10.7,
2021,"New Glasgow (CA), N.S.",2021S0504220,2021,Affordability: unaffordable housing,14.1.6,2360,,995,,1370,,0,
2021,"New Glasgow (CA), N.S.",2021S0504220,2021,Percent of households in unaffordable housing,14.1.7,15.5,,9.0,,32.5,,0.0,
2021,"New Glasgow (CA), N.S.",2021S0504220,2021,Core housing need: in core housing need,14.1.8,825,,270,,550,,0,
2021,"New Glasgow (CA), N.S.",2021S0504220,2021,Percent of households in core housing need,14.1.9,5.5,,2.5,,13.5,,0.0,
2021,"New Glasgow (CA), N.S.",2021S0504220,2016,Total - Housing indicators,14.2.1,15135,,11020,,3975,,135,
2021,"New Glasgow (CA), N.S.",2021S0504220,2016,Adequacy: inadequate housing,14.2.2,1715,,1235,,410,,65,
2021,"New Glasgow (CA), N.S.",2021S0504220,2016,Percent of households in inadequate housing,14.2.3,11.3,,11.2,,10.3,,48.1,
2021,"New Glasgow (CA), N.S.",2021S0504220,2016,Suitability: unsuitable housing,14.2.4,385,,185,,190,,15,
2021,"New Glasgow (CA), N.S.",2021S0504220,2016,Percent of households in unsuitable housing,14.2.5,2.5,,1.7,,4.8,,11.1,
2021,"New Glasgow (CA), N.S.",2021S0504220,2016,Affordability: unaffordable housing,14.2.6,2955,,1250,,1700,,0,
2021,"New Glasgow (CA), N.S.",2021S0504220,2016,Percent of households in unaffordable housing,14.2.7,19.9,,11.4,,42.9,,0.0,
2021,"New Glasgow (CA), N.S.",2021S0504220,2016,Core housing need: in core housing need,14.2.8,1585,,500,,1085,,0,
2021,"New Glasgow (CA), N.S.",2021S0504220,2016,Percent of households in core housing need,14.2.9,10.8,,4.6,,28.2,,0.0,
2021,"Truro (CA), N.S.",2021S0504215,2021,Total - Housing indicators,15.1.1,20695,,13840,,6585,,270,
2021,"Truro (CA), N.S.",2021S0504215,2021,Adequacy: inadequate housing,15.1.2,1715,,1185,,495,,35,
2021,"Truro (CA), N.S.",2021S0504215,2021,Percent of households in inadequate housing,15.1.3,8.3,,8.6,,7.5,,13.0,
2021,"Truro (CA), N.S.",2021S0504215,2021,Suitability: unsuitable housing,15.1.4,600,,195,,385,,20,
2021,"Truro (CA), N.S.",2021S0504215,2021,Percent of households in unsuitable housing,15.1.5,2.9,,1.4,,5.8,,7.4,
2021,"Truro (CA), N.S.",2021S0504215,2021,Affordability: unaffordable housing,15.1.6,3360,,1045,,2315,,0,
2021,"Truro (CA), N.S.",2021S0504215,2021,Percent of households in unaffordable housing,15.1.7,16.6,,7.7,,35.2,,0.0,
2021,"Truro (CA), N.S.",2021S0504215,2021,Core housing need: in core housing need,15.1.8,1670,,460,,1205,,0,
2021,"Truro (CA), N.S.",2021S0504215,2021,Percent of households in core housing need,15.1.9,8.4,,3.4,,18.9,,0.0,
2021,"Truro (CA), N.S.",2021S0504215,2016,Total - Housing indicators,15.2.1,20095,,13650,,6190,,260,
2021,"Truro (CA), N.S.",2021S0504215,2016,Adequacy: inadequate housing,15.2.2,1795,,1205,,545,,40,
2021,"Truro (CA), N.S.",2021S0504215,2016,Percent of households in inadequate housing,15.2.3,8.9,,8.8,,8.8,,15.4,
2021,"Truro (CA), N.S.",2021S0504215,2016,Suitability: unsuitable housing,15.2.4,460,,185,,265,,10,
2021,"Truro (CA), N.S.",2021S0504215,2016,Percent of households in unsuitable housing,15.2.5,2.3,,1.4,,4.3,,3.8,
2021,"Truro (CA), N.S.",2021S0504215,2016,Affordability: unaffordable housing,15.2.6,4080,,1350,,2730,,0,
2021,"Truro (CA), N.S.",2021S0504215,2016,Percent of households in unaffordable housing,15.2.7,20.8,,10.0,,44.4,,0.0,
2021,"Truro (CA), N.S.",2021S0504215,2016,Core housing need: in core housing need,15.2.8,2085,,535,,1555,,0,
2021,"Truro (CA), N.S.",2021S0504215,2016,Percent of households in core housing need,15.2.9,10.9,,4.0,,26.5,,0.0,
2021,New Brunswick,2021A000213,2021,Total - Housing indicators,16.1.1,337650,,246455,,88450,,2740,
2021,New Brunswick,2021A000213,2021,Adequacy: inadequate housing,16.1.2,26245,,18350,,7000,,895,
2021,New Brunswick,2021A000213,2021,Percent of households in inadequate housing,16.1.3,7.8,,7.4,,7.9,,32.7,
2021,New Brunswick,2021A000213,2021,Suitability: unsuitable housing,16.1.4,9055,,4365,,4465,,225,
2021,New Brunswick,2021A000213,2021,Percent of households in unsuitable housing,16.1.5,2.7,,1.8,,5.0,,8.2,
2021,New Brunswick,2021A000213,2021,Affordability: unaffordable housing,16.1.6,42920,,18405,,24515,,0,
2021,New Brunswick,2021A000213,2021,Percent of households in unaffordable housing,16.1.7,12.9,,7.5,,28.0,,0.0,
2021,New Brunswick,2021A000213,2021,Core housing need: in core housing need,16.1.8,20240,,8270,,11970,,0,
2021,New Brunswick,2021A000213,2021,Percent of households in core housing need,16.1.9,6.2,,3.4,,13.9,,0.0,
2021,New Brunswick,2021A000213,2016,Total - Housing indicators,16.2.1,319770,,238040,,79865,,1865,
2021,New Brunswick,2021A000213,2016,Adequacy: inadequate housing,16.2.2,26625,,19380,,6640,,605,
2021,New Brunswick,2021A000213,2016,Percent of households in inadequate housing,16.2.3,8.3,,8.1,,8.3,,32.4,
2021,New Brunswick,2021A000213,2016,Suitability: unsuitable housing,16.2.4,7400,,3695,,3555,,155,
2021,New Brunswick,2021A000213,2016,Percent of households in unsuitable housing,16.2.5,2.3,,1.6,,4.5,,8.3,
2021,New Brunswick,2021A000213,2016,Affordability: unaffordable housing,16.2.6,52940,,24205,,28735,,0,
2021,New Brunswick,2021A000213,2016,Percent of households in unaffordable housing,16.2.7,16.8,,10.3,,36.5,,0.0,
2021,New Brunswick,2021A000213,2016,Core housing need: in core housing need,16.2.8,27715,,10900,,16815,,0,
2021,New Brunswick,2021A000213,2016,Percent of households in core housing need,16.2.9,9.0,,4.7,,22.2,,0.0,
2021,"Bathurst (CA), N.B.",2021S0504328,2021,Total - Housing indicators,17.1.1,14395,,10615,,3745,,40,
2021,"Bathurst (CA), N.B.",2021S0504328,2021,Adequacy: inadequate housing,17.1.2,1055,,780,,265,,15,
2021,"Bathurst (CA), N.B.",2021S0504328,2021,Percent of households in inadequate housing,17.1.3,7.3,,7.3,,7.1,,37.5,
2021,"Bathurst (CA), N.B.",2021S0504328,2021,Suitability: unsuitable housing,17.1.4,265,,155,,110,,0,
2021,"Bathurst (CA), N.B.",2021S0504328,2021,Percent of households in unsuitable housing,17.1.5,1.8,,1.5,,2.9,,0.0,
2021,"Bathurst (CA), N.B.",2021S0504328,2021,Affordability: unaffordable housing,17.1.6,1785,,770,,1020,,0,
2021,"Bathurst (CA), N.B.",2021S0504328,2021,Percent of households in unaffordable housing,17.1.7,12.5,,7.3,,27.3,,0.0,
2021,"Bathurst (CA), N.B.",2021S0504328,2021,Core housing need: in core housing need,17.1.8,410,,140,,270,,0,
2021,"Bathurst (CA), N.B.",2021S0504328,2021,Percent of households in core housing need,17.1.9,2.9,,1.3,,7.3,,0.0,
2021,"Bathurst (CA), N.B.",2021S0504328,2016,Total - Housing indicators,17.2.1,13970,,10510,,3410,,50,
2021,"Bathurst (CA), N.B.",2021S0504328,2016,Adequacy: inadequate housing,17.2.2,1170,,855,,305,,15,
2021,"Bathurst (CA), N.B.",2021S0504328,2016,Percent of households in inadequate housing,17.2.3,8.4,,8.1,,8.9,,30.0,
2021,"Bathurst (CA), N.B.",2021S0504328,2016,Suitability: unsuitable housing,17.2.4,175,,95,,80,,0,
2021,"Bathurst (CA), N.B.",2021S0504328,2016,Percent of households in unsuitable housing,17.2.5,1.3,,0.9,,2.3,,0.0,
2021,"Bathurst (CA), N.B.",2021S0504328,2016,Affordability: unaffordable housing,17.2.6,2260,,920,,1340,,0,
2021,"Bathurst (CA), N.B.",2021S0504328,2016,Percent of households in unaffordable housing,17.2.7,16.3,,8.8,,39.5,,0.0,
2021,"Bathurst (CA), N.B.",2021S0504328,2016,Core housing need: in core housing need,17.2.8,770,,250,,525,,0,
2021,"Bathurst (CA), N.B.",2021S0504328,2016,Percent of households in core housing need,17.2.9,5.7,,2.4,,16.2,,0.0,
2021,"Campbellton (CA), N.B./Que.",2021S0504330,2021,Total - Housing indicators,18.1.1,6135,,4135,,1995,,0,
2021,"Campbellton (CA), N.B./Que.",2021S0504330,2021,Adequacy: inadequate housing,18.1.2,475,,280,,195,,0,
2021,"Campbellton (CA), N.B./Que.",2021S0504330,2021,Percent of households in inadequate housing,18.1.3,7.7,,6.8,,9.8,,0.0,
2021,"Campbellton (CA), N.B./Que.",2021S0504330,2021,Suitability: unsuitable housing,18.1.4,145,,60,,85,,0,
2021,"Campbellton (CA), N.B./Que.",2021S0504330,2021,Percent of households in unsuitable housing,18.1.5,2.4,,1.5,,4.3,,0.0,
2021,"Campbellton (CA), N.B./Que.",2021S0504330,2021,Affordability: unaffordable housing,18.1.6,865,,335,,535,,0,
2021,"Campbellton (CA), N.B./Que.",2021S0504330,2021,Percent of households in unaffordable housing,18.1.7,14.1,,8.1,,26.8,,0.0,
2021,"Campbellton (CA), N.B./Que.",2021S0504330,2021,Core housing need: in core housing need,18.1.8,285,,80,,205,,0,
2021,"Campbellton (CA), N.B./Que.",2021S0504330,2021,Percent of households in core housing need,18.1.9,4.7,,2.0,,10.5,,0.0,
2021,"Campbellton (CA), N.B./Que.",2021S0504330,2016,Total - Housing indicators,18.2.1,6605,,4660,,1885,,60,
2021,"Campbellton (CA), N.B./Que.",2021S0504330,2016,Adequacy: inadequate housing,18.2.2,640,,415,,215,,10,
2021,"Campbellton (CA), N.B./Que.",2021S0504330,2016,Percent of households in inadequate housing,18.2.3,9.7,,8.9,,11.4,,16.7,
2021,"Campbellton (CA), N.B./Que.",2021S0504330,2016,Suitability: unsuitable housing,18.2.4,180,,105,,75,,0,
2021,"Campbellton (CA), N.B./Que.",2021S0504330,2016,Percent of households in unsuitable housing,18.2.5,2.7,,2.3,,4.0,,0.0,
2021,"Campbellton (CA), N.B./Que.",2021S0504330,2016,Affordability: unaffordable housing,18.2.6,1065,,390,,680,,0,
2021,"Campbellton (CA), N.B./Que.",2021S0504330,2016,Percent of households in unaffordable housing,18.2.7,17.7,,9.3,,37.6,,0.0,
2021,"Campbellton (CA), N.B./Que.",2021S0504330,2016,Core housing need: in core housing need,18.2.8,695,,175,,520,,0,
2021,"Campbellton (CA), N.B./Que.",2021S0504330,2016,Percent of households in core housing need,18.2.9,11.7,,4.2,,29.1,,0.0,
2021,"Edmundston (CA), N.B.",2021S0504335,2021,Total - Housing indicators,19.1.1,10270,,7285,,2955,,30,
2021,"Edmundston (CA), N.B.",2021S0504335,2021,Adequacy: inadequate housing,19.1.2,710,,480,,225,,0,
2021,"Edmundston (CA), N.B.",2021S0504335,2021,Percent of households in inadequate housing,19.1.3,6.9,,6.6,,7.6,,0.0,
2021,"Edmundston (CA), N.B.",2021S0504335,2021,Suitability: unsuitable housing,19.1.4,120,,50,,70,,0,
2021,"Edmundston (CA), N.B.",2021S0504335,2021,Percent of households in unsuitable housing,19.1.5,1.2,,0.7,,2.4,,0.0,
2021,"Edmundston (CA), N.B.",2021S0504335,2021,Affordability: unaffordable housing,19.1.6,1330,,595,,730,,0,
2021,"Edmundston (CA), N.B.",2021S0504335,2021,Percent of households in unaffordable housing,19.1.7,13.2,,8.3,,25.2,,0.0,
2021,"Edmundston (CA), N.B.",2021S0504335,2021,Core housing need: in core housing need,19.1.8,285,,70,,220,,0,
2021,"Edmundston (CA), N.B.",2021S0504335,2021,Percent of households in core housing need,19.1.9,2.9,,1.0,,7.7,,0.0,
2021,"Edmundston (CA), N.B.",2021S0504335,2016,Total - Housing indicators,19.2.1,9910,,7220,,2665,,25,
2021,"Edmundston (CA), N.B.",2021S0504335,2016,Adequacy: inadequate housing,19.2.2,785,,540,,240,,0,
2021,"Edmundston (CA), N.B.",2021S0504335,2016,Percent of households in inadequate housing,19.2.3,7.9,,7.5,,9.0,,0.0,
2021,"Edmundston (CA), N.B.",2021S0504335,2016,Suitability: unsuitable housing,19.2.4,120,,65,,60,,0,
2021,"Edmundston (CA), N.B.",2021S0504335,2016,Percent of households in unsuitable housing,19.2.5,1.2,,0.9,,2.3,,0.0,
2021,"Edmundston (CA), N.B.",2021S0504335,2016,Affordability: unaffordable housing,19.2.6,1805,,840,,960,,0,
2021,"Edmundston (CA), N.B.",2021S0504335,2016,Percent of households in unaffordable housing,19.2.7,18.5,,11.8,,36.3,,0.0,
2021,"Edmundston (CA), N.B.",2021S0504335,2016,Core housing need: in core housing need,19.2.8,615,,155,,455,,0,
2021,"Edmundston (CA), N.B.",2021S0504335,2016,Percent of households in core housing need,19.2.9,6.4,,2.2,,17.7,,0.0,
2021,"Fredericton (CMA), N.B.",2021S0503320,2021,Total - Housing indicators,20.1.1,46360,,32320,,13530,,510,
2021,"Fredericton (CMA), N.B.",2021S0503320,2021,Adequacy: inadequate housing,20.1.2,3200,,2095,,1020,,95,
2021,"Fredericton (CMA), N.B.",2021S0503320,2021,Percent of households in inadequate housing,20.1.3,6.9,,6.5,,7.5,,18.6,
2021,"Fredericton (CMA), N.B.",2021S0503320,2021,Suitability: unsuitable housing,20.1.4,1380,,505,,845,,30,
2021,"Fredericton (CMA), N.B.",2021S0503320,2021,Percent of households in unsuitable housing,20.1.5,3.0,,1.6,,6.2,,5.9,
2021,"Fredericton (CMA), N.B.",2021S0503320,2021,Affordability: unaffordable housing,20.1.6,6745,,2505,,4240,,0,
2021,"Fredericton (CMA), N.B.",2021S0503320,2021,Percent of households in unaffordable housing,20.1.7,14.8,,7.8,,31.6,,0.0,
2021,"Fredericton (CMA), N.B.",2021S0503320,2021,Core housing need: in core housing need,20.1.8,3235,,1065,,2170,,0,
2021,"Fredericton (CMA), N.B.",2021S0503320,2021,Percent of households in core housing need,20.1.9,7.2,,3.3,,16.6,,0.0,
2021,"Fredericton (CMA), N.B.",2021S0503320,2016,Total - Housing indicators,20.2.1,43185,,30750,,12000,,430,
2021,"Fredericton (CMA), N.B.",2021S0503320,2016,Adequacy: inadequate housing,20.2.2,2950,,2050,,815,,90,
2021,"Fredericton (CMA), N.B.",2021S0503320,2016,Percent of households in inadequate housing,20.2.3,6.8,,6.7,,6.8,,20.9,
2021,"Fredericton (CMA), N.B.",2021S0503320,2016,Suitability: unsuitable housing,20.2.4,1155,,330,,795,,30,
2021,"Fredericton (CMA), N.B.",2021S0503320,2016,Percent of households in unsuitable housing,20.2.5,2.7,,1.1,,6.6,,7.0,
2021,"Fredericton (CMA), N.B.",2021S0503320,2016,Affordability: unaffordable housing,20.2.6,7905,,3170,,4735,,0,
2021,"Fredericton (CMA), N.B.",2021S0503320,2016,Percent of households in unaffordable housing,20.2.7,18.7,,10.4,,39.9,,0.0,
2021,"Fredericton (CMA), N.B.",2021S0503320,2016,Core housing need: in core housing need,20.2.8,4110,,1415,,2695,,0,
2021,"Fredericton (CMA), N.B.",2021S0503320,2016,Percent of households in core housing need,20.2.9,10.0,,4.7,,24.1,,0.0,
2021,"Miramichi (CA), N.B.",2021S0504329,2021,Total - Housing indicators,21.1.1,12300,,9165,,2770,,360,
2021,"Miramichi (CA), N.B.",2021S0504329,2021,Adequacy: inadequate housing,21.1.2,1055,,715,,235,,105,
2021,"Miramichi (CA), N.B.",2021S0504329,2021,Percent of households in inadequate housing,21.1.3,8.6,,7.8,,8.5,,29.2,
2021,"Miramichi (CA), N.B.",2021S0504329,2021,Suitability: unsuitable housing,21.1.4,250,,135,,100,,20,
2021,"Miramichi (CA), N.B.",2021S0504329,2021,Percent of households in unsuitable housing,21.1.5,2.0,,1.5,,3.6,,5.6,
2021,"Miramichi (CA), N.B.",2021S0504329,2021,Affordability: unaffordable housing,21.1.6,1395,,665,,730,,0,
2021,"Miramichi (CA), N.B.",2021S0504329,2021,Percent of households in unaffordable housing,21.1.7,11.8,,7.3,,26.7,,0.0,
2021,"Miramichi (CA), N.B.",2021S0504329,2021,Core housing need: in core housing need,21.1.8,360,,135,,225,,0,
2021,"Miramichi (CA), N.B.",2021S0504329,2021,Percent of households in core housing need,21.1.9,3.1,,1.5,,8.4,,0.0,
2021,"Miramichi (CA), N.B.",2021S0504329,2016,Total - Housing indicators,21.2.1,11940,,9175,,2480,,285,
2021,"Miramichi (CA), N.B.",2021S0504329,2016,Adequacy: inadequate housing,21.2.2,1140,,800,,270,,70,
2021,"Miramichi (CA), N.B.",2021S0504329,2016,Percent of households in inadequate housing,21.2.3,9.5,,8.7,,10.9,,24.6,
2021,"Miramichi (CA), N.B.",2021S0504329,2016,Suitability: unsuitable housing,21.2.4,215,,120,,80,,10,
2021,"Miramichi (CA), N.B.",2021S0504329,2016,Percent of households in unsuitable housing,21.2.5,1.8,,1.3,,3.2,,3.5,
2021,"Miramichi (CA), N.B.",2021S0504329,2016,Affordability: unaffordable housing,21.2.6,1710,,820,,890,,0,
2021,"Miramichi (CA), N.B.",2021S0504329,2016,Percent of households in unaffordable housing,21.2.7,14.9,,9.1,,36.6,,0.0,
2021,"Miramichi (CA), N.B.",2021S0504329,2016,Core housing need: in core housing need,21.2.8,900,,390,,505,,0,
2021,"Miramichi (CA), N.B.",2021S0504329,2016,Percent of households in core housing need,21.2.9,8.0,,4.4,,21.5,,0.0,
2021,"Moncton (CMA), N.B.",2021S0503305,2021,Total - Housing indicators,22.1.1,67185,,44870,,22300,,10,
2021,"Moncton (CMA), N.B.",2021S0503305,2021,Adequacy: inadequate housing,22.1.2,3850,,2520,,1330,,0,
2021,"Moncton (CMA), N.B.",2021S0503305,2021,Percent of households in inadequate housing,22.1.3,5.7,,5.6,,6.0,,0.0,
2021,"Moncton (CMA), N.B.",2021S0503305,2021,Suitability: unsuitable housing,22.1.4,2105,,720,,1385,,0,
2021,"Moncton (CMA), N.B.",2021S0503305,2021,Percent of households in unsuitable housing,22.1.5,3.1,,1.6,,6.2,,0.0,
2021,"Moncton (CMA), N.B.",2021S0503305,2021,Affordability: unaffordable housing,22.1.6,11185,,3870,,7315,,0,
2021,"Moncton (CMA), N.B.",2021S0503305,2021,Percent of households in unaffordable housing,22.1.7,16.7,,8.7,,33.1,,0.0,
2021,"Moncton (CMA), N.B.",2021S0503305,2021,Core housing need: in core housing need,22.1.8,4910,,1460,,3450,,0,
2021,"Moncton (CMA), N.B.",2021S0503305,2021,Percent of households in core housing need,22.1.9,7.5,,3.3,,16.0,,0.0,
2021,"Moncton (CMA), N.B.",2021S0503305,2016,Total - Housing indicators,22.2.1,61770,,42585,,19170,,15,
2021,"Moncton (CMA), N.B.",2021S0503305,2016,Adequacy: inadequate housing,22.2.2,3470,,2380,,1085,,0,
2021,"Moncton (CMA), N.B.",2021S0503305,2016,Percent of households in inadequate housing,22.2.3,5.6,,5.6,,5.7,,0.0,
2021,"Moncton (CMA), N.B.",2021S0503305,2016,Suitability: unsuitable housing,22.2.4,1395,,575,,820,,0,
2021,"Moncton (CMA), N.B.",2021S0503305,2016,Percent of households in unsuitable housing,22.2.5,2.3,,1.4,,4.3,,0.0,
2021,"Moncton (CMA), N.B.",2021S0503305,2016,Affordability: unaffordable housing,22.2.6,12425,,4820,,7605,,0,
2021,"Moncton (CMA), N.B.",2021S0503305,2016,Percent of households in unaffordable housing,22.2.7,20.2,,11.4,,40.0,,0.0,
2021,"Moncton (CMA), N.B.",2021S0503305,2016,Core housing need: in core housing need,22.2.8,5370,,1475,,3890,,0,
2021,"Moncton (CMA), N.B.",2021S0503305,2016,Percent of households in core housing need,22.2.9,8.9,,3.5,,21.4,,0.0,
2021,"Saint John (CMA), N.B.",2021S0503310,2021,Total - Housing indicators,23.1.1,55865,,38700,,17165,,0,
2021,"Saint John (CMA), N.B.",2021S0503310,2021,Adequacy: inadequate housing,23.1.2,4365,,2745,,1625,,0,
2021,"Saint John (CMA), N.B.",2021S0503310,2021,Percent of households in inadequate housing,23.1.3,7.8,,7.1,,9.5,,0.0,
2021,"Saint John (CMA), N.B.",2021S0503310,2021,Suitability: unsuitable housing,23.1.4,1595,,715,,880,,0,
2021,"Saint John (CMA), N.B.",2021S0503310,2021,Percent of households in unsuitable housing,23.1.5,2.9,,1.8,,5.1,,0.0,
2021,"Saint John (CMA), N.B.",2021S0503310,2021,Affordability: unaffordable housing,23.1.6,7955,,3350,,4610,,0,
2021,"Saint John (CMA), N.B.",2021S0503310,2021,Percent of households in unaffordable housing,23.1.7,14.3,,8.7,,27.0,,0.0,
2021,"Saint John (CMA), N.B.",2021S0503310,2021,Core housing need: in core housing need,23.1.8,3385,,1065,,2320,,0,
2021,"Saint John (CMA), N.B.",2021S0503310,2021,Percent of households in core housing need,23.1.9,6.2,,2.8,,13.8,,0.0,
2021,"Saint John (CMA), N.B.",2021S0503310,2016,Total - Housing indicators,23.2.1,52870,,37175,,15700,,0,
2021,"Saint John (CMA), N.B.",2021S0503310,2016,Adequacy: inadequate housing,23.2.2,4230,,2695,,1540,,0,
2021,"Saint John (CMA), N.B.",2021S0503310,2016,Percent of households in inadequate housing,23.2.3,8.0,,7.2,,9.8,,0.0,
2021,"Saint John (CMA), N.B.",2021S0503310,2016,Suitability: unsuitable housing,23.2.4,1205,,535,,665,,0,
2021,"Saint John (CMA), N.B.",2021S0503310,2016,Percent of households in unsuitable housing,23.2.5,2.3,,1.4,,4.2,,0.0,
2021,"Saint John (CMA), N.B.",2021S0503310,2016,Affordability: unaffordable housing,23.2.6,9910,,4270,,5635,,0,
2021,"Saint John (CMA), N.B.",2021S0503310,2016,Percent of households in unaffordable housing,23.2.7,18.8,,11.5,,36.3,,0.0,
2021,"Saint John (CMA), N.B.",2021S0503310,2016,Core housing need: in core housing need,23.2.8,4555,,1190,,3365,,0,
2021,"Saint John (CMA), N.B.",2021S0503310,2016,Percent of households in core housing need,23.2.9,8.9,,3.3,,22.5,,0.0,
2021,Quebec,2021A000224,2021,Total - Housing indicators,24.1.1,3749035,,2245605,,1497005,,6425,
2021,Quebec,2021A000224,2021,Adequacy: inadequate housing,24.1.2,236110,,125865,,108495,,1755,
2021,Quebec,2021A000224,2021,Percent of households in inadequate housing,24.1.3,6.3,,5.6,,7.2,,27.3,
2021,Quebec,2021A000224,2021,Suitability: unsuitable housing,24.1.4,142775,,41620,,99835,,1320,
2021,Quebec,2021A000224,2021,Percent of households in unsuitable housing,24.1.5,3.8,,1.9,,6.7,,20.5,
2021,Quebec,2021A000224,2021,Affordability: unaffordable housing,24.1.6,595690,,222075,,373615,,0,
2021,Quebec,2021A000224,2021,Percent of households in unaffordable housing,24.1.7,16.1,,10.0,,25.2,,0.0,
2021,Quebec,2021A000224,2021,Core housing need: in core housing need,24.1.8,218270,,45270,,172995,,0,
2021,Quebec,2021A000224,2021,Percent of households in core housing need,24.1.9,6.0,,2.1,,11.9,,0.0,
2021,Quebec,2021A000224,2016,Total - Housing indicators,24.2.1,3531660,,2163740,,1362015,,5915,
2021,Quebec,2021A000224,2016,Adequacy: inadequate housing,24.2.2,227040,,126215,,98410,,2415,
2021,Quebec,2021A000224,2016,Percent of households in inadequate housing,24.2.3,6.4,,5.8,,7.2,,40.8,
2021,Quebec,2021A000224,2016,Suitability: unsuitable housing,24.2.4,132755,,38760,,92635,,1355,
2021,Quebec,2021A000224,2016,Percent of households in unsuitable housing,24.2.5,3.8,,1.8,,6.8,,22.9,
2021,Quebec,2021A000224,2016,Affordability: unaffordable housing,24.2.6,733350,,275975,,457375,,0,
2021,Quebec,2021A000224,2016,Percent of households in unaffordable housing,24.2.7,21.0,,12.9,,33.7,,0.0,
2021,Quebec,2021A000224,2016,Core housing need: in core housing need,24.2.8,305585,,61470,,244120,,0,
2021,Quebec,2021A000224,2016,Percent of households in core housing need,24.2.9,9.0,,2.9,,18.8,,0.0,
2021,"Alma (CA), Que.",2021S0504410,2021,Total - Housing indicators,25.1.1,13815,,9175,,4640,,0,
2021,"Alma (CA), Que.",2021S0504410,2021,Adequacy: inadequate housing,25.1.2,650,,325,,325,,0,
2021,"Alma (CA), Que.",2021S0504410,2021,Percent of households in inadequate housing,25.1.3,4.7,,3.5,,7.0,,0.0,
2021,"Alma (CA), Que.",2021S0504410,2021,Suitability: unsuitable housing,25.1.4,100,,35,,65,,0,
2021,"Alma (CA), Que.",2021S0504410,2021,Percent of households in unsuitable housing,25.1.5,0.7,,0.4,,1.4,,0.0,
2021,"Alma (CA), Que.",2021S0504410,2021,Affordability: unaffordable housing,25.1.6,1460,,675,,790,,0,
2021,"Alma (CA), Que.",2021S0504410,2021,Percent of households in unaffordable housing,25.1.7,10.6,,7.4,,17.1,,0.0,
2021,"Alma (CA), Que.",2021S0504410,2021,Core housing need: in core housing need,25.1.8,420,,75,,345,,0,
2021,"Alma (CA), Que.",2021S0504410,2021,Percent of households in core housing need,25.1.9,3.1,,0.8,,7.5,,0.0,
2021,"Alma (CA), Que.",2021S0504410,2016,Total - Housing indicators,25.2.1,13655,,9220,,4435,,0,
2021,"Alma (CA), Que.",2021S0504410,2016,Adequacy: inadequate housing,25.2.2,660,,360,,300,,0,
2021,"Alma (CA), Que.",2021S0504410,2016,Percent of households in inadequate housing,25.2.3,4.8,,3.9,,6.8,,0.0,
2021,"Alma (CA), Que.",2021S0504410,2016,Suitability: unsuitable housing,25.2.4,110,,35,,80,,0,
2021,"Alma (CA), Que.",2021S0504410,2016,Percent of households in unsuitable housing,25.2.5,0.8,,0.4,,1.8,,0.0,
2021,"Alma (CA), Que.",2021S0504410,2016,Affordability: unaffordable housing,25.2.6,2160,,855,,1310,,0,
2021,"Alma (CA), Que.",2021S0504410,2016,Percent of households in unaffordable housing,25.2.7,15.9,,9.3,,29.5,,0.0,
2021,"Alma (CA), Que.",2021S0504410,2016,Core housing need: in core housing need,25.2.8,610,,70,,540,,0,
2021,"Alma (CA), Que.",2021S0504410,2016,Percent of households in core housing need,25.2.9,4.5,,0.8,,12.3,,0.0,
2021,"Amos (CA), Que.",2021S0504481,2021,Total - Housing indicators,26.1.1,8215,,5440,,2635,,145,
2021,"Amos (CA), Que.",2021S0504481,2021,Adequacy: inadequate housing,26.1.2,640,,380,,225,,35,
2021,"Amos (CA), Que.",2021S0504481,2021,Percent of households in inadequate housing,26.1.3,7.8,,7.0,,8.5,,24.1,
2021,"Amos (CA), Que.",2021S0504481,2021,Suitability: unsuitable housing,26.1.4,150,,50,,85,,25,
2021,"Amos (CA), Que.",2021S0504481,2021,Percent of households in unsuitable housing,26.1.5,1.8,,0.9,,3.2,,17.2,
2021,"Amos (CA), Que.",2021S0504481,2021,Affordability: unaffordable housing,26.1.6,830,,260,,575,,0,
2021,"Amos (CA), Que.",2021S0504481,2021,Percent of households in unaffordable housing,26.1.7,10.4,,4.8,,22.0,,0.0,
2021,"Amos (CA), Que.",2021S0504481,2021,Core housing need: in core housing need,26.1.8,215,,30,,180,,0,
2021,"Amos (CA), Que.",2021S0504481,2021,Percent of households in core housing need,26.1.9,2.7,,0.6,,7.0,,0.0,
2021,"Amos (CA), Que.",2021S0504481,2016,Total - Housing indicators,26.2.1,7970,,5345,,2510,,115,
2021,"Amos (CA), Que.",2021S0504481,2016,Adequacy: inadequate housing,26.2.2,675,,395,,245,,35,
2021,"Amos (CA), Que.",2021S0504481,2016,Percent of households in inadequate housing,26.2.3,8.5,,7.4,,9.8,,30.4,
2021,"Amos (CA), Que.",2021S0504481,2016,Suitability: unsuitable housing,26.2.4,105,,50,,45,,10,
2021,"Amos (CA), Que.",2021S0504481,2016,Percent of households in unsuitable housing,26.2.5,1.3,,0.9,,1.8,,8.7,
2021,"Amos (CA), Que.",2021S0504481,2016,Affordability: unaffordable housing,26.2.6,1085,,415,,675,,0,
2021,"Amos (CA), Que.",2021S0504481,2016,Percent of households in unaffordable housing,26.2.7,14.0,,7.9,,27.1,,0.0,
2021,"Amos (CA), Que.",2021S0504481,2016,Core housing need: in core housing need,26.2.8,380,,70,,305,,0,
2021,"Amos (CA), Que.",2021S0504481,2016,Percent of households in core housing need,26.2.9,5.0,,1.3,,12.5,,0.0,
2021,"Baie-Comeau (CA), Que.",2021S0504406,2021,Total - Housing indicators,27.1.1,12360,,8960,,3395,,0,
2021,"Baie-Comeau (CA), Que.",2021S0504406,2021,Adequacy: inadequate housing,27.1.2,780,,545,,240,,0,
2021,"Baie-Comeau (CA), Que.",2021S0504406,2021,Percent of households in inadequate housing,27.1.3,6.3,,6.1,,7.1,,0.0,
2021,"Baie-Comeau (CA), Que.",2021S0504406,2021,Suitability: unsuitable housing,27.1.4,100,,60,,40,,0,
2021,"Baie-Comeau (CA), Que.",2021S0504406,2021,Percent of households in unsuitable housing,27.1.5,0.8,,0.7,,1.2,,0.0,
2021,"Baie-Comeau (CA), Que.",2021S0504406,2021,Affordability: unaffordable housing,27.1.6,980,,430,,550,,0,
2021,"Baie-Comeau (CA), Que.",2021S0504406,2021,Percent of households in unaffordable housing,27.1.7,7.9,,4.8,,16.2,,0.0,
2021,"Baie-Comeau (CA), Que.",2021S0504406,2021,Core housing need: in core housing need,27.1.8,265,,65,,195,,0,
2021,"Baie-Comeau (CA), Que.",2021S0504406,2021,Percent of households in core housing need,27.1.9,2.2,,0.7,,5.8,,0.0,
2021,"Baie-Comeau (CA), Que.",2021S0504406,2016,Total - Housing indicators,27.2.1,12365,,9110,,3255,,0,
2021,"Baie-Comeau (CA), Que.",2021S0504406,2016,Adequacy: inadequate housing,27.2.2,800,,600,,200,,0,
2021,"Baie-Comeau (CA), Que.",2021S0504406,2016,Percent of households in inadequate housing,27.2.3,6.5,,6.6,,6.1,,0.0,
2021,"Baie-Comeau (CA), Que.",2021S0504406,2016,Suitability: unsuitable housing,27.2.4,185,,100,,85,,0,
2021,"Baie-Comeau (CA), Que.",2021S0504406,2016,Percent of households in unsuitable housing,27.2.5,1.5,,1.1,,2.6,,0.0,
2021,"Baie-Comeau (CA), Que.",2021S0504406,2016,Affordability: unaffordable housing,27.2.6,1485,,655,,835,,0,
2021,"Baie-Comeau (CA), Que.",2021S0504406,2016,Percent of households in unaffordable housing,27.2.7,12.0,,7.2,,25.7,,0.0,
2021,"Baie-Comeau (CA), Que.",2021S0504406,2016,Core housing need: in core housing need,27.2.8,450,,100,,350,,0,
2021,"Baie-Comeau (CA), Que.",2021S0504406,2016,Percent of households in core housing need,27.2.9,3.7,,1.1,,11.0,,0.0,
2021,"Cowansville (CA), Que.",2021S0504437,2021,Total - Housing indicators,28.1.1,6980,,3480,,3495,,0,
2021,"Cowansville (CA), Que.",2021S0504437,2021,Adequacy: inadequate housing,28.1.2,380,,180,,195,,0,
2021,"Cowansville (CA), Que.",2021S0504437,2021,Percent of households in inadequate housing,28.1.3,5.4,,5.2,,5.6,,0.0,
2021,"Cowansville (CA), Que.",2021S0504437,2021,Suitability: unsuitable housing,28.1.4,95,,15,,75,,0,
2021,"Cowansville (CA), Que.",2021S0504437,2021,Percent of households in unsuitable housing,28.1.5,1.4,,0.4,,2.1,,0.0,
2021,"Cowansville (CA), Que.",2021S0504437,2021,Affordability: unaffordable housing,28.1.6,1210,,320,,895,,0,
2021,"Cowansville (CA), Que.",2021S0504437,2021,Percent of households in unaffordable housing,28.1.7,17.4,,9.2,,25.6,,0.0,
2021,"Cowansville (CA), Que.",2021S0504437,2021,Core housing need: in core housing need,28.1.8,250,,25,,225,,0,
2021,"Cowansville (CA), Que.",2021S0504437,2021,Percent of households in core housing need,28.1.9,3.6,,0.7,,6.6,,0.0,
2021,"Cowansville (CA), Que.",2021S0504437,2016,Total - Housing indicators,28.2.1,5990,,3125,,2865,,0,
2021,"Cowansville (CA), Que.",2021S0504437,2016,Adequacy: inadequate housing,28.2.2,350,,130,,215,,0,
2021,"Cowansville (CA), Que.",2021S0504437,2016,Percent of households in inadequate housing,28.2.3,5.8,,4.2,,7.5,,0.0,
2021,"Cowansville (CA), Que.",2021S0504437,2016,Suitability: unsuitable housing,28.2.4,140,,45,,95,,0,
2021,"Cowansville (CA), Que.",2021S0504437,2016,Percent of households in unsuitable housing,28.2.5,2.3,,1.4,,3.3,,0.0,
2021,"Cowansville (CA), Que.",2021S0504437,2016,Affordability: unaffordable housing,28.2.6,1240,,385,,855,,0,
2021,"Cowansville (CA), Que.",2021S0504437,2016,Percent of households in unaffordable housing,28.2.7,20.7,,12.3,,29.8,,0.0,
2021,"Cowansville (CA), Que.",2021S0504437,2016,Core housing need: in core housing need,28.2.8,420,,45,,370,,0,
2021,"Cowansville (CA), Que.",2021S0504437,2016,Percent of households in core housing need,28.2.9,7.1,,1.5,,13.2,,0.0,
2021,"Dolbeau-Mistassini (CA), Que.",2021S0504411,2021,Total - Housing indicators,29.1.1,6960,,4785,,2175,,0,
2021,"Dolbeau-Mistassini (CA), Que.",2021S0504411,2021,Adequacy: inadequate housing,29.1.2,330,,160,,175,,0,
2021,"Dolbeau-Mistassini (CA), Que.",2021S0504411,2021,Percent of households in inadequate housing,29.1.3,4.7,,3.3,,8.0,,0.0,
2021,"Dolbeau-Mistassini (CA), Que.",2021S0504411,2021,Suitability: unsuitable housing,29.1.4,60,,25,,40,,0,
2021,"Dolbeau-Mistassini (CA), Que.",2021S0504411,2021,Percent of households in unsuitable housing,29.1.5,0.9,,0.5,,1.8,,0.0,
2021,"Dolbeau-Mistassini (CA), Que.",2021S0504411,2021,Affordability: unaffordable housing,29.1.6,590,,270,,315,,0,
2021,"Dolbeau-Mistassini (CA), Que.",2021S0504411,2021,Percent of households in unaffordable housing,29.1.7,8.5,,5.7,,14.6,,0.0,
2021,"Dolbeau-Mistassini (CA), Que.",2021S0504411,2021,Core housing need: in core housing need,29.1.8,160,,30,,130,,0,
2021,"Dolbeau-Mistassini (CA), Que.",2021S0504411,2021,Percent of households in core housing need,29.1.9,2.3,,0.6,,6.0,,0.0,
2021,"Dolbeau-Mistassini (CA), Que.",2021S0504411,2016,Total - Housing indicators,29.2.1,6895,,4735,,2165,,0,
2021,"Dolbeau-Mistassini (CA), Que.",2021S0504411,2016,Adequacy: inadequate housing,29.2.2,310,,225,,90,,0,
2021,"Dolbeau-Mistassini (CA), Que.",2021S0504411,2016,Percent of households in inadequate housing,29.2.3,4.5,,4.8,,4.2,,0.0,
2021,"Dolbeau-Mistassini (CA), Que.",2021S0504411,2016,Suitability: unsuitable housing,29.2.4,85,,40,,40,,0,
2021,"Dolbeau-Mistassini (CA), Que.",2021S0504411,2016,Percent of households in unsuitable housing,29.2.5,1.2,,0.8,,1.8,,0.0,
2021,"Dolbeau-Mistassini (CA), Que.",2021S0504411,2016,Affordability: unaffordable housing,29.2.6,955,,355,,595,,0,
2021,"Dolbeau-Mistassini (CA), Que.",2021S0504411,2016,Percent of households in unaffordable housing,29.2.7,13.9,,7.6,,27.5,,0.0,
2021,"Dolbeau-Mistassini (CA), Que.",2021S0504411,2016,Core housing need: in core housing need,29.2.8,195,,40,,150,,0,
2021,"Dolbeau-Mistassini (CA), Que.",2021S0504411,2016,Percent of households in core housing need,29.2.9,2.9,,0.9,,7.0,,0.0,
2021,"Drummondville (CMA), Que.",2021S0503447,2021,Total - Housing indicators,30.1.1,45695,,26805,,18890,,0,
2021,"Drummondville (CMA), Que.",2021S0503447,2021,Adequacy: inadequate housing,30.1.2,1985,,1065,,915,,0,
2021,"Drummondville (CMA), Que.",2021S0503447,2021,Percent of households in inadequate housing,30.1.3,4.3,,4.0,,4.8,,0.0,
2021,"Drummondville (CMA), Que.",2021S0503447,2021,Suitability: unsuitable housing,30.1.4,795,,260,,540,,0,
2021,"Drummondville (CMA), Que.",2021S0503447,2021,Percent of households in unsuitable housing,30.1.5,1.7,,1.0,,2.9,,0.0,
2021,"Drummondville (CMA), Que.",2021S0503447,2021,Affordability: unaffordable housing,30.1.6,5925,,2000,,3925,,0,
2021,"Drummondville (CMA), Que.",2021S0503447,2021,Percent of households in unaffordable housing,30.1.7,13.1,,7.5,,20.9,,0.0,
2021,"Drummondville (CMA), Que.",2021S0503447,2021,Core housing need: in core housing need,30.1.8,1610,,290,,1320,,0,
2021,"Drummondville (CMA), Que.",2021S0503447,2021,Percent of households in core housing need,30.1.9,3.6,,1.1,,7.1,,0.0,
2021,"Drummondville (CMA), Que.",2021S0503447,2016,Total - Housing indicators,30.2.1,42675,,25615,,17065,,0,
2021,"Drummondville (CMA), Que.",2021S0503447,2016,Adequacy: inadequate housing,30.2.2,1975,,1120,,850,,0,
2021,"Drummondville (CMA), Que.",2021S0503447,2016,Percent of households in inadequate housing,30.2.3,4.6,,4.4,,5.0,,0.0,
2021,"Drummondville (CMA), Que.",2021S0503447,2016,Suitability: unsuitable housing,30.2.4,760,,290,,465,,0,
2021,"Drummondville (CMA), Que.",2021S0503447,2016,Percent of households in unsuitable housing,30.2.5,1.8,,1.1,,2.7,,0.0,
2021,"Drummondville (CMA), Que.",2021S0503447,2016,Affordability: unaffordable housing,30.2.6,7670,,2435,,5235,,0,
2021,"Drummondville (CMA), Que.",2021S0503447,2016,Percent of households in unaffordable housing,30.2.7,18.1,,9.6,,30.8,,0.0,
2021,"Drummondville (CMA), Que.",2021S0503447,2016,Core housing need: in core housing need,30.2.8,2865,,370,,2490,,0,
2021,"Drummondville (CMA), Que.",2021S0503447,2016,Percent of households in core housing need,30.2.9,6.9,,1.5,,15.0,,0.0,
2021,"Granby (CA), Que.",2021S0504450,2021,Total - Housing indicators,31.1.1,41095,,24645,,16445,,0,
2021,"Granby (CA), Que.",2021S0504450,2021,Adequacy: inadequate housing,31.1.2,1880,,1100,,775,,0,
2021,"Granby (CA), Que.",2021S0504450,2021,Percent of households in inadequate housing,31.1.3,4.6,,4.5,,4.7,,0.0,
2021,"Granby (CA), Que.",2021S0504450,2021,Suitability: unsuitable housing,31.1.4,850,,295,,555,,0,
2021,"Granby (CA), Que.",2021S0504450,2021,Percent of households in unsuitable housing,31.1.5,2.1,,1.2,,3.4,,0.0,
2021,"Granby (CA), Que.",2021S0504450,2021,Affordability: unaffordable housing,31.1.6,5825,,1995,,3825,,0,
2021,"Granby (CA), Que.",2021S0504450,2021,Percent of households in unaffordable housing,31.1.7,14.3,,8.2,,23.4,,0.0,
2021,"Granby (CA), Que.",2021S0504450,2021,Core housing need: in core housing need,31.1.8,1360,,210,,1150,,0,
2021,"Granby (CA), Que.",2021S0504450,2021,Percent of households in core housing need,31.1.9,3.4,,0.9,,7.1,,0.0,
2021,"Granby (CA), Que.",2021S0504450,2016,Total - Housing indicators,31.2.1,37775,,22615,,15160,,0,
2021,"Granby (CA), Que.",2021S0504450,2016,Adequacy: inadequate housing,31.2.2,1630,,970,,655,,0,
2021,"Granby (CA), Que.",2021S0504450,2016,Percent of households in inadequate housing,31.2.3,4.3,,4.3,,4.3,,0.0,
2021,"Granby (CA), Que.",2021S0504450,2016,Suitability: unsuitable housing,31.2.4,875,,310,,565,,0,
2021,"Granby (CA), Que.",2021S0504450,2016,Percent of households in unsuitable housing,31.2.5,2.3,,1.4,,3.7,,0.0,
2021,"Granby (CA), Que.",2021S0504450,2016,Affordability: unaffordable housing,31.2.6,7745,,2560,,5190,,0,
2021,"Granby (CA), Que.",2021S0504450,2016,Percent of households in unaffordable housing,31.2.7,20.7,,11.5,,34.4,,0.0,
2021,"Granby (CA), Que.",2021S0504450,2016,Core housing need: in core housing need,31.2.8,2310,,355,,1955,,0,
2021,"Granby (CA), Que.",2021S0504450,2016,Percent of households in core housing need,31.2.9,6.3,,1.6,,13.2,,0.0,
2021,"Joliette (CA), Que.",2021S0504456,2021,Total - Housing indicators,32.1.1,24565,,12395,,12165,,0,
2021,"Joliette (CA), Que.",2021S0504456,2021,Adequacy: inadequate housing,32.1.2,1150,,420,,725,,0,
2021,"Joliette (CA), Que.",2021S0504456,2021,Percent of households in inadequate housing,32.1.3,4.7,,3.4,,6.0,,0.0,
2021,"Joliette (CA), Que.",2021S0504456,2021,Suitability: unsuitable housing,32.1.4,635,,160,,470,,0,
2021,"Joliette (CA), Que.",2021S0504456,2021,Percent of households in unsuitable housing,32.1.5,2.6,,1.3,,3.9,,0.0,
2021,"Joliette (CA), Que.",2021S0504456,2021,Affordability: unaffordable housing,32.1.6,4370,,970,,3395,,0,
2021,"Joliette (CA), Que.",2021S0504456,2021,Percent of households in unaffordable housing,32.1.7,17.8,,7.8,,27.9,,0.0,
2021,"Joliette (CA), Que.",2021S0504456,2021,Core housing need: in core housing need,32.1.8,1390,,120,,1265,,0,
2021,"Joliette (CA), Que.",2021S0504456,2021,Percent of households in core housing need,32.1.9,5.7,,1.0,,10.6,,0.0,
2021,"Joliette (CA), Que.",2021S0504456,2016,Total - Housing indicators,32.2.1,22475,,12280,,10200,,0,
2021,"Joliette (CA), Que.",2021S0504456,2016,Adequacy: inadequate housing,32.2.2,1010,,475,,535,,0,
2021,"Joliette (CA), Que.",2021S0504456,2016,Percent of households in inadequate housing,32.2.3,4.5,,3.9,,5.2,,0.0,
2021,"Joliette (CA), Que.",2021S0504456,2016,Suitability: unsuitable housing,32.2.4,545,,140,,405,,0,
2021,"Joliette (CA), Que.",2021S0504456,2016,Percent of households in unsuitable housing,32.2.5,2.4,,1.1,,4.0,,0.0,
2021,"Joliette (CA), Que.",2021S0504456,2016,Affordability: unaffordable housing,32.2.6,5170,,1240,,3935,,0,
2021,"Joliette (CA), Que.",2021S0504456,2016,Percent of households in unaffordable housing,32.2.7,23.0,,10.1,,38.6,,0.0,
2021,"Joliette (CA), Que.",2021S0504456,2016,Core housing need: in core housing need,32.2.8,2495,,225,,2265,,0,
2021,"Joliette (CA), Que.",2021S0504456,2016,Percent of households in core housing need,32.2.9,11.3,,1.9,,22.8,,0.0,
2021,"Lachute (CA), Que.",2021S0504468,2021,Total - Housing indicators,33.1.1,6535,,3350,,3180,,0,
2021,"Lachute (CA), Que.",2021S0504468,2021,Adequacy: inadequate housing,33.1.2,460,,230,,225,,0,
2021,"Lachute (CA), Que.",2021S0504468,2021,Percent of households in inadequate housing,33.1.3,7.0,,6.9,,7.1,,0.0,
2021,"Lachute (CA), Que.",2021S0504468,2021,Suitability: unsuitable housing,33.1.4,215,,55,,160,,0,
2021,"Lachute (CA), Que.",2021S0504468,2021,Percent of households in unsuitable housing,33.1.5,3.3,,1.6,,5.0,,0.0,
2021,"Lachute (CA), Que.",2021S0504468,2021,Affordability: unaffordable housing,33.1.6,1150,,345,,805,,0,
2021,"Lachute (CA), Que.",2021S0504468,2021,Percent of households in unaffordable housing,33.1.7,17.7,,10.4,,25.4,,0.0,
2021,"Lachute (CA), Que.",2021S0504468,2021,Core housing need: in core housing need,33.1.8,380,,45,,330,,0,
2021,"Lachute (CA), Que.",2021S0504468,2021,Percent of households in core housing need,33.1.9,5.9,,1.4,,10.5,,0.0,
2021,"Lachute (CA), Que.",2021S0504468,2016,Total - Housing indicators,33.2.1,5985,,3105,,2880,,0,
2021,"Lachute (CA), Que.",2021S0504468,2016,Adequacy: inadequate housing,33.2.2,440,,210,,230,,0,
2021,"Lachute (CA), Que.",2021S0504468,2016,Percent of households in inadequate housing,33.2.3,7.4,,6.8,,8.0,,0.0,
2021,"Lachute (CA), Que.",2021S0504468,2016,Suitability: unsuitable housing,33.2.4,225,,55,,170,,0,
2021,"Lachute (CA), Que.",2021S0504468,2016,Percent of households in unsuitable housing,33.2.5,3.8,,1.8,,5.9,,0.0,
2021,"Lachute (CA), Que.",2021S0504468,2016,Affordability: unaffordable housing,33.2.6,1565,,455,,1110,,0,
2021,"Lachute (CA), Que.",2021S0504468,2016,Percent of households in unaffordable housing,33.2.7,26.2,,14.7,,38.5,,0.0,
2021,"Lachute (CA), Que.",2021S0504468,2016,Core housing need: in core housing need,33.2.8,635,,120,,520,,0,
2021,"Lachute (CA), Que.",2021S0504468,2016,Percent of households in core housing need,33.2.9,10.8,,3.9,,18.6,,0.0,
2021,"Matane (CA), Que.",2021S0504403,2021,Total - Housing indicators,34.1.1,9185,,6075,,3105,,0,
2021,"Matane (CA), Que.",2021S0504403,2021,Adequacy: inadequate housing,34.1.2,685,,480,,205,,0,
2021,"Matane (CA), Que.",2021S0504403,2021,Percent of households in inadequate housing,34.1.3,7.5,,7.9,,6.6,,0.0,
2021,"Matane (CA), Que.",2021S0504403,2021,Suitability: unsuitable housing,34.1.4,90,,55,,40,,0,
2021,"Matane (CA), Que.",2021S0504403,2021,Percent of households in unsuitable housing,34.1.5,1.0,,0.9,,1.3,,0.0,
2021,"Matane (CA), Que.",2021S0504403,2021,Affordability: unaffordable housing,34.1.6,1015,,370,,645,,0,
2021,"Matane (CA), Que.",2021S0504403,2021,Percent of households in unaffordable housing,34.1.7,11.1,,6.1,,20.9,,0.0,
2021,"Matane (CA), Que.",2021S0504403,2021,Core housing need: in core housing need,34.1.8,245,,45,,205,,0,
2021,"Matane (CA), Que.",2021S0504403,2021,Percent of households in core housing need,34.1.9,2.7,,0.7,,6.8,,0.0,
2021,"Matane (CA), Que.",2021S0504403,2016,Total - Housing indicators,34.2.1,9020,,6235,,2785,,0,
2021,"Matane (CA), Que.",2021S0504403,2016,Adequacy: inadequate housing,34.2.2,675,,515,,165,,0,
2021,"Matane (CA), Que.",2021S0504403,2016,Percent of households in inadequate housing,34.2.3,7.5,,8.3,,5.9,,0.0,
2021,"Matane (CA), Que.",2021S0504403,2016,Suitability: unsuitable housing,34.2.4,95,,45,,50,,0,
2021,"Matane (CA), Que.",2021S0504403,2016,Percent of households in unsuitable housing,34.2.5,1.1,,0.7,,1.8,,0.0,
2021,"Matane (CA), Que.",2021S0504403,2016,Affordability: unaffordable housing,34.2.6,1420,,565,,855,,0,
2021,"Matane (CA), Que.",2021S0504403,2016,Percent of households in unaffordable housing,34.2.7,15.9,,9.2,,30.8,,0.0,
2021,"Matane (CA), Que.",2021S0504403,2016,Core housing need: in core housing need,34.2.8,475,,90,,385,,0,
2021,"Matane (CA), Que.",2021S0504403,2016,Percent of households in core housing need,34.2.9,5.4,,1.5,,14.1,,0.0,
2021,"Montréal (CMA), Que.",2021S0503462,2021,Total - Housing indicators,35.1.1,1835710,,998235,,837475,,0,
2021,"Montréal (CMA), Que.",2021S0503462,2021,Adequacy: inadequate housing,35.1.2,122850,,55315,,67540,,0,
2021,"Montréal (CMA), Que.",2021S0503462,2021,Percent of households in inadequate housing,35.1.3,6.7,,5.5,,8.1,,0.0,
2021,"Montréal (CMA), Que.",2021S0503462,2021,Suitability: unsuitable housing,35.1.4,105395,,27550,,77850,,0,
2021,"Montréal (CMA), Que.",2021S0503462,2021,Percent of households in unsuitable housing,35.1.5,5.7,,2.8,,9.3,,0.0,
2021,"Montréal (CMA), Que.",2021S0503462,2021,Affordability: unaffordable housing,35.1.6,357915,,126355,,231560,,0,
2021,"Montréal (CMA), Que.",2021S0503462,2021,Percent of households in unaffordable housing,35.1.7,19.6,,12.7,,27.9,,0.0,
2021,"Montréal (CMA), Que.",2021S0503462,2021,Core housing need: in core housing need,35.1.8,141755,,24070,,117685,,0,
2021,"Montréal (CMA), Que.",2021S0503462,2021,Percent of households in core housing need,35.1.9,7.9,,2.4,,14.6,,0.0,
2021,"Montréal (CMA), Que.",2021S0503462,2016,Total - Housing indicators,35.2.1,1729340,,963170,,766170,,0,
2021,"Montréal (CMA), Que.",2021S0503462,2016,Adequacy: inadequate housing,35.2.2,111710,,51255,,60455,,0,
2021,"Montréal (CMA), Que.",2021S0503462,2016,Percent of households in inadequate housing,35.2.3,6.5,,5.3,,7.9,,0.0,
2021,"Montréal (CMA), Que.",2021S0503462,2016,Suitability: unsuitable housing,35.2.4,97650,,25510,,72140,,0,
2021,"Montréal (CMA), Que.",2021S0503462,2016,Percent of households in unsuitable housing,35.2.5,5.6,,2.6,,9.4,,0.0,
2021,"Montréal (CMA), Que.",2021S0503462,2016,Affordability: unaffordable housing,35.2.6,423805,,148905,,274895,,0,
2021,"Montréal (CMA), Que.",2021S0503462,2016,Percent of households in unaffordable housing,35.2.7,24.6,,15.5,,35.9,,0.0,
2021,"Montréal (CMA), Que.",2021S0503462,2016,Core housing need: in core housing need,35.2.8,182470,,28655,,153815,,0,
2021,"Montréal (CMA), Que.",2021S0503462,2016,Percent of households in core housing need,35.2.9,10.9,,3.0,,21.3,,0.0,
2021,"Québec (CMA), Que.",2021S0503421,2021,Total - Housing indicators,36.1.1,387955,,226075,,161805,,80,
2021,"Québec (CMA), Que.",2021S0503421,2021,Adequacy: inadequate housing,36.1.2,18515,,10190,,8320,,0,
2021,"Québec (CMA), Que.",2021S0503421,2021,Percent of households in inadequate housing,36.1.3,4.8,,4.5,,5.1,,0.0,
2021,"Québec (CMA), Que.",2021S0503421,2021,Suitability: unsuitable housing,36.1.4,6890,,2185,,4705,,0,
2021,"Québec (CMA), Que.",2021S0503421,2021,Percent of households in unsuitable housing,36.1.5,1.8,,1.0,,2.9,,0.0,
2021,"Québec (CMA), Que.",2021S0503421,2021,Affordability: unaffordable housing,36.1.6,55215,,17450,,37765,,0,
2021,"Québec (CMA), Que.",2021S0503421,2021,Percent of households in unaffordable housing,36.1.7,14.3,,7.8,,23.5,,0.0,
2021,"Québec (CMA), Que.",2021S0503421,2021,Core housing need: in core housing need,36.1.8,17870,,3035,,14835,,0,
2021,"Québec (CMA), Que.",2021S0503421,2021,Percent of households in core housing need,36.1.9,4.7,,1.4,,9.4,,0.0,
2021,"Québec (CMA), Que.",2021S0503421,2016,Total - Housing indicators,36.2.1,364480,,219980,,144460,,40,
2021,"Québec (CMA), Que.",2021S0503421,2016,Adequacy: inadequate housing,36.2.2,17950,,10040,,7910,,0,
2021,"Québec (CMA), Que.",2021S0503421,2016,Percent of households in inadequate housing,36.2.3,4.9,,4.6,,5.5,,0.0,
2021,"Québec (CMA), Que.",2021S0503421,2016,Suitability: unsuitable housing,36.2.4,6790,,2050,,4735,,0,
2021,"Québec (CMA), Que.",2021S0503421,2016,Percent of households in unsuitable housing,36.2.5,1.9,,0.9,,3.3,,0.0,
2021,"Québec (CMA), Que.",2021S0503421,2016,Affordability: unaffordable housing,36.2.6,64410,,21095,,43315,,0,
2021,"Québec (CMA), Que.",2021S0503421,2016,Percent of households in unaffordable housing,36.2.7,17.8,,9.6,,30.1,,0.0,
2021,"Québec (CMA), Que.",2021S0503421,2016,Core housing need: in core housing need,36.2.8,25645,,4285,,21360,,0,
2021,"Québec (CMA), Que.",2021S0503421,2016,Percent of households in core housing need,36.2.9,7.2,,2.0,,15.3,,0.0,
2021,"Rimouski (CA), Que.",2021S0504404,2021,Total - Housing indicators,37.1.1,25620,,16250,,9365,,0,
2021,"Rimouski (CA), Que.",2021S0504404,2021,Adequacy: inadequate housing,37.1.2,1175,,610,,565,,0,
2021,"Rimouski (CA), Que.",2021S0504404,2021,Percent of households in inadequate housing,37.1.3,4.6,,3.8,,6.0,,0.0,
2021,"Rimouski (CA), Que.",2021S0504404,2021,Suitability: unsuitable housing,37.1.4,230,,100,,135,,0,
2021,"Rimouski (CA), Que.",2021S0504404,2021,Percent of households in unsuitable housing,37.1.5,0.9,,0.6,,1.4,,0.0,
2021,"Rimouski (CA), Que.",2021S0504404,2021,Affordability: unaffordable housing,37.1.6,3065,,1010,,2055,,0,
2021,"Rimouski (CA), Que.",2021S0504404,2021,Percent of households in unaffordable housing,37.1.7,12.0,,6.3,,22.1,,0.0,
2021,"Rimouski (CA), Que.",2021S0504404,2021,Core housing need: in core housing need,37.1.8,790,,120,,670,,0,
2021,"Rimouski (CA), Que.",2021S0504404,2021,Percent of households in core housing need,37.1.9,3.1,,0.7,,7.3,,0.0,
2021,"Rimouski (CA), Que.",2021S0504404,2016,Total - Housing indicators,37.2.1,24635,,15820,,8815,,0,
2021,"Rimouski (CA), Que.",2021S0504404,2016,Adequacy: inadequate housing,37.2.2,1280,,740,,535,,0,
2021,"Rimouski (CA), Que.",2021S0504404,2016,Percent of households in inadequate housing,37.2.3,5.2,,4.7,,6.1,,0.0,
2021,"Rimouski (CA), Que.",2021S0504404,2016,Suitability: unsuitable housing,37.2.4,305,,90,,215,,0,
2021,"Rimouski (CA), Que.",2021S0504404,2016,Percent of households in unsuitable housing,37.2.5,1.2,,0.6,,2.4,,0.0,
2021,"Rimouski (CA), Que.",2021S0504404,2016,Affordability: unaffordable housing,37.2.6,4340,,1455,,2885,,0,
2021,"Rimouski (CA), Que.",2021S0504404,2016,Percent of households in unaffordable housing,37.2.7,17.7,,9.2,,32.9,,0.0,
2021,"Rimouski (CA), Que.",2021S0504404,2016,Core housing need: in core housing need,37.2.8,1440,,265,,1175,,0,
2021,"Rimouski (CA), Que.",2021S0504404,2016,Percent of households in core housing need,37.2.9,6.0,,1.7,,13.9,,0.0,
2021,"Rivière-du-Loup (CA), Que.",2021S0504405,2021,Total - Housing indicators,38.1.1,13735,,8530,,5210,,0,
2021,"Rivière-du-Loup (CA), Que.",2021S0504405,2021,Adequacy: inadequate housing,38.1.2,700,,390,,310,,0,
2021,"Rivière-du-Loup (CA), Que.",2021S0504405,2021,Percent of households in inadequate housing,38.1.3,5.1,,4.6,,6.0,,0.0,
2021,"Rivière-du-Loup (CA), Que.",2021S0504405,2021,Suitability: unsuitable housing,38.1.4,120,,45,,75,,0,
2021,"Rivière-du-Loup (CA), Que.",2021S0504405,2021,Percent of households in unsuitable housing,38.1.5,0.9,,0.5,,1.4,,0.0,
2021,"Rivière-du-Loup (CA), Que.",2021S0504405,2021,Affordability: unaffordable housing,38.1.6,1355,,450,,910,,0,
2021,"Rivière-du-Loup (CA), Que.",2021S0504405,2021,Percent of households in unaffordable housing,38.1.7,10.0,,5.3,,17.6,,0.0,
2021,"Rivière-du-Loup (CA), Que.",2021S0504405,2021,Core housing need: in core housing need,38.1.8,305,,30,,275,,0,
2021,"Rivière-du-Loup (CA), Que.",2021S0504405,2021,Percent of households in core housing need,38.1.9,2.3,,0.4,,5.4,,0.0,
2021,"Rivière-du-Loup (CA), Que.",2021S0504405,2016,Total - Housing indicators,38.2.1,12905,,8245,,4665,,0,
2021,"Rivière-du-Loup (CA), Que.",2021S0504405,2016,Adequacy: inadequate housing,38.2.2,550,,385,,160,,0,
2021,"Rivière-du-Loup (CA), Que.",2021S0504405,2016,Percent of households in inadequate housing,38.2.3,4.3,,4.7,,3.4,,0.0,
2021,"Rivière-du-Loup (CA), Que.",2021S0504405,2016,Suitability: unsuitable housing,38.2.4,130,,25,,100,,0,
2021,"Rivière-du-Loup (CA), Que.",2021S0504405,2016,Percent of households in unsuitable housing,38.2.5,1.0,,0.3,,2.1,,0.0,
2021,"Rivière-du-Loup (CA), Que.",2021S0504405,2016,Affordability: unaffordable housing,38.2.6,1990,,690,,1300,,0,
2021,"Rivière-du-Loup (CA), Que.",2021S0504405,2016,Percent of households in unaffordable housing,38.2.7,15.5,,8.5,,28.0,,0.0,
2021,"Rivière-du-Loup (CA), Que.",2021S0504405,2016,Core housing need: in core housing need,38.2.8,505,,60,,440,,0,
2021,"Rivière-du-Loup (CA), Que.",2021S0504405,2016,Percent of households in core housing need,38.2.9,4.0,,0.7,,9.6,,0.0,
2021,"Rouyn-Noranda (CA), Que.",2021S0504485,2021,Total - Housing indicators,39.1.1,19280,,12165,,7115,,0,
2021,"Rouyn-Noranda (CA), Que.",2021S0504485,2021,Adequacy: inadequate housing,39.1.2,1325,,810,,515,,0,
2021,"Rouyn-Noranda (CA), Que.",2021S0504485,2021,Percent of households in inadequate housing,39.1.3,6.9,,6.7,,7.2,,0.0,
2021,"Rouyn-Noranda (CA), Que.",2021S0504485,2021,Suitability: unsuitable housing,39.1.4,310,,145,,165,,0,
2021,"Rouyn-Noranda (CA), Que.",2021S0504485,2021,Percent of households in unsuitable housing,39.1.5,1.6,,1.2,,2.3,,0.0,
2021,"Rouyn-Noranda (CA), Que.",2021S0504485,2021,Affordability: unaffordable housing,39.1.6,2080,,695,,1385,,0,
2021,"Rouyn-Noranda (CA), Que.",2021S0504485,2021,Percent of households in unaffordable housing,39.1.7,10.8,,5.7,,19.5,,0.0,
2021,"Rouyn-Noranda (CA), Que.",2021S0504485,2021,Core housing need: in core housing need,39.1.8,560,,75,,480,,0,
2021,"Rouyn-Noranda (CA), Que.",2021S0504485,2021,Percent of households in core housing need,39.1.9,2.9,,0.6,,6.8,,0.0,
2021,"Rouyn-Noranda (CA), Que.",2021S0504485,2016,Total - Housing indicators,39.2.1,18850,,11965,,6880,,0,
2021,"Rouyn-Noranda (CA), Que.",2021S0504485,2016,Adequacy: inadequate housing,39.2.2,1450,,880,,565,,0,
2021,"Rouyn-Noranda (CA), Que.",2021S0504485,2016,Percent of households in inadequate housing,39.2.3,7.7,,7.4,,8.2,,0.0,
2021,"Rouyn-Noranda (CA), Que.",2021S0504485,2016,Suitability: unsuitable housing,39.2.4,375,,175,,205,,0,
2021,"Rouyn-Noranda (CA), Que.",2021S0504485,2016,Percent of households in unsuitable housing,39.2.5,2.0,,1.5,,3.0,,0.0,
2021,"Rouyn-Noranda (CA), Que.",2021S0504485,2016,Affordability: unaffordable housing,39.2.6,3130,,1030,,2105,,0,
2021,"Rouyn-Noranda (CA), Que.",2021S0504485,2016,Percent of households in unaffordable housing,39.2.7,16.7,,8.7,,30.6,,0.0,
2021,"Rouyn-Noranda (CA), Que.",2021S0504485,2016,Core housing need: in core housing need,39.2.8,930,,130,,800,,0,
2021,"Rouyn-Noranda (CA), Que.",2021S0504485,2016,Percent of households in core housing need,39.2.9,5.0,,1.1,,12.0,,0.0,
2021,"Saguenay (CMA), Que.",2021S0503408,2021,Total - Housing indicators,40.1.1,74800,,47920,,26885,,0,
2021,"Saguenay (CMA), Que.",2021S0503408,2021,Adequacy: inadequate housing,40.1.2,3560,,2080,,1475,,0,
2021,"Saguenay (CMA), Que.",2021S0503408,2021,Percent of households in inadequate housing,40.1.3,4.8,,4.3,,5.5,,0.0,
2021,"Saguenay (CMA), Que.",2021S0503408,2021,Suitability: unsuitable housing,40.1.4,685,,265,,420,,0,
2021,"Saguenay (CMA), Que.",2021S0503408,2021,Percent of households in unsuitable housing,40.1.5,0.9,,0.6,,1.6,,0.0,
2021,"Saguenay (CMA), Que.",2021S0503408,2021,Affordability: unaffordable housing,40.1.6,8770,,3405,,5365,,0,
2021,"Saguenay (CMA), Que.",2021S0503408,2021,Percent of households in unaffordable housing,40.1.7,11.8,,7.1,,20.1,,0.0,
2021,"Saguenay (CMA), Que.",2021S0503408,2021,Core housing need: in core housing need,40.1.8,1875,,305,,1570,,0,
2021,"Saguenay (CMA), Que.",2021S0503408,2021,Percent of households in core housing need,40.1.9,2.5,,0.6,,6.0,,0.0,
2021,"Saguenay (CMA), Que.",2021S0503408,2016,Total - Housing indicators,40.2.1,72715,,46835,,25880,,0,
2021,"Saguenay (CMA), Que.",2021S0503408,2016,Adequacy: inadequate housing,40.2.2,3960,,2375,,1585,,0,
2021,"Saguenay (CMA), Que.",2021S0503408,2016,Percent of households in inadequate housing,40.2.3,5.4,,5.1,,6.1,,0.0,
2021,"Saguenay (CMA), Que.",2021S0503408,2016,Suitability: unsuitable housing,40.2.4,740,,265,,475,,0,
2021,"Saguenay (CMA), Que.",2021S0503408,2016,Percent of households in unsuitable housing,40.2.5,1.0,,0.6,,1.8,,0.0,
2021,"Saguenay (CMA), Que.",2021S0503408,2016,Affordability: unaffordable housing,40.2.6,12240,,4575,,7665,,0,
2021,"Saguenay (CMA), Que.",2021S0503408,2016,Percent of households in unaffordable housing,40.2.7,16.9,,9.8,,29.7,,0.0,
2021,"Saguenay (CMA), Que.",2021S0503408,2016,Core housing need: in core housing need,40.2.8,3540,,545,,2995,,0,
2021,"Saguenay (CMA), Que.",2021S0503408,2016,Percent of households in core housing need,40.2.9,5.0,,1.2,,11.9,,0.0,
2021,"Saint-Georges (CA), Que.",2021S0504428,2021,Total - Housing indicators,41.1.1,16135,,10140,,6000,,0,
2021,"Saint-Georges (CA), Que.",2021S0504428,2021,Adequacy: inadequate housing,41.1.2,540,,320,,225,,0,
2021,"Saint-Georges (CA), Que.",2021S0504428,2021,Percent of households in inadequate housing,41.1.3,3.3,,3.2,,3.8,,0.0,
2021,"Saint-Georges (CA), Que.",2021S0504428,2021,Suitability: unsuitable housing,41.1.4,220,,65,,155,,0,
2021,"Saint-Georges (CA), Que.",2021S0504428,2021,Percent of households in unsuitable housing,41.1.5,1.4,,0.6,,2.6,,0.0,
2021,"Saint-Georges (CA), Que.",2021S0504428,2021,Affordability: unaffordable housing,41.1.6,1790,,510,,1275,,0,
2021,"Saint-Georges (CA), Que.",2021S0504428,2021,Percent of households in unaffordable housing,41.1.7,11.2,,5.1,,21.3,,0.0,
2021,"Saint-Georges (CA), Que.",2021S0504428,2021,Core housing need: in core housing need,41.1.8,515,,75,,440,,0,
2021,"Saint-Georges (CA), Que.",2021S0504428,2021,Percent of households in core housing need,41.1.9,3.2,,0.7,,7.5,,0.0,
2021,"Saint-Georges (CA), Que.",2021S0504428,2016,Total - Housing indicators,41.2.1,15280,,9910,,5370,,0,
2021,"Saint-Georges (CA), Que.",2021S0504428,2016,Adequacy: inadequate housing,41.2.2,575,,360,,215,,0,
2021,"Saint-Georges (CA), Que.",2021S0504428,2016,Percent of households in inadequate housing,41.2.3,3.8,,3.6,,4.0,,0.0,
2021,"Saint-Georges (CA), Que.",2021S0504428,2016,Suitability: unsuitable housing,41.2.4,180,,115,,65,,0,
2021,"Saint-Georges (CA), Que.",2021S0504428,2016,Percent of households in unsuitable housing,41.2.5,1.2,,1.2,,1.2,,0.0,
2021,"Saint-Georges (CA), Que.",2021S0504428,2016,Affordability: unaffordable housing,41.2.6,2645,,895,,1755,,0,
2021,"Saint-Georges (CA), Que.",2021S0504428,2016,Percent of households in unaffordable housing,41.2.7,17.4,,9.1,,32.7,,0.0,
2021,"Saint-Georges (CA), Que.",2021S0504428,2016,Core housing need: in core housing need,41.2.8,840,,130,,705,,0,
2021,"Saint-Georges (CA), Que.",2021S0504428,2016,Percent of households in core housing need,41.2.9,5.6,,1.3,,13.6,,0.0,
2021,"Saint-Hyacinthe (CA), Que.",2021S0504452,2021,Total - Housing indicators,42.1.1,27960,,13900,,14055,,0,
2021,"Saint-Hyacinthe (CA), Que.",2021S0504452,2021,Adequacy: inadequate housing,42.1.2,1295,,590,,705,,0,
2021,"Saint-Hyacinthe (CA), Que.",2021S0504452,2021,Percent of households in inadequate housing,42.1.3,4.6,,4.2,,5.0,,0.0,
2021,"Saint-Hyacinthe (CA), Que.",2021S0504452,2021,Suitability: unsuitable housing,42.1.4,730,,135,,595,,0,
2021,"Saint-Hyacinthe (CA), Que.",2021S0504452,2021,Percent of households in unsuitable housing,42.1.5,2.6,,1.0,,4.2,,0.0,
2021,"Saint-Hyacinthe (CA), Que.",2021S0504452,2021,Affordability: unaffordable housing,42.1.6,4410,,1150,,3265,,0,
2021,"Saint-Hyacinthe (CA), Que.",2021S0504452,2021,Percent of households in unaffordable housing,42.1.7,15.9,,8.3,,23.4,,0.0,
2021,"Saint-Hyacinthe (CA), Que.",2021S0504452,2021,Core housing need: in core housing need,42.1.8,1725,,180,,1545,,0,
2021,"Saint-Hyacinthe (CA), Que.",2021S0504452,2021,Percent of households in core housing need,42.1.9,6.3,,1.3,,11.2,,0.0,
2021,"Saint-Hyacinthe (CA), Que.",2021S0504452,2016,Total - Housing indicators,42.2.1,26470,,13760,,12710,,0,
2021,"Saint-Hyacinthe (CA), Que.",2021S0504452,2016,Adequacy: inadequate housing,42.2.2,1315,,655,,655,,0,
2021,"Saint-Hyacinthe (CA), Que.",2021S0504452,2016,Percent of households in inadequate housing,42.2.3,5.0,,4.8,,5.2,,0.0,
2021,"Saint-Hyacinthe (CA), Que.",2021S0504452,2016,Suitability: unsuitable housing,42.2.4,635,,140,,495,,0,
2021,"Saint-Hyacinthe (CA), Que.",2021S0504452,2016,Percent of households in unsuitable housing,42.2.5,2.4,,1.0,,3.9,,0.0,
2021,"Saint-Hyacinthe (CA), Que.",2021S0504452,2016,Affordability: unaffordable housing,42.2.6,5515,,1525,,3990,,0,
2021,"Saint-Hyacinthe (CA), Que.",2021S0504452,2016,Percent of households in unaffordable housing,42.2.7,21.0,,11.2,,31.5,,0.0,
2021,"Saint-Hyacinthe (CA), Que.",2021S0504452,2016,Core housing need: in core housing need,42.2.8,2015,,185,,1835,,0,
2021,"Saint-Hyacinthe (CA), Que.",2021S0504452,2016,Percent of households in core housing need,42.2.9,7.8,,1.4,,14.8,,0.0,
2021,"Sainte-Agathe-des-Monts (CA), Que.",2021S0504467,2021,Total - Housing indicators,43.1.1,9670,,6365,,3305,,0,
2021,"Sainte-Agathe-des-Monts (CA), Que.",2021S0504467,2021,Adequacy: inadequate housing,43.1.2,645,,410,,235,,0,
2021,"Sainte-Agathe-des-Monts (CA), Que.",2021S0504467,2021,Percent of households in inadequate housing,43.1.3,6.7,,6.4,,7.1,,0.0,
2021,"Sainte-Agathe-des-Monts (CA), Que.",2021S0504467,2021,Suitability: unsuitable housing,43.1.4,255,,150,,100,,0,
2021,"Sainte-Agathe-des-Monts (CA), Que.",2021S0504467,2021,Percent of households in unsuitable housing,43.1.5,2.6,,2.4,,3.0,,0.0,
2021,"Sainte-Agathe-des-Monts (CA), Que.",2021S0504467,2021,Affordability: unaffordable housing,43.1.6,1995,,885,,1110,,0,
2021,"Sainte-Agathe-des-Monts (CA), Que.",2021S0504467,2021,Percent of households in unaffordable housing,43.1.7,20.7,,14.0,,33.6,,0.0,
2021,"Sainte-Agathe-des-Monts (CA), Que.",2021S0504467,2021,Core housing need: in core housing need,43.1.8,490,,155,,335,,0,
2021,"Sainte-Agathe-des-Monts (CA), Que.",2021S0504467,2021,Percent of households in core housing need,43.1.9,5.2,,2.5,,10.4,,0.0,
2021,"Sainte-Agathe-des-Monts (CA), Que.",2021S0504467,2016,Total - Housing indicators,43.2.1,8645,,5940,,2705,,0,
2021,"Sainte-Agathe-des-Monts (CA), Que.",2021S0504467,2016,Adequacy: inadequate housing,43.2.2,565,,345,,220,,0,
2021,"Sainte-Agathe-des-Monts (CA), Que.",2021S0504467,2016,Percent of households in inadequate housing,43.2.3,6.5,,5.8,,8.1,,0.0,
2021,"Sainte-Agathe-des-Monts (CA), Que.",2021S0504467,2016,Suitability: unsuitable housing,43.2.4,210,,75,,130,,0,
2021,"Sainte-Agathe-des-Monts (CA), Que.",2021S0504467,2016,Percent of households in unsuitable housing,43.2.5,2.4,,1.3,,4.8,,0.0,
2021,"Sainte-Agathe-des-Monts (CA), Que.",2021S0504467,2016,Affordability: unaffordable housing,43.2.6,2375,,1185,,1190,,0,
2021,"Sainte-Agathe-des-Monts (CA), Que.",2021S0504467,2016,Percent of households in unaffordable housing,43.2.7,27.5,,20.0,,44.1,,0.0,
2021,"Sainte-Agathe-des-Monts (CA), Que.",2021S0504467,2016,Core housing need: in core housing need,43.2.8,1015,,335,,685,,0,
2021,"Sainte-Agathe-des-Monts (CA), Que.",2021S0504467,2016,Percent of households in core housing need,43.2.9,12.1,,5.8,,26.1,,0.0,
2021,"Sainte-Marie (CA), Que.",2021S0504423,2021,Total - Housing indicators,44.1.1,5500,,3875,,1625,,0,
2021,"Sainte-Marie (CA), Que.",2021S0504423,2021,Adequacy: inadequate housing,44.1.2,180,,95,,85,,0,
2021,"Sainte-Marie (CA), Que.",2021S0504423,2021,Percent of households in inadequate housing,44.1.3,3.3,,2.5,,5.2,,0.0,
2021,"Sainte-Marie (CA), Que.",2021S0504423,2021,Suitability: unsuitable housing,44.1.4,75,,40,,40,,0,
2021,"Sainte-Marie (CA), Que.",2021S0504423,2021,Percent of households in unsuitable housing,44.1.5,1.4,,1.0,,2.5,,0.0,
2021,"Sainte-Marie (CA), Que.",2021S0504423,2021,Affordability: unaffordable housing,44.1.6,465,,235,,230,,0,
2021,"Sainte-Marie (CA), Que.",2021S0504423,2021,Percent of households in unaffordable housing,44.1.7,8.5,,6.1,,14.2,,0.0,
2021,"Sainte-Marie (CA), Que.",2021S0504423,2021,Core housing need: in core housing need,44.1.8,70,,30,,45,,0,
2021,"Sainte-Marie (CA), Que.",2021S0504423,2021,Percent of households in core housing need,44.1.9,1.3,,0.8,,2.8,,0.0,
2021,"Sainte-Marie (CA), Que.",2021S0504423,2016,Total - Housing indicators,44.2.1,5650,,3935,,1715,,0,
2021,"Sainte-Marie (CA), Que.",2021S0504423,2016,Adequacy: inadequate housing,44.2.2,170,,115,,55,,0,
2021,"Sainte-Marie (CA), Que.",2021S0504423,2016,Percent of households in inadequate housing,44.2.3,3.0,,2.9,,3.2,,0.0,
2021,"Sainte-Marie (CA), Que.",2021S0504423,2016,Suitability: unsuitable housing,44.2.4,65,,35,,35,,0,
2021,"Sainte-Marie (CA), Que.",2021S0504423,2016,Percent of households in unsuitable housing,44.2.5,1.2,,0.9,,2.0,,0.0,
2021,"Sainte-Marie (CA), Que.",2021S0504423,2016,Affordability: unaffordable housing,44.2.6,735,,305,,425,,0,
2021,"Sainte-Marie (CA), Que.",2021S0504423,2016,Percent of households in unaffordable housing,44.2.7,13.1,,7.9,,24.9,,0.0,
2021,"Sainte-Marie (CA), Que.",2021S0504423,2016,Core housing need: in core housing need,44.2.8,150,,0,,140,,0,
2021,"Sainte-Marie (CA), Que.",2021S0504423,2016,Percent of households in core housing need,44.2.9,2.7,,0.0,,8.3,,0.0,
2021,"Salaberry-de-Valleyfield (CA), Que.",2021S0504465,2021,Total - Housing indicators,45.1.1,20070,,11110,,8965,,0,
2021,"Salaberry-de-Valleyfield (CA), Que.",2021S0504465,2021,Adequacy: inadequate housing,45.1.2,1275,,635,,645,,0,
2021,"Salaberry-de-Valleyfield (CA), Que.",2021S0504465,2021,Percent of households in inadequate housing,45.1.3,6.4,,5.7,,7.2,,0.0,
2021,"Salaberry-de-Valleyfield (CA), Que.",2021S0504465,2021,Suitability: unsuitable housing,45.1.4,425,,145,,275,,0,
2021,"Salaberry-de-Valleyfield (CA), Que.",2021S0504465,2021,Percent of households in unsuitable housing,45.1.5,2.1,,1.3,,3.1,,0.0,
2021,"Salaberry-de-Valleyfield (CA), Que.",2021S0504465,2021,Affordability: unaffordable housing,45.1.6,3365,,1100,,2270,,0,
2021,"Salaberry-de-Valleyfield (CA), Que.",2021S0504465,2021,Percent of households in unaffordable housing,45.1.7,16.9,,10.0,,25.4,,0.0,
2021,"Salaberry-de-Valleyfield (CA), Que.",2021S0504465,2021,Core housing need: in core housing need,45.1.8,910,,80,,835,,0,
2021,"Salaberry-de-Valleyfield (CA), Que.",2021S0504465,2021,Percent of households in core housing need,45.1.9,4.6,,0.7,,9.5,,0.0,
2021,"Salaberry-de-Valleyfield (CA), Que.",2021S0504465,2016,Total - Housing indicators,45.2.1,18625,,10695,,7930,,0,
2021,"Salaberry-de-Valleyfield (CA), Que.",2021S0504465,2016,Adequacy: inadequate housing,45.2.2,1195,,535,,660,,0,
2021,"Salaberry-de-Valleyfield (CA), Que.",2021S0504465,2016,Percent of households in inadequate housing,45.2.3,6.4,,5.0,,8.3,,0.0,
2021,"Salaberry-de-Valleyfield (CA), Que.",2021S0504465,2016,Suitability: unsuitable housing,45.2.4,490,,120,,375,,0,
2021,"Salaberry-de-Valleyfield (CA), Que.",2021S0504465,2016,Percent of households in unsuitable housing,45.2.5,2.6,,1.1,,4.7,,0.0,
2021,"Salaberry-de-Valleyfield (CA), Que.",2021S0504465,2016,Affordability: unaffordable housing,45.2.6,4415,,1425,,2990,,0,
2021,"Salaberry-de-Valleyfield (CA), Que.",2021S0504465,2016,Percent of households in unaffordable housing,45.2.7,23.8,,13.4,,37.7,,0.0,
2021,"Salaberry-de-Valleyfield (CA), Que.",2021S0504465,2016,Core housing need: in core housing need,45.2.8,1995,,230,,1765,,0,
2021,"Salaberry-de-Valleyfield (CA), Que.",2021S0504465,2016,Percent of households in core housing need,45.2.9,10.9,,2.2,,22.8,,0.0,
2021,"Sept-Îles (CA), Que.",2021S0504412,2021,Total - Housing indicators,46.1.1,12290,,7835,,3915,,540,
2021,"Sept-Îles (CA), Que.",2021S0504412,2021,Adequacy: inadequate housing,46.1.2,1050,,600,,325,,125,
2021,"Sept-Îles (CA), Que.",2021S0504412,2021,Percent of households in inadequate housing,46.1.3,8.5,,7.7,,8.3,,23.1,
2021,"Sept-Îles (CA), Que.",2021S0504412,2021,Suitability: unsuitable housing,46.1.4,245,,70,,90,,85,
2021,"Sept-Îles (CA), Que.",2021S0504412,2021,Percent of households in unsuitable housing,46.1.5,2.0,,0.9,,2.3,,15.7,
2021,"Sept-Îles (CA), Que.",2021S0504412,2021,Affordability: unaffordable housing,46.1.6,1155,,390,,770,,0,
2021,"Sept-Îles (CA), Que.",2021S0504412,2021,Percent of households in unaffordable housing,46.1.7,10.3,,5.3,,20.2,,0.0,
2021,"Sept-Îles (CA), Que.",2021S0504412,2021,Core housing need: in core housing need,46.1.8,415,,90,,325,,0,
2021,"Sept-Îles (CA), Que.",2021S0504412,2021,Percent of households in core housing need,46.1.9,3.7,,1.2,,8.6,,0.0,
2021,"Sept-Îles (CA), Que.",2021S0504412,2016,Total - Housing indicators,46.2.1,12275,,8075,,3825,,370,
2021,"Sept-Îles (CA), Que.",2021S0504412,2016,Adequacy: inadequate housing,46.2.2,1230,,750,,325,,160,
2021,"Sept-Îles (CA), Que.",2021S0504412,2016,Percent of households in inadequate housing,46.2.3,10.0,,9.3,,8.5,,43.2,
2021,"Sept-Îles (CA), Que.",2021S0504412,2016,Suitability: unsuitable housing,46.2.4,320,,150,,120,,50,
2021,"Sept-Îles (CA), Que.",2021S0504412,2016,Percent of households in unsuitable housing,46.2.5,2.6,,1.9,,3.1,,13.5,
2021,"Sept-Îles (CA), Que.",2021S0504412,2016,Affordability: unaffordable housing,46.2.6,1525,,530,,995,,0,
2021,"Sept-Îles (CA), Que.",2021S0504412,2016,Percent of households in unaffordable housing,46.2.7,13.5,,7.0,,26.5,,0.0,
2021,"Sept-Îles (CA), Que.",2021S0504412,2016,Core housing need: in core housing need,46.2.8,700,,130,,575,,0,
2021,"Sept-Îles (CA), Que.",2021S0504412,2016,Percent of households in core housing need,46.2.9,6.3,,1.7,,15.6,,0.0,
2021,"Shawinigan (CA), Que.",2021S0504444,2021,Total - Housing indicators,47.1.1,25060,,14140,,10920,,0,
2021,"Shawinigan (CA), Que.",2021S0504444,2021,Adequacy: inadequate housing,47.1.2,1470,,810,,665,,0,
2021,"Shawinigan (CA), Que.",2021S0504444,2021,Percent of households in inadequate housing,47.1.3,5.9,,5.7,,6.1,,0.0,
2021,"Shawinigan (CA), Que.",2021S0504444,2021,Suitability: unsuitable housing,47.1.4,305,,115,,195,,0,
2021,"Shawinigan (CA), Que.",2021S0504444,2021,Percent of households in unsuitable housing,47.1.5,1.2,,0.8,,1.8,,0.0,
2021,"Shawinigan (CA), Que.",2021S0504444,2021,Affordability: unaffordable housing,47.1.6,3495,,1280,,2210,,0,
2021,"Shawinigan (CA), Que.",2021S0504444,2021,Percent of households in unaffordable housing,47.1.7,14.0,,9.1,,20.3,,0.0,
2021,"Shawinigan (CA), Que.",2021S0504444,2021,Core housing need: in core housing need,47.1.8,695,,50,,650,,0,
2021,"Shawinigan (CA), Que.",2021S0504444,2021,Percent of households in core housing need,47.1.9,2.8,,0.4,,6.0,,0.0,
2021,"Shawinigan (CA), Que.",2021S0504444,2016,Total - Housing indicators,47.2.1,24410,,13870,,10545,,0,
2021,"Shawinigan (CA), Que.",2021S0504444,2016,Adequacy: inadequate housing,47.2.2,1505,,865,,640,,0,
2021,"Shawinigan (CA), Que.",2021S0504444,2016,Percent of households in inadequate housing,47.2.3,6.2,,6.2,,6.1,,0.0,
2021,"Shawinigan (CA), Que.",2021S0504444,2016,Suitability: unsuitable housing,47.2.4,250,,80,,170,,0,
2021,"Shawinigan (CA), Que.",2021S0504444,2016,Percent of households in unsuitable housing,47.2.5,1.0,,0.6,,1.6,,0.0,
2021,"Shawinigan (CA), Que.",2021S0504444,2016,Affordability: unaffordable housing,47.2.6,5300,,1635,,3660,,0,
2021,"Shawinigan (CA), Que.",2021S0504444,2016,Percent of households in unaffordable housing,47.2.7,21.7,,11.8,,34.7,,0.0,
2021,"Shawinigan (CA), Que.",2021S0504444,2016,Core housing need: in core housing need,47.2.8,1950,,235,,1715,,0,
2021,"Shawinigan (CA), Que.",2021S0504444,2016,Percent of households in core housing need,47.2.9,8.1,,1.7,,16.7,,0.0,
2021,"Sherbrooke (CMA), Que.",2021S0503433,2021,Total - Housing indicators,48.1.1,104650,,57350,,47300,,0,
2021,"Sherbrooke (CMA), Que.",2021S0503433,2021,Adequacy: inadequate housing,48.1.2,5275,,2660,,2620,,0,
2021,"Sherbrooke (CMA), Que.",2021S0503433,2021,Percent of households in inadequate housing,48.1.3,5.0,,4.6,,5.5,,0.0,
2021,"Sherbrooke (CMA), Que.",2021S0503433,2021,Suitability: unsuitable housing,48.1.4,2285,,705,,1580,,0,
2021,"Sherbrooke (CMA), Que.",2021S0503433,2021,Percent of households in unsuitable housing,48.1.5,2.2,,1.2,,3.3,,0.0,
2021,"Sherbrooke (CMA), Que.",2021S0503433,2021,Affordability: unaffordable housing,48.1.6,16305,,4820,,11485,,0,
2021,"Sherbrooke (CMA), Que.",2021S0503433,2021,Percent of households in unaffordable housing,48.1.7,15.7,,8.4,,24.4,,0.0,
2021,"Sherbrooke (CMA), Que.",2021S0503433,2021,Core housing need: in core housing need,48.1.8,3970,,490,,3480,,0,
2021,"Sherbrooke (CMA), Que.",2021S0503433,2021,Percent of households in core housing need,48.1.9,3.9,,0.9,,7.5,,0.0,
2021,"Sherbrooke (CMA), Que.",2021S0503433,2016,Total - Housing indicators,48.2.1,95575,,53780,,41795,,0,
2021,"Sherbrooke (CMA), Que.",2021S0503433,2016,Adequacy: inadequate housing,48.2.2,4820,,2620,,2195,,0,
2021,"Sherbrooke (CMA), Que.",2021S0503433,2016,Percent of households in inadequate housing,48.2.3,5.0,,4.9,,5.3,,0.0,
2021,"Sherbrooke (CMA), Que.",2021S0503433,2016,Suitability: unsuitable housing,48.2.4,2030,,610,,1415,,0,
2021,"Sherbrooke (CMA), Que.",2021S0503433,2016,Percent of households in unsuitable housing,48.2.5,2.1,,1.1,,3.4,,0.0,
2021,"Sherbrooke (CMA), Que.",2021S0503433,2016,Affordability: unaffordable housing,48.2.6,20310,,6250,,14055,,0,
2021,"Sherbrooke (CMA), Que.",2021S0503433,2016,Percent of households in unaffordable housing,48.2.7,21.3,,11.7,,33.7,,0.0,
2021,"Sherbrooke (CMA), Que.",2021S0503433,2016,Core housing need: in core housing need,48.2.8,6700,,780,,5920,,0,
2021,"Sherbrooke (CMA), Que.",2021S0503433,2016,Percent of households in core housing need,48.2.9,7.2,,1.5,,14.7,,0.0,
2021,"Sorel-Tracy (CA), Que.",2021S0504454,2021,Total - Housing indicators,49.1.1,20310,,12580,,7730,,0,
2021,"Sorel-Tracy (CA), Que.",2021S0504454,2021,Adequacy: inadequate housing,49.1.2,1180,,580,,605,,0,
2021,"Sorel-Tracy (CA), Que.",2021S0504454,2021,Percent of households in inadequate housing,49.1.3,5.8,,4.6,,7.8,,0.0,
2021,"Sorel-Tracy (CA), Que.",2021S0504454,2021,Suitability: unsuitable housing,49.1.4,280,,105,,175,,0,
2021,"Sorel-Tracy (CA), Que.",2021S0504454,2021,Percent of households in unsuitable housing,49.1.5,1.4,,0.8,,2.3,,0.0,
2021,"Sorel-Tracy (CA), Que.",2021S0504454,2021,Affordability: unaffordable housing,49.1.6,2690,,820,,1865,,0,
2021,"Sorel-Tracy (CA), Que.",2021S0504454,2021,Percent of households in unaffordable housing,49.1.7,13.3,,6.5,,24.2,,0.0,
2021,"Sorel-Tracy (CA), Que.",2021S0504454,2021,Core housing need: in core housing need,49.1.8,730,,105,,630,,0,
2021,"Sorel-Tracy (CA), Que.",2021S0504454,2021,Percent of households in core housing need,49.1.9,3.6,,0.8,,8.2,,0.0,
2021,"Sorel-Tracy (CA), Que.",2021S0504454,2016,Total - Housing indicators,49.2.1,19660,,12530,,7130,,0,
2021,"Sorel-Tracy (CA), Que.",2021S0504454,2016,Adequacy: inadequate housing,49.2.2,1005,,550,,455,,0,
2021,"Sorel-Tracy (CA), Que.",2021S0504454,2016,Percent of households in inadequate housing,49.2.3,5.1,,4.4,,6.4,,0.0,
2021,"Sorel-Tracy (CA), Que.",2021S0504454,2016,Suitability: unsuitable housing,49.2.4,300,,90,,215,,0,
2021,"Sorel-Tracy (CA), Que.",2021S0504454,2016,Percent of households in unsuitable housing,49.2.5,1.5,,0.7,,3.0,,0.0,
2021,"Sorel-Tracy (CA), Que.",2021S0504454,2016,Affordability: unaffordable housing,49.2.6,3695,,1290,,2405,,0,
2021,"Sorel-Tracy (CA), Que.",2021S0504454,2016,Percent of households in unaffordable housing,49.2.7,18.9,,10.3,,33.8,,0.0,
2021,"Sorel-Tracy (CA), Que.",2021S0504454,2016,Core housing need: in core housing need,49.2.8,1490,,225,,1265,,0,
2021,"Sorel-Tracy (CA), Que.",2021S0504454,2016,Percent of households in core housing need,49.2.9,7.7,,1.8,,18.1,,0.0,
2021,"Thetford Mines (CA), Que.",2021S0504430,2021,Total - Housing indicators,50.1.1,13250,,8945,,4305,,0,
2021,"Thetford Mines (CA), Que.",2021S0504430,2021,Adequacy: inadequate housing,50.1.2,675,,455,,215,,0,
2021,"Thetford Mines (CA), Que.",2021S0504430,2021,Percent of households in inadequate housing,50.1.3,5.1,,5.1,,5.0,,0.0,
2021,"Thetford Mines (CA), Que.",2021S0504430,2021,Suitability: unsuitable housing,50.1.4,95,,35,,55,,0,
2021,"Thetford Mines (CA), Que.",2021S0504430,2021,Percent of households in unsuitable housing,50.1.5,0.7,,0.4,,1.3,,0.0,
2021,"Thetford Mines (CA), Que.",2021S0504430,2021,Affordability: unaffordable housing,50.1.6,1400,,605,,795,,0,
2021,"Thetford Mines (CA), Que.",2021S0504430,2021,Percent of households in unaffordable housing,50.1.7,10.6,,6.8,,18.5,,0.0,
2021,"Thetford Mines (CA), Que.",2021S0504430,2021,Core housing need: in core housing need,50.1.8,270,,75,,195,,0,
2021,"Thetford Mines (CA), Que.",2021S0504430,2021,Percent of households in core housing need,50.1.9,2.1,,0.8,,4.6,,0.0,
2021,"Thetford Mines (CA), Que.",2021S0504430,2016,Total - Housing indicators,50.2.1,12975,,8970,,4000,,0,
2021,"Thetford Mines (CA), Que.",2021S0504430,2016,Adequacy: inadequate housing,50.2.2,720,,485,,235,,0,
2021,"Thetford Mines (CA), Que.",2021S0504430,2016,Percent of households in inadequate housing,50.2.3,5.5,,5.4,,5.9,,0.0,
2021,"Thetford Mines (CA), Que.",2021S0504430,2016,Suitability: unsuitable housing,50.2.4,75,,45,,25,,0,
2021,"Thetford Mines (CA), Que.",2021S0504430,2016,Percent of households in unsuitable housing,50.2.5,0.6,,0.5,,0.6,,0.0,
2021,"Thetford Mines (CA), Que.",2021S0504430,2016,Affordability: unaffordable housing,50.2.6,2035,,820,,1215,,0,
2021,"Thetford Mines (CA), Que.",2021S0504430,2016,Percent of households in unaffordable housing,50.2.7,15.8,,9.2,,30.4,,0.0,
2021,"Thetford Mines (CA), Que.",2021S0504430,2016,Core housing need: in core housing need,50.2.8,535,,90,,450,,0,
2021,"Thetford Mines (CA), Que.",2021S0504430,2016,Percent of households in core housing need,50.2.9,4.2,,1.0,,11.5,,0.0,
2021,"Trois-Rivières (CMA), Que.",2021S0503442,2021,Total - Housing indicators,51.1.1,76635,,43865,,32755,,10,
2021,"Trois-Rivières (CMA), Que.",2021S0503442,2021,Adequacy: inadequate housing,51.1.2,4355,,2300,,2060,,0,
2021,"Trois-Rivières (CMA), Que.",2021S0503442,2021,Percent of households in inadequate housing,51.1.3,5.7,,5.2,,6.3,,0.0,
2021,"Trois-Rivières (CMA), Que.",2021S0503442,2021,Suitability: unsuitable housing,51.1.4,1130,,350,,780,,0,
2021,"Trois-Rivières (CMA), Que.",2021S0503442,2021,Percent of households in unsuitable housing,51.1.5,1.5,,0.8,,2.4,,0.0,
2021,"Trois-Rivières (CMA), Que.",2021S0503442,2021,Affordability: unaffordable housing,51.1.6,9470,,2880,,6595,,0,
2021,"Trois-Rivières (CMA), Que.",2021S0503442,2021,Percent of households in unaffordable housing,51.1.7,12.5,,6.6,,20.3,,0.0,
2021,"Trois-Rivières (CMA), Que.",2021S0503442,2021,Core housing need: in core housing need,51.1.8,2480,,330,,2150,,0,
2021,"Trois-Rivières (CMA), Que.",2021S0503442,2021,Percent of households in core housing need,51.1.9,3.3,,0.8,,6.7,,0.0,
2021,"Trois-Rivières (CMA), Que.",2021S0503442,2016,Total - Housing indicators,51.2.1,72500,,42330,,30160,,15,
2021,"Trois-Rivières (CMA), Que.",2021S0503442,2016,Adequacy: inadequate housing,51.2.2,4230,,2610,,1620,,0,
2021,"Trois-Rivières (CMA), Que.",2021S0503442,2016,Percent of households in inadequate housing,51.2.3,5.8,,6.2,,5.4,,0.0,
2021,"Trois-Rivières (CMA), Que.",2021S0503442,2016,Suitability: unsuitable housing,51.2.4,1085,,330,,750,,0,
2021,"Trois-Rivières (CMA), Que.",2021S0503442,2016,Percent of households in unsuitable housing,51.2.5,1.5,,0.8,,2.5,,0.0,
2021,"Trois-Rivières (CMA), Que.",2021S0503442,2016,Affordability: unaffordable housing,51.2.6,13600,,3995,,9600,,0,
2021,"Trois-Rivières (CMA), Que.",2021S0503442,2016,Percent of households in unaffordable housing,51.2.7,18.9,,9.5,,31.9,,0.0,
2021,"Trois-Rivières (CMA), Que.",2021S0503442,2016,Core housing need: in core housing need,51.2.8,4405,,535,,3870,,0,
2021,"Trois-Rivières (CMA), Que.",2021S0503442,2016,Percent of households in core housing need,51.2.9,6.2,,1.3,,13.2,,0.0,
2021,"Val-d'Or (CA), Que.",2021S0504480,2021,Total - Housing indicators,52.1.1,15375,,9190,,5855,,325,
2021,"Val-d'Or (CA), Que.",2021S0504480,2021,Adequacy: inadequate housing,52.1.2,1110,,490,,435,,185,
2021,"Val-d'Or (CA), Que.",2021S0504480,2021,Percent of households in inadequate housing,52.1.3,7.2,,5.3,,7.4,,56.9,
2021,"Val-d'Or (CA), Que.",2021S0504480,2021,Suitability: unsuitable housing,52.1.4,315,,55,,205,,55,
2021,"Val-d'Or (CA), Que.",2021S0504480,2021,Percent of households in unsuitable housing,52.1.5,2.0,,0.6,,3.5,,16.9,
2021,"Val-d'Or (CA), Que.",2021S0504480,2021,Affordability: unaffordable housing,52.1.6,1830,,585,,1245,,0,
2021,"Val-d'Or (CA), Que.",2021S0504480,2021,Percent of households in unaffordable housing,52.1.7,12.2,,6.4,,21.4,,0.0,
2021,"Val-d'Or (CA), Que.",2021S0504480,2021,Core housing need: in core housing need,52.1.8,385,,40,,340,,0,
2021,"Val-d'Or (CA), Que.",2021S0504480,2021,Percent of households in core housing need,52.1.9,2.6,,0.4,,6.0,,0.0,
2021,"Val-d'Or (CA), Que.",2021S0504480,2016,Total - Housing indicators,52.2.1,14875,,9275,,5410,,190,
2021,"Val-d'Or (CA), Que.",2021S0504480,2016,Adequacy: inadequate housing,52.2.2,1160,,625,,465,,70,
2021,"Val-d'Or (CA), Que.",2021S0504480,2016,Percent of households in inadequate housing,52.2.3,7.8,,6.7,,8.6,,36.8,
2021,"Val-d'Or (CA), Que.",2021S0504480,2016,Suitability: unsuitable housing,52.2.4,310,,85,,180,,45,
2021,"Val-d'Or (CA), Que.",2021S0504480,2016,Percent of households in unsuitable housing,52.2.5,2.1,,0.9,,3.3,,23.7,
2021,"Val-d'Or (CA), Que.",2021S0504480,2016,Affordability: unaffordable housing,52.2.6,2355,,875,,1480,,0,
2021,"Val-d'Or (CA), Que.",2021S0504480,2016,Percent of households in unaffordable housing,52.2.7,16.2,,9.5,,27.7,,0.0,
2021,"Val-d'Or (CA), Que.",2021S0504480,2016,Core housing need: in core housing need,52.2.8,685,,130,,560,,0,
2021,"Val-d'Or (CA), Que.",2021S0504480,2016,Percent of households in core housing need,52.2.9,4.8,,1.4,,10.7,,0.0,
2021,"Victoriaville (CA), Que.",2021S0504440,2021,Total - Housing indicators,53.1.1,23910,,14790,,9125,,0,
2021,"Victoriaville (CA), Que.",2021S0504440,2021,Adequacy: inadequate housing,53.1.2,790,,455,,335,,0,
2021,"Victoriaville (CA), Que.",2021S0504440,2021,Percent of households in inadequate housing,53.1.3,3.3,,3.1,,3.7,,0.0,
2021,"Victoriaville (CA), Que.",2021S0504440,2021,Suitability: unsuitable housing,53.1.4,310,,105,,205,,0,
2021,"Victoriaville (CA), Que.",2021S0504440,2021,Percent of households in unsuitable housing,53.1.5,1.3,,0.7,,2.2,,0.0,
2021,"Victoriaville (CA), Que.",2021S0504440,2021,Affordability: unaffordable housing,53.1.6,3125,,1050,,2075,,0,
2021,"Victoriaville (CA), Que.",2021S0504440,2021,Percent of households in unaffordable housing,53.1.7,13.1,,7.1,,22.9,,0.0,
2021,"Victoriaville (CA), Que.",2021S0504440,2021,Core housing need: in core housing need,53.1.8,530,,55,,475,,0,
2021,"Victoriaville (CA), Que.",2021S0504440,2021,Percent of households in core housing need,53.1.9,2.2,,0.4,,5.3,,0.0,
2021,"Victoriaville (CA), Que.",2021S0504440,2016,Total - Housing indicators,53.2.1,22685,,14585,,8105,,0,
2021,"Victoriaville (CA), Que.",2021S0504440,2016,Adequacy: inadequate housing,53.2.2,775,,420,,355,,0,
2021,"Victoriaville (CA), Que.",2021S0504440,2016,Percent of households in inadequate housing,53.2.3,3.4,,2.9,,4.4,,0.0,
2021,"Victoriaville (CA), Que.",2021S0504440,2016,Suitability: unsuitable housing,53.2.4,315,,135,,180,,0,
2021,"Victoriaville (CA), Que.",2021S0504440,2016,Percent of households in unsuitable housing,53.2.5,1.4,,0.9,,2.2,,0.0,
2021,"Victoriaville (CA), Que.",2021S0504440,2016,Affordability: unaffordable housing,53.2.6,3950,,1350,,2595,,0,
2021,"Victoriaville (CA), Que.",2021S0504440,2016,Percent of households in unaffordable housing,53.2.7,17.5,,9.3,,32.1,,0.0,
2021,"Victoriaville (CA), Que.",2021S0504440,2016,Core housing need: in core housing need,53.2.8,1140,,140,,1005,,0,
2021,"Victoriaville (CA), Que.",2021S0504440,2016,Percent of households in core housing need,53.2.9,5.1,,1.0,,12.7,,0.0,
2021,Ontario,2021A000235,2021,Total - Housing indicators,54.1.1,5491205,,3755720,,1724970,,10510,
2021,Ontario,2021A000235,2021,Adequacy: inadequate housing,54.1.2,314045,,175745,,134750,,3550,
2021,Ontario,2021A000235,2021,Percent of households in inadequate housing,54.1.3,5.7,,4.7,,7.8,,33.8,
2021,Ontario,2021A000235,2021,Suitability: unsuitable housing,54.1.4,369015,,141145,,225695,,2180,
2021,Ontario,2021A000235,2021,Percent of households in unsuitable housing,54.1.5,6.7,,3.8,,13.1,,20.7,
2021,Ontario,2021A000235,2021,Affordability: unaffordable housing,54.1.6,1312095,,656545,,655555,,0,
2021,Ontario,2021A000235,2021,Percent of households in unaffordable housing,54.1.7,24.2,,17.7,,38.4,,0.0,
2021,Ontario,2021A000235,2021,Core housing need: in core housing need,54.1.8,639810,,232330,,407480,,0,
2021,Ontario,2021A000235,2021,Percent of households in core housing need,54.1.9,12.1,,6.4,,24.9,,0.0,
2021,Ontario,2021A000235,2016,Total - Housing indicators,54.2.1,5169175,,3601825,,1559720,,7635,
2021,Ontario,2021A000235,2016,Adequacy: inadequate housing,54.2.2,317835,,177705,,136605,,3520,
2021,Ontario,2021A000235,2016,Percent of households in inadequate housing,54.2.3,6.1,,4.9,,8.8,,46.1,
2021,Ontario,2021A000235,2016,Suitability: unsuitable housing,54.2.4,311000,,124025,,185290,,1690,
2021,Ontario,2021A000235,2016,Percent of households in unsuitable housing,54.2.5,6.0,,3.4,,11.9,,22.1,
2021,Ontario,2021A000235,2016,Affordability: unaffordable housing,54.2.6,1411900,,702650,,709245,,0,
2021,Ontario,2021A000235,2016,Percent of households in unaffordable housing,54.2.7,27.7,,19.8,,45.7,,0.0,
2021,Ontario,2021A000235,2016,Core housing need: in core housing need,54.2.8,748310,,267470,,480840,,0,
2021,Ontario,2021A000235,2016,Percent of households in core housing need,54.2.9,15.3,,7.7,,33.4,,0.0,
2021,"Barrie (CMA), Ont.",2021S0503568,2021,Total - Housing indicators,55.1.1,78540,,57635,,20910,,0,
2021,"Barrie (CMA), Ont.",2021S0503568,2021,Adequacy: inadequate housing,55.1.2,3645,,2250,,1400,,0,
2021,"Barrie (CMA), Ont.",2021S0503568,2021,Percent of households in inadequate housing,55.1.3,4.6,,3.9,,6.7,,0.0,
2021,"Barrie (CMA), Ont.",2021S0503568,2021,Suitability: unsuitable housing,55.1.4,3045,,1560,,1480,,0,
2021,"Barrie (CMA), Ont.",2021S0503568,2021,Percent of households in unsuitable housing,55.1.5,3.9,,2.7,,7.1,,0.0,
2021,"Barrie (CMA), Ont.",2021S0503568,2021,Affordability: unaffordable housing,55.1.6,19735,,10925,,8805,,0,
2021,"Barrie (CMA), Ont.",2021S0503568,2021,Percent of households in unaffordable housing,55.1.7,25.3,,19.1,,42.4,,0.0,
2021,"Barrie (CMA), Ont.",2021S0503568,2021,Core housing need: in core housing need,55.1.8,8830,,3715,,5115,,0,
2021,"Barrie (CMA), Ont.",2021S0503568,2021,Percent of households in core housing need,55.1.9,11.6,,6.6,,25.6,,0.0,
2021,"Barrie (CMA), Ont.",2021S0503568,2016,Total - Housing indicators,55.2.1,72530,,55195,,17335,,0,
2021,"Barrie (CMA), Ont.",2021S0503568,2016,Adequacy: inadequate housing,55.2.2,3520,,2280,,1235,,0,
2021,"Barrie (CMA), Ont.",2021S0503568,2016,Percent of households in inadequate housing,55.2.3,4.9,,4.1,,7.1,,0.0,
2021,"Barrie (CMA), Ont.",2021S0503568,2016,Suitability: unsuitable housing,55.2.4,2420,,1240,,1185,,0,
2021,"Barrie (CMA), Ont.",2021S0503568,2016,Percent of households in unsuitable housing,55.2.5,3.3,,2.2,,6.8,,0.0,
2021,"Barrie (CMA), Ont.",2021S0503568,2016,Affordability: unaffordable housing,55.2.6,19770,,11160,,8610,,0,
2021,"Barrie (CMA), Ont.",2021S0503568,2016,Percent of households in unaffordable housing,55.2.7,27.4,,20.3,,49.8,,0.0,
2021,"Barrie (CMA), Ont.",2021S0503568,2016,Core housing need: in core housing need,55.2.8,10100,,4385,,5715,,0,
2021,"Barrie (CMA), Ont.",2021S0503568,2016,Percent of households in core housing need,55.2.9,14.4,,8.2,,35.0,,0.0,
2021,"Belleville - Quinte West (CMA), Ont.",2021S0503522,2021,Total - Housing indicators,56.1.1,46215,,32085,,14130,,0,
2021,"Belleville - Quinte West (CMA), Ont.",2021S0503522,2021,Adequacy: inadequate housing,56.1.2,2980,,1660,,1325,,0,
2021,"Belleville - Quinte West (CMA), Ont.",2021S0503522,2021,Percent of households in inadequate housing,56.1.3,6.4,,5.2,,9.4,,0.0,
2021,"Belleville - Quinte West (CMA), Ont.",2021S0503522,2021,Suitability: unsuitable housing,56.1.4,1750,,705,,1045,,0,
2021,"Belleville - Quinte West (CMA), Ont.",2021S0503522,2021,Percent of households in unsuitable housing,56.1.5,3.8,,2.2,,7.4,,0.0,
2021,"Belleville - Quinte West (CMA), Ont.",2021S0503522,2021,Affordability: unaffordable housing,56.1.6,8520,,3360,,5155,,0,
2021,"Belleville - Quinte West (CMA), Ont.",2021S0503522,2021,Percent of households in unaffordable housing,56.1.7,18.6,,10.6,,36.6,,0.0,
2021,"Belleville - Quinte West (CMA), Ont.",2021S0503522,2021,Core housing need: in core housing need,56.1.8,5040,,1460,,3580,,0,
2021,"Belleville - Quinte West (CMA), Ont.",2021S0503522,2021,Percent of households in core housing need,56.1.9,11.1,,4.7,,25.8,,0.0,
2021,"Belleville - Quinte West (CMA), Ont.",2021S0503522,2016,Total - Housing indicators,56.2.1,42980,,29750,,13230,,0,
2021,"Belleville - Quinte West (CMA), Ont.",2021S0503522,2016,Adequacy: inadequate housing,56.2.2,2995,,1740,,1260,,0,
2021,"Belleville - Quinte West (CMA), Ont.",2021S0503522,2016,Percent of households in inadequate housing,56.2.3,7.0,,5.8,,9.5,,0.0,
2021,"Belleville - Quinte West (CMA), Ont.",2021S0503522,2016,Suitability: unsuitable housing,56.2.4,1245,,455,,785,,0,
2021,"Belleville - Quinte West (CMA), Ont.",2021S0503522,2016,Percent of households in unsuitable housing,56.2.5,2.9,,1.5,,5.9,,0.0,
2021,"Belleville - Quinte West (CMA), Ont.",2021S0503522,2016,Affordability: unaffordable housing,56.2.6,10425,,4215,,6210,,0,
2021,"Belleville - Quinte West (CMA), Ont.",2021S0503522,2016,Percent of households in unaffordable housing,56.2.7,24.6,,14.4,,47.0,,0.0,
2021,"Belleville - Quinte West (CMA), Ont.",2021S0503522,2016,Core housing need: in core housing need,56.2.8,6380,,1735,,4650,,0,
2021,"Belleville - Quinte West (CMA), Ont.",2021S0503522,2016,Percent of households in core housing need,56.2.9,15.3,,6.0,,36.4,,0.0,
2021,"Brantford (CMA), Ont.",2021S0503543,2021,Total - Housing indicators,57.1.1,56005,,40075,,15930,,0,
2021,"Brantford (CMA), Ont.",2021S0503543,2021,Adequacy: inadequate housing,57.1.2,3300,,1805,,1500,,0,
2021,"Brantford (CMA), Ont.",2021S0503543,2021,Percent of households in inadequate housing,57.1.3,5.9,,4.5,,9.4,,0.0,
2021,"Brantford (CMA), Ont.",2021S0503543,2021,Suitability: unsuitable housing,57.1.4,2605,,1155,,1445,,0,
2021,"Brantford (CMA), Ont.",2021S0503543,2021,Percent of households in unsuitable housing,57.1.5,4.7,,2.9,,9.1,,0.0,
2021,"Brantford (CMA), Ont.",2021S0503543,2021,Affordability: unaffordable housing,57.1.6,11340,,5240,,6100,,0,
2021,"Brantford (CMA), Ont.",2021S0503543,2021,Percent of households in unaffordable housing,57.1.7,20.5,,13.2,,38.5,,0.0,
2021,"Brantford (CMA), Ont.",2021S0503543,2021,Core housing need: in core housing need,57.1.8,5185,,1525,,3655,,0,
2021,"Brantford (CMA), Ont.",2021S0503543,2021,Percent of households in core housing need,57.1.9,9.5,,3.9,,23.7,,0.0,
2021,"Brantford (CMA), Ont.",2021S0503543,2016,Total - Housing indicators,57.2.1,52530,,38005,,14530,,0,
2021,"Brantford (CMA), Ont.",2021S0503543,2016,Adequacy: inadequate housing,57.2.2,3545,,1975,,1570,,0,
2021,"Brantford (CMA), Ont.",2021S0503543,2016,Percent of households in inadequate housing,57.2.3,6.7,,5.2,,10.8,,0.0,
2021,"Brantford (CMA), Ont.",2021S0503543,2016,Suitability: unsuitable housing,57.2.4,1740,,860,,875,,0,
2021,"Brantford (CMA), Ont.",2021S0503543,2016,Percent of households in unsuitable housing,57.2.5,3.3,,2.3,,6.0,,0.0,
2021,"Brantford (CMA), Ont.",2021S0503543,2016,Affordability: unaffordable housing,57.2.6,12115,,5530,,6580,,0,
2021,"Brantford (CMA), Ont.",2021S0503543,2016,Percent of households in unaffordable housing,57.2.7,23.3,,14.8,,45.4,,0.0,
2021,"Brantford (CMA), Ont.",2021S0503543,2016,Core housing need: in core housing need,57.2.8,7135,,2200,,4935,,0,
2021,"Brantford (CMA), Ont.",2021S0503543,2016,Percent of households in core housing need,57.2.9,14.0,,6.0,,35.4,,0.0,
2021,"Brockville (CA), Ont.",2021S0504512,2021,Total - Housing indicators,58.1.1,14435,,9510,,4930,,0,
2021,"Brockville (CA), Ont.",2021S0504512,2021,Adequacy: inadequate housing,58.1.2,1135,,600,,530,,0,
2021,"Brockville (CA), Ont.",2021S0504512,2021,Percent of households in inadequate housing,58.1.3,7.9,,6.3,,10.8,,0.0,
2021,"Brockville (CA), Ont.",2021S0504512,2021,Suitability: unsuitable housing,58.1.4,440,,120,,325,,0,
2021,"Brockville (CA), Ont.",2021S0504512,2021,Percent of households in unsuitable housing,58.1.5,3.0,,1.3,,6.6,,0.0,
2021,"Brockville (CA), Ont.",2021S0504512,2021,Affordability: unaffordable housing,58.1.6,2775,,945,,1825,,0,
2021,"Brockville (CA), Ont.",2021S0504512,2021,Percent of households in unaffordable housing,58.1.7,19.5,,10.1,,37.3,,0.0,
2021,"Brockville (CA), Ont.",2021S0504512,2021,Core housing need: in core housing need,58.1.8,1420,,350,,1065,,0,
2021,"Brockville (CA), Ont.",2021S0504512,2021,Percent of households in core housing need,58.1.9,10.1,,3.8,,22.3,,0.0,
2021,"Brockville (CA), Ont.",2021S0504512,2016,Total - Housing indicators,58.2.1,14005,,9225,,4775,,0,
2021,"Brockville (CA), Ont.",2021S0504512,2016,Adequacy: inadequate housing,58.2.2,1130,,615,,515,,0,
2021,"Brockville (CA), Ont.",2021S0504512,2016,Percent of households in inadequate housing,58.2.3,8.1,,6.7,,10.8,,0.0,
2021,"Brockville (CA), Ont.",2021S0504512,2016,Suitability: unsuitable housing,58.2.4,365,,95,,270,,0,
2021,"Brockville (CA), Ont.",2021S0504512,2016,Percent of households in unsuitable housing,58.2.5,2.6,,1.0,,5.7,,0.0,
2021,"Brockville (CA), Ont.",2021S0504512,2016,Affordability: unaffordable housing,58.2.6,3825,,1340,,2485,,0,
2021,"Brockville (CA), Ont.",2021S0504512,2016,Percent of households in unaffordable housing,58.2.7,27.7,,14.8,,52.2,,0.0,
2021,"Brockville (CA), Ont.",2021S0504512,2016,Core housing need: in core housing need,58.2.8,2040,,455,,1585,,0,
2021,"Brockville (CA), Ont.",2021S0504512,2016,Percent of households in core housing need,58.2.9,15.1,,5.1,,34.6,,0.0,
2021,"Centre Wellington (CA), Ont.",2021S0504531,2021,Total - Housing indicators,59.1.1,11975,,9645,,2325,,0,
2021,"Centre Wellington (CA), Ont.",2021S0504531,2021,Adequacy: inadequate housing,59.1.2,405,,300,,105,,0,
2021,"Centre Wellington (CA), Ont.",2021S0504531,2021,Percent of households in inadequate housing,59.1.3,3.4,,3.1,,4.5,,0.0,
2021,"Centre Wellington (CA), Ont.",2021S0504531,2021,Suitability: unsuitable housing,59.1.4,340,,210,,130,,0,
2021,"Centre Wellington (CA), Ont.",2021S0504531,2021,Percent of households in unsuitable housing,59.1.5,2.8,,2.2,,5.6,,0.0,
2021,"Centre Wellington (CA), Ont.",2021S0504531,2021,Affordability: unaffordable housing,59.1.6,1975,,1090,,890,,0,
2021,"Centre Wellington (CA), Ont.",2021S0504531,2021,Percent of households in unaffordable housing,59.1.7,16.9,,11.6,,38.4,,0.0,
2021,"Centre Wellington (CA), Ont.",2021S0504531,2021,Core housing need: in core housing need,59.1.8,605,,220,,380,,0,
2021,"Centre Wellington (CA), Ont.",2021S0504531,2021,Percent of households in core housing need,59.1.9,5.2,,2.4,,16.8,,0.0,
2021,"Centre Wellington (CA), Ont.",2021S0504531,2016,Total - Housing indicators,59.2.1,10825,,8855,,1965,,0,
2021,"Centre Wellington (CA), Ont.",2021S0504531,2016,Adequacy: inadequate housing,59.2.2,525,,375,,150,,0,
2021,"Centre Wellington (CA), Ont.",2021S0504531,2016,Percent of households in inadequate housing,59.2.3,4.8,,4.2,,7.6,,0.0,
2021,"Centre Wellington (CA), Ont.",2021S0504531,2016,Suitability: unsuitable housing,59.2.4,255,,135,,120,,0,
2021,"Centre Wellington (CA), Ont.",2021S0504531,2016,Percent of households in unsuitable housing,59.2.5,2.4,,1.5,,6.1,,0.0,
2021,"Centre Wellington (CA), Ont.",2021S0504531,2016,Affordability: unaffordable housing,59.2.6,2015,,1205,,805,,0,
2021,"Centre Wellington (CA), Ont.",2021S0504531,2016,Percent of households in unaffordable housing,59.2.7,19.2,,14.1,,41.2,,0.0,
2021,"Centre Wellington (CA), Ont.",2021S0504531,2016,Core housing need: in core housing need,59.2.8,670,,240,,430,,0,
2021,"Centre Wellington (CA), Ont.",2021S0504531,2016,Percent of households in core housing need,59.2.9,6.5,,2.9,,23.1,,0.0,
2021,"Chatham-Kent (CA), Ont.",2021S0504556,2021,Total - Housing indicators,60.1.1,44175,,31790,,12345,,45,
2021,"Chatham-Kent (CA), Ont.",2021S0504556,2021,Adequacy: inadequate housing,60.1.2,3220,,2025,,1190,,15,
2021,"Chatham-Kent (CA), Ont.",2021S0504556,2021,Percent of households in inadequate housing,60.1.3,7.3,,6.4,,9.6,,33.3,
2021,"Chatham-Kent (CA), Ont.",2021S0504556,2021,Suitability: unsuitable housing,60.1.4,1540,,780,,760,,0,
2021,"Chatham-Kent (CA), Ont.",2021S0504556,2021,Percent of households in unsuitable housing,60.1.5,3.5,,2.5,,6.2,,0.0,
2021,"Chatham-Kent (CA), Ont.",2021S0504556,2021,Affordability: unaffordable housing,60.1.6,6710,,2960,,3750,,0,
2021,"Chatham-Kent (CA), Ont.",2021S0504556,2021,Percent of households in unaffordable housing,60.1.7,15.7,,9.7,,30.7,,0.0,
2021,"Chatham-Kent (CA), Ont.",2021S0504556,2021,Core housing need: in core housing need,60.1.8,3025,,985,,2040,,0,
2021,"Chatham-Kent (CA), Ont.",2021S0504556,2021,Percent of households in core housing need,60.1.9,7.2,,3.3,,17.0,,0.0,
2021,"Chatham-Kent (CA), Ont.",2021S0504556,2016,Total - Housing indicators,60.2.1,43170,,31185,,11970,,20,
2021,"Chatham-Kent (CA), Ont.",2021S0504556,2016,Adequacy: inadequate housing,60.2.2,3325,,2260,,1065,,0,
2021,"Chatham-Kent (CA), Ont.",2021S0504556,2016,Percent of households in inadequate housing,60.2.3,7.7,,7.2,,8.9,,0.0,
2021,"Chatham-Kent (CA), Ont.",2021S0504556,2016,Suitability: unsuitable housing,60.2.4,1215,,580,,635,,0,
2021,"Chatham-Kent (CA), Ont.",2021S0504556,2016,Percent of households in unsuitable housing,60.2.5,2.8,,1.9,,5.3,,0.0,
2021,"Chatham-Kent (CA), Ont.",2021S0504556,2016,Affordability: unaffordable housing,60.2.6,8730,,3795,,4940,,0,
2021,"Chatham-Kent (CA), Ont.",2021S0504556,2016,Percent of households in unaffordable housing,60.2.7,21.0,,12.8,,41.7,,0.0,
2021,"Chatham-Kent (CA), Ont.",2021S0504556,2016,Core housing need: in core housing need,60.2.8,4505,,1235,,3265,,0,
2021,"Chatham-Kent (CA), Ont.",2021S0504556,2016,Percent of households in core housing need,60.2.9,11.0,,4.2,,28.4,,0.0,
2021,"Cobourg (CA), Ont.",2021S0504527,2021,Total - Housing indicators,61.1.1,9130,,6275,,2860,,0,
2021,"Cobourg (CA), Ont.",2021S0504527,2021,Adequacy: inadequate housing,61.1.2,500,,230,,270,,0,
2021,"Cobourg (CA), Ont.",2021S0504527,2021,Percent of households in inadequate housing,61.1.3,5.5,,3.7,,9.4,,0.0,
2021,"Cobourg (CA), Ont.",2021S0504527,2021,Suitability: unsuitable housing,61.1.4,320,,125,,195,,0,
2021,"Cobourg (CA), Ont.",2021S0504527,2021,Percent of households in unsuitable housing,61.1.5,3.5,,2.0,,6.8,,0.0,
2021,"Cobourg (CA), Ont.",2021S0504527,2021,Affordability: unaffordable housing,61.1.6,2075,,855,,1220,,0,
2021,"Cobourg (CA), Ont.",2021S0504527,2021,Percent of households in unaffordable housing,61.1.7,22.8,,13.6,,42.7,,0.0,
2021,"Cobourg (CA), Ont.",2021S0504527,2021,Core housing need: in core housing need,61.1.8,975,,320,,655,,0,
2021,"Cobourg (CA), Ont.",2021S0504527,2021,Percent of households in core housing need,61.1.9,10.9,,5.2,,23.8,,0.0,
2021,"Cobourg (CA), Ont.",2021S0504527,2016,Total - Housing indicators,61.2.1,8640,,6060,,2580,,0,
2021,"Cobourg (CA), Ont.",2021S0504527,2016,Adequacy: inadequate housing,61.2.2,565,,320,,245,,0,
2021,"Cobourg (CA), Ont.",2021S0504527,2016,Percent of households in inadequate housing,61.2.3,6.5,,5.3,,9.5,,0.0,
2021,"Cobourg (CA), Ont.",2021S0504527,2016,Suitability: unsuitable housing,61.2.4,200,,110,,95,,0,
2021,"Cobourg (CA), Ont.",2021S0504527,2016,Percent of households in unsuitable housing,61.2.5,2.3,,1.8,,3.7,,0.0,
2021,"Cobourg (CA), Ont.",2021S0504527,2016,Affordability: unaffordable housing,61.2.6,2285,,980,,1310,,0,
2021,"Cobourg (CA), Ont.",2021S0504527,2016,Percent of households in unaffordable housing,61.2.7,26.5,,16.2,,50.9,,0.0,
2021,"Cobourg (CA), Ont.",2021S0504527,2016,Core housing need: in core housing need,61.2.8,1350,,395,,955,,0,
2021,"Cobourg (CA), Ont.",2021S0504527,2016,Percent of households in core housing need,61.2.9,16.1,,6.6,,38.8,,0.0,
2021,"Collingwood (CA), Ont.",2021S0504567,2021,Total - Housing indicators,62.1.1,11175,,8135,,3040,,0,
2021,"Collingwood (CA), Ont.",2021S0504567,2021,Adequacy: inadequate housing,62.1.2,580,,370,,210,,0,
2021,"Collingwood (CA), Ont.",2021S0504567,2021,Percent of households in inadequate housing,62.1.3,5.2,,4.5,,6.9,,0.0,
2021,"Collingwood (CA), Ont.",2021S0504567,2021,Suitability: unsuitable housing,62.1.4,300,,140,,160,,0,
2021,"Collingwood (CA), Ont.",2021S0504567,2021,Percent of households in unsuitable housing,62.1.5,2.7,,1.7,,5.3,,0.0,
2021,"Collingwood (CA), Ont.",2021S0504567,2021,Affordability: unaffordable housing,62.1.6,2955,,1500,,1455,,0,
2021,"Collingwood (CA), Ont.",2021S0504567,2021,Percent of households in unaffordable housing,62.1.7,26.5,,18.5,,47.9,,0.0,
2021,"Collingwood (CA), Ont.",2021S0504567,2021,Core housing need: in core housing need,62.1.8,1335,,580,,760,,0,
2021,"Collingwood (CA), Ont.",2021S0504567,2021,Percent of households in core housing need,62.1.9,12.3,,7.3,,26.8,,0.0,
2021,"Collingwood (CA), Ont.",2021S0504567,2016,Total - Housing indicators,62.2.1,9560,,7045,,2510,,0,
2021,"Collingwood (CA), Ont.",2021S0504567,2016,Adequacy: inadequate housing,62.2.2,560,,335,,225,,0,
2021,"Collingwood (CA), Ont.",2021S0504567,2016,Percent of households in inadequate housing,62.2.3,5.9,,4.8,,9.0,,0.0,
2021,"Collingwood (CA), Ont.",2021S0504567,2016,Suitability: unsuitable housing,62.2.4,245,,85,,165,,0,
2021,"Collingwood (CA), Ont.",2021S0504567,2016,Percent of households in unsuitable housing,62.2.5,2.6,,1.2,,6.6,,0.0,
2021,"Collingwood (CA), Ont.",2021S0504567,2016,Affordability: unaffordable housing,62.2.6,3030,,1670,,1365,,0,
2021,"Collingwood (CA), Ont.",2021S0504567,2016,Percent of households in unaffordable housing,62.2.7,31.8,,23.7,,54.7,,0.0,
2021,"Collingwood (CA), Ont.",2021S0504567,2016,Core housing need: in core housing need,62.2.8,1595,,680,,915,,0,
2021,"Collingwood (CA), Ont.",2021S0504567,2016,Percent of households in core housing need,62.2.9,17.4,,10.0,,38.8,,0.0,
2021,"Cornwall (CA), Ont.",2021S0504501,2021,Total - Housing indicators,63.1.1,26795,,16235,,10565,,0,
2021,"Cornwall (CA), Ont.",2021S0504501,2021,Adequacy: inadequate housing,63.1.2,2195,,1015,,1180,,0,
2021,"Cornwall (CA), Ont.",2021S0504501,2021,Percent of households in inadequate housing,63.1.3,8.2,,6.3,,11.2,,0.0,
2021,"Cornwall (CA), Ont.",2021S0504501,2021,Suitability: unsuitable housing,63.1.4,1040,,355,,685,,0,
2021,"Cornwall (CA), Ont.",2021S0504501,2021,Percent of households in unsuitable housing,63.1.5,3.9,,2.2,,6.5,,0.0,
2021,"Cornwall (CA), Ont.",2021S0504501,2021,Affordability: unaffordable housing,63.1.6,5275,,1615,,3660,,0,
2021,"Cornwall (CA), Ont.",2021S0504501,2021,Percent of households in unaffordable housing,63.1.7,19.8,,10.0,,34.8,,0.0,
2021,"Cornwall (CA), Ont.",2021S0504501,2021,Core housing need: in core housing need,63.1.8,2715,,555,,2160,,0,
2021,"Cornwall (CA), Ont.",2021S0504501,2021,Percent of households in core housing need,63.1.9,10.3,,3.5,,20.8,,0.0,
2021,"Cornwall (CA), Ont.",2021S0504501,2016,Total - Housing indicators,63.2.1,26085,,16005,,10075,,0,
2021,"Cornwall (CA), Ont.",2021S0504501,2016,Adequacy: inadequate housing,63.2.2,2155,,1060,,1095,,0,
2021,"Cornwall (CA), Ont.",2021S0504501,2016,Percent of households in inadequate housing,63.2.3,8.3,,6.6,,10.9,,0.0,
2021,"Cornwall (CA), Ont.",2021S0504501,2016,Suitability: unsuitable housing,63.2.4,755,,255,,500,,0,
2021,"Cornwall (CA), Ont.",2021S0504501,2016,Percent of households in unsuitable housing,63.2.5,2.9,,1.6,,5.0,,0.0,
2021,"Cornwall (CA), Ont.",2021S0504501,2016,Affordability: unaffordable housing,63.2.6,7120,,2205,,4915,,0,
2021,"Cornwall (CA), Ont.",2021S0504501,2016,Percent of households in unaffordable housing,63.2.7,27.4,,13.9,,48.8,,0.0,
2021,"Cornwall (CA), Ont.",2021S0504501,2016,Core housing need: in core housing need,63.2.8,4075,,730,,3345,,0,
2021,"Cornwall (CA), Ont.",2021S0504501,2016,Percent of households in core housing need,63.2.9,16.0,,4.6,,34.5,,0.0,
2021,"Elliot Lake (CA), Ont.",2021S0504582,2021,Total - Housing indicators,64.1.1,5840,,3545,,2290,,0,
2021,"Elliot Lake (CA), Ont.",2021S0504582,2021,Adequacy: inadequate housing,64.1.2,495,,270,,230,,0,
2021,"Elliot Lake (CA), Ont.",2021S0504582,2021,Percent of households in inadequate housing,64.1.3,8.5,,7.6,,10.0,,0.0,
2021,"Elliot Lake (CA), Ont.",2021S0504582,2021,Suitability: unsuitable housing,64.1.4,95,,40,,50,,0,
2021,"Elliot Lake (CA), Ont.",2021S0504582,2021,Percent of households in unsuitable housing,64.1.5,1.6,,1.1,,2.2,,0.0,
2021,"Elliot Lake (CA), Ont.",2021S0504582,2021,Affordability: unaffordable housing,64.1.6,1155,,360,,800,,0,
2021,"Elliot Lake (CA), Ont.",2021S0504582,2021,Percent of households in unaffordable housing,64.1.7,19.9,,10.2,,35.1,,0.0,
2021,"Elliot Lake (CA), Ont.",2021S0504582,2021,Core housing need: in core housing need,64.1.8,845,,215,,625,,0,
2021,"Elliot Lake (CA), Ont.",2021S0504582,2021,Percent of households in core housing need,64.1.9,14.7,,6.1,,27.7,,0.0,
2021,"Elliot Lake (CA), Ont.",2021S0504582,2016,Total - Housing indicators,64.2.1,5515,,3435,,2080,,0,
2021,"Elliot Lake (CA), Ont.",2021S0504582,2016,Adequacy: inadequate housing,64.2.2,415,,245,,165,,0,
2021,"Elliot Lake (CA), Ont.",2021S0504582,2016,Percent of households in inadequate housing,64.2.3,7.5,,7.1,,7.9,,0.0,
2021,"Elliot Lake (CA), Ont.",2021S0504582,2016,Suitability: unsuitable housing,64.2.4,80,,50,,30,,0,
2021,"Elliot Lake (CA), Ont.",2021S0504582,2016,Percent of households in unsuitable housing,64.2.5,1.5,,1.5,,1.4,,0.0,
2021,"Elliot Lake (CA), Ont.",2021S0504582,2016,Affordability: unaffordable housing,64.2.6,1455,,485,,970,,0,
2021,"Elliot Lake (CA), Ont.",2021S0504582,2016,Percent of households in unaffordable housing,64.2.7,26.4,,14.1,,46.6,,0.0,
2021,"Elliot Lake (CA), Ont.",2021S0504582,2016,Core housing need: in core housing need,64.2.8,725,,200,,530,,0,
2021,"Elliot Lake (CA), Ont.",2021S0504582,2016,Percent of households in core housing need,64.2.9,13.3,,5.9,,25.9,,0.0,
2021,"Essa (CA), Ont.",2021S0504563,2021,Total - Housing indicators,65.1.1,7950,,6405,,1540,,0,
2021,"Essa (CA), Ont.",2021S0504563,2021,Adequacy: inadequate housing,65.1.2,500,,320,,175,,0,
2021,"Essa (CA), Ont.",2021S0504563,2021,Percent of households in inadequate housing,65.1.3,6.3,,5.0,,11.4,,0.0,
2021,"Essa (CA), Ont.",2021S0504563,2021,Suitability: unsuitable housing,65.1.4,280,,190,,90,,0,
2021,"Essa (CA), Ont.",2021S0504563,2021,Percent of households in unsuitable housing,65.1.5,3.5,,3.0,,5.8,,0.0,
2021,"Essa (CA), Ont.",2021S0504563,2021,Affordability: unaffordable housing,65.1.6,1300,,1000,,300,,0,
2021,"Essa (CA), Ont.",2021S0504563,2021,Percent of households in unaffordable housing,65.1.7,16.6,,15.9,,19.6,,0.0,
2021,"Essa (CA), Ont.",2021S0504563,2021,Core housing need: in core housing need,65.1.8,220,,135,,85,,0,
2021,"Essa (CA), Ont.",2021S0504563,2021,Percent of households in core housing need,65.1.9,2.9,,2.2,,5.7,,0.0,
2021,"Essa (CA), Ont.",2021S0504563,2016,Total - Housing indicators,65.2.1,7175,,5790,,1390,,0,
2021,"Essa (CA), Ont.",2021S0504563,2016,Adequacy: inadequate housing,65.2.2,425,,275,,150,,0,
2021,"Essa (CA), Ont.",2021S0504563,2016,Percent of households in inadequate housing,65.2.3,5.9,,4.7,,10.8,,0.0,
2021,"Essa (CA), Ont.",2021S0504563,2016,Suitability: unsuitable housing,65.2.4,185,,110,,75,,0,
2021,"Essa (CA), Ont.",2021S0504563,2016,Percent of households in unsuitable housing,65.2.5,2.6,,1.9,,5.4,,0.0,
2021,"Essa (CA), Ont.",2021S0504563,2016,Affordability: unaffordable housing,65.2.6,1220,,860,,365,,0,
2021,"Essa (CA), Ont.",2021S0504563,2016,Percent of households in unaffordable housing,65.2.7,17.3,,15.2,,26.4,,0.0,
2021,"Essa (CA), Ont.",2021S0504563,2016,Core housing need: in core housing need,65.2.8,465,,230,,240,,0,
2021,"Essa (CA), Ont.",2021S0504563,2016,Percent of households in core housing need,65.2.9,6.7,,4.1,,17.6,,0.0,
2021,"Greater Sudbury (CMA), Ont.",2021S0503580,2021,Total - Housing indicators,66.1.1,73385,,47665,,25655,,70,
2021,"Greater Sudbury (CMA), Ont.",2021S0503580,2021,Adequacy: inadequate housing,66.1.2,5235,,2950,,2265,,10,
2021,"Greater Sudbury (CMA), Ont.",2021S0503580,2021,Percent of households in inadequate housing,66.1.3,7.1,,6.2,,8.8,,14.3,
2021,"Greater Sudbury (CMA), Ont.",2021S0503580,2021,Suitability: unsuitable housing,66.1.4,2060,,655,,1400,,0,
2021,"Greater Sudbury (CMA), Ont.",2021S0503580,2021,Percent of households in unsuitable housing,66.1.5,2.8,,1.4,,5.5,,0.0,
2021,"Greater Sudbury (CMA), Ont.",2021S0503580,2021,Affordability: unaffordable housing,66.1.6,12535,,4490,,8040,,0,
2021,"Greater Sudbury (CMA), Ont.",2021S0503580,2021,Percent of households in unaffordable housing,66.1.7,17.2,,9.5,,31.6,,0.0,
2021,"Greater Sudbury (CMA), Ont.",2021S0503580,2021,Core housing need: in core housing need,66.1.8,5915,,1390,,4530,,0,
2021,"Greater Sudbury (CMA), Ont.",2021S0503580,2021,Percent of households in core housing need,66.1.9,8.2,,3.0,,18.1,,0.0,
2021,"Greater Sudbury (CMA), Ont.",2021S0503580,2016,Total - Housing indicators,66.2.1,71030,,47025,,23950,,55,
2021,"Greater Sudbury (CMA), Ont.",2021S0503580,2016,Adequacy: inadequate housing,66.2.2,5410,,2980,,2415,,15,
2021,"Greater Sudbury (CMA), Ont.",2021S0503580,2016,Percent of households in inadequate housing,66.2.3,7.6,,6.3,,10.1,,27.3,
2021,"Greater Sudbury (CMA), Ont.",2021S0503580,2016,Suitability: unsuitable housing,66.2.4,1665,,680,,975,,0,
2021,"Greater Sudbury (CMA), Ont.",2021S0503580,2016,Percent of households in unsuitable housing,66.2.5,2.3,,1.4,,4.1,,0.0,
2021,"Greater Sudbury (CMA), Ont.",2021S0503580,2016,Affordability: unaffordable housing,66.2.6,15175,,5405,,9775,,0,
2021,"Greater Sudbury (CMA), Ont.",2021S0503580,2016,Percent of households in unaffordable housing,66.2.7,21.5,,11.6,,40.9,,0.0,
2021,"Greater Sudbury (CMA), Ont.",2021S0503580,2016,Core housing need: in core housing need,66.2.8,8655,,1970,,6685,,0,
2021,"Greater Sudbury (CMA), Ont.",2021S0503580,2016,Percent of households in core housing need,66.2.9,12.5,,4.3,,29.2,,0.0,
2021,"Guelph (CMA), Ont.",2021S0503550,2021,Total - Housing indicators,67.1.1,64175,,44135,,20040,,0,
2021,"Guelph (CMA), Ont.",2021S0503550,2021,Adequacy: inadequate housing,67.1.2,3010,,1540,,1470,,0,
2021,"Guelph (CMA), Ont.",2021S0503550,2021,Percent of households in inadequate housing,67.1.3,4.7,,3.5,,7.3,,0.0,
2021,"Guelph (CMA), Ont.",2021S0503550,2021,Suitability: unsuitable housing,67.1.4,3285,,1345,,1940,,0,
2021,"Guelph (CMA), Ont.",2021S0503550,2021,Percent of households in unsuitable housing,67.1.5,5.1,,3.0,,9.7,,0.0,
2021,"Guelph (CMA), Ont.",2021S0503550,2021,Affordability: unaffordable housing,67.1.6,14055,,6715,,7345,,0,
2021,"Guelph (CMA), Ont.",2021S0503550,2021,Percent of households in unaffordable housing,67.1.7,22.0,,15.3,,36.9,,0.0,
2021,"Guelph (CMA), Ont.",2021S0503550,2021,Core housing need: in core housing need,67.1.8,6335,,2140,,4195,,0,
2021,"Guelph (CMA), Ont.",2021S0503550,2021,Percent of households in core housing need,67.1.9,10.1,,4.9,,21.8,,0.0,
2021,"Guelph (CMA), Ont.",2021S0503550,2016,Total - Housing indicators,67.2.1,59280,,41610,,17670,,0,
2021,"Guelph (CMA), Ont.",2021S0503550,2016,Adequacy: inadequate housing,67.2.2,2965,,1610,,1350,,0,
2021,"Guelph (CMA), Ont.",2021S0503550,2016,Percent of households in inadequate housing,67.2.3,5.0,,3.9,,7.6,,0.0,
2021,"Guelph (CMA), Ont.",2021S0503550,2016,Suitability: unsuitable housing,67.2.4,2225,,1035,,1190,,0,
2021,"Guelph (CMA), Ont.",2021S0503550,2016,Percent of households in unsuitable housing,67.2.5,3.8,,2.5,,6.7,,0.0,
2021,"Guelph (CMA), Ont.",2021S0503550,2016,Affordability: unaffordable housing,67.2.6,13835,,6660,,7180,,0,
2021,"Guelph (CMA), Ont.",2021S0503550,2016,Percent of households in unaffordable housing,67.2.7,23.5,,16.1,,40.7,,0.0,
2021,"Guelph (CMA), Ont.",2021S0503550,2016,Core housing need: in core housing need,67.2.8,6370,,1975,,4395,,0,
2021,"Guelph (CMA), Ont.",2021S0503550,2016,Percent of households in core housing need,67.2.9,11.1,,4.9,,26.4,,0.0,
2021,"Hamilton (CMA), Ont.",2021S0503537,2021,Total - Housing indicators,68.1.1,307380,,210785,,96600,,0,
2021,"Hamilton (CMA), Ont.",2021S0503537,2021,Adequacy: inadequate housing,68.1.2,18100,,9330,,8775,,0,
2021,"Hamilton (CMA), Ont.",2021S0503537,2021,Percent of households in inadequate housing,68.1.3,5.9,,4.4,,9.1,,0.0,
2021,"Hamilton (CMA), Ont.",2021S0503537,2021,Suitability: unsuitable housing,68.1.4,16610,,6245,,10360,,0,
2021,"Hamilton (CMA), Ont.",2021S0503537,2021,Percent of households in unsuitable housing,68.1.5,5.4,,3.0,,10.7,,0.0,
2021,"Hamilton (CMA), Ont.",2021S0503537,2021,Affordability: unaffordable housing,68.1.6,70360,,33085,,37275,,0,
2021,"Hamilton (CMA), Ont.",2021S0503537,2021,Percent of households in unaffordable housing,68.1.7,23.0,,15.8,,39.0,,0.0,
2021,"Hamilton (CMA), Ont.",2021S0503537,2021,Core housing need: in core housing need,68.1.8,34555,,10520,,24040,,0,
2021,"Hamilton (CMA), Ont.",2021S0503537,2021,Percent of households in core housing need,68.1.9,11.6,,5.1,,26.1,,0.0,
2021,"Hamilton (CMA), Ont.",2021S0503537,2016,Total - Housing indicators,68.2.1,293345,,206485,,86860,,0,
2021,"Hamilton (CMA), Ont.",2021S0503537,2016,Adequacy: inadequate housing,68.2.2,18370,,9625,,8745,,0,
2021,"Hamilton (CMA), Ont.",2021S0503537,2016,Percent of households in inadequate housing,68.2.3,6.3,,4.7,,10.1,,0.0,
2021,"Hamilton (CMA), Ont.",2021S0503537,2016,Suitability: unsuitable housing,68.2.4,13230,,5385,,7845,,0,
2021,"Hamilton (CMA), Ont.",2021S0503537,2016,Percent of households in unsuitable housing,68.2.5,4.5,,2.6,,9.0,,0.0,
2021,"Hamilton (CMA), Ont.",2021S0503537,2016,Affordability: unaffordable housing,68.2.6,73760,,34525,,39230,,0,
2021,"Hamilton (CMA), Ont.",2021S0503537,2016,Percent of households in unaffordable housing,68.2.7,25.2,,16.8,,45.2,,0.0,
2021,"Hamilton (CMA), Ont.",2021S0503537,2016,Core housing need: in core housing need,68.2.8,36805,,10975,,25830,,0,
2021,"Hamilton (CMA), Ont.",2021S0503537,2016,Percent of households in core housing need,68.2.9,13.0,,5.4,,31.6,,0.0,
2021,"Hawkesbury (CA), Ont./Que.",2021S0504502,2021,Total - Housing indicators,69.1.1,5980,,3085,,2900,,0,
2021,"Hawkesbury (CA), Ont./Que.",2021S0504502,2021,Adequacy: inadequate housing,69.1.2,485,,225,,260,,0,
2021,"Hawkesbury (CA), Ont./Que.",2021S0504502,2021,Percent of households in inadequate housing,69.1.3,8.1,,7.3,,9.0,,0.0,
2021,"Hawkesbury (CA), Ont./Que.",2021S0504502,2021,Suitability: unsuitable housing,69.1.4,175,,55,,115,,0,
2021,"Hawkesbury (CA), Ont./Que.",2021S0504502,2021,Percent of households in unsuitable housing,69.1.5,2.9,,1.8,,4.0,,0.0,
2021,"Hawkesbury (CA), Ont./Que.",2021S0504502,2021,Affordability: unaffordable housing,69.1.6,1265,,365,,895,,0,
2021,"Hawkesbury (CA), Ont./Que.",2021S0504502,2021,Percent of households in unaffordable housing,69.1.7,21.2,,11.9,,31.0,,0.0,
2021,"Hawkesbury (CA), Ont./Que.",2021S0504502,2021,Core housing need: in core housing need,69.1.8,460,,75,,380,,0,
2021,"Hawkesbury (CA), Ont./Que.",2021S0504502,2021,Percent of households in core housing need,69.1.9,7.8,,2.4,,13.4,,0.0,
2021,"Hawkesbury (CA), Ont./Que.",2021S0504502,2016,Total - Housing indicators,69.2.1,5750,,2975,,2770,,0,
2021,"Hawkesbury (CA), Ont./Que.",2021S0504502,2016,Adequacy: inadequate housing,69.2.2,485,,250,,240,,0,
2021,"Hawkesbury (CA), Ont./Que.",2021S0504502,2016,Percent of households in inadequate housing,69.2.3,8.4,,8.4,,8.7,,0.0,
2021,"Hawkesbury (CA), Ont./Que.",2021S0504502,2016,Suitability: unsuitable housing,69.2.4,140,,50,,95,,0,
2021,"Hawkesbury (CA), Ont./Que.",2021S0504502,2016,Percent of households in unsuitable housing,69.2.5,2.4,,1.7,,3.4,,0.0,
2021,"Hawkesbury (CA), Ont./Que.",2021S0504502,2016,Affordability: unaffordable housing,69.2.6,1915,,495,,1425,,0,
2021,"Hawkesbury (CA), Ont./Que.",2021S0504502,2016,Percent of households in unaffordable housing,69.2.7,33.3,,16.6,,51.5,,0.0,
2021,"Hawkesbury (CA), Ont./Que.",2021S0504502,2016,Core housing need: in core housing need,69.2.8,1120,,175,,945,,0,
2021,"Hawkesbury (CA), Ont./Que.",2021S0504502,2016,Percent of households in core housing need,69.2.9,19.9,,6.0,,35.3,,0.0,
2021,"Ingersoll (CA), Ont.",2021S0504533,2021,Total - Housing indicators,70.1.1,5470,,4170,,1295,,0,
2021,"Ingersoll (CA), Ont.",2021S0504533,2021,Adequacy: inadequate housing,70.1.2,330,,205,,125,,0,
2021,"Ingersoll (CA), Ont.",2021S0504533,2021,Percent of households in inadequate housing,70.1.3,6.0,,4.9,,9.7,,0.0,
2021,"Ingersoll (CA), Ont.",2021S0504533,2021,Suitability: unsuitable housing,70.1.4,150,,75,,70,,0,
2021,"Ingersoll (CA), Ont.",2021S0504533,2021,Percent of households in unsuitable housing,70.1.5,2.7,,1.8,,5.4,,0.0,
2021,"Ingersoll (CA), Ont.",2021S0504533,2021,Affordability: unaffordable housing,70.1.6,885,,460,,420,,0,
2021,"Ingersoll (CA), Ont.",2021S0504533,2021,Percent of households in unaffordable housing,70.1.7,16.2,,11.0,,32.6,,0.0,
2021,"Ingersoll (CA), Ont.",2021S0504533,2021,Core housing need: in core housing need,70.1.8,165,,35,,130,,0,
2021,"Ingersoll (CA), Ont.",2021S0504533,2021,Percent of households in core housing need,70.1.9,3.0,,0.8,,10.3,,0.0,
2021,"Ingersoll (CA), Ont.",2021S0504533,2016,Total - Housing indicators,70.2.1,5090,,3825,,1265,,0,
2021,"Ingersoll (CA), Ont.",2021S0504533,2016,Adequacy: inadequate housing,70.2.2,390,,255,,140,,0,
2021,"Ingersoll (CA), Ont.",2021S0504533,2016,Percent of households in inadequate housing,70.2.3,7.7,,6.7,,11.1,,0.0,
2021,"Ingersoll (CA), Ont.",2021S0504533,2016,Suitability: unsuitable housing,70.2.4,105,,50,,50,,0,
2021,"Ingersoll (CA), Ont.",2021S0504533,2016,Percent of households in unsuitable housing,70.2.5,2.1,,1.3,,4.0,,0.0,
2021,"Ingersoll (CA), Ont.",2021S0504533,2016,Affordability: unaffordable housing,70.2.6,950,,475,,475,,0,
2021,"Ingersoll (CA), Ont.",2021S0504533,2016,Percent of households in unaffordable housing,70.2.7,18.7,,12.4,,37.5,,0.0,
2021,"Ingersoll (CA), Ont.",2021S0504533,2016,Core housing need: in core housing need,70.2.8,455,,105,,350,,0,
2021,"Ingersoll (CA), Ont.",2021S0504533,2016,Percent of households in core housing need,70.2.9,9.1,,2.8,,28.7,,0.0,
2021,"Kawartha Lakes (CA), Ont.",2021S0504530,2021,Total - Housing indicators,71.1.1,32710,,27090,,5620,,0,
2021,"Kawartha Lakes (CA), Ont.",2021S0504530,2021,Adequacy: inadequate housing,71.1.2,2255,,1670,,585,,0,
2021,"Kawartha Lakes (CA), Ont.",2021S0504530,2021,Percent of households in inadequate housing,71.1.3,6.9,,6.2,,10.4,,0.0,
2021,"Kawartha Lakes (CA), Ont.",2021S0504530,2021,Suitability: unsuitable housing,71.1.4,875,,515,,365,,0,
2021,"Kawartha Lakes (CA), Ont.",2021S0504530,2021,Percent of households in unsuitable housing,71.1.5,2.7,,1.9,,6.5,,0.0,
2021,"Kawartha Lakes (CA), Ont.",2021S0504530,2021,Affordability: unaffordable housing,71.1.6,6085,,3825,,2255,,0,
2021,"Kawartha Lakes (CA), Ont.",2021S0504530,2021,Percent of households in unaffordable housing,71.1.7,19.1,,14.6,,40.6,,0.0,
2021,"Kawartha Lakes (CA), Ont.",2021S0504530,2021,Core housing need: in core housing need,71.1.8,3240,,1700,,1540,,0,
2021,"Kawartha Lakes (CA), Ont.",2021S0504530,2021,Percent of households in core housing need,71.1.9,10.3,,6.6,,28.3,,0.0,
2021,"Kawartha Lakes (CA), Ont.",2021S0504530,2016,Total - Housing indicators,71.2.1,31110,,25780,,5325,,0,
2021,"Kawartha Lakes (CA), Ont.",2021S0504530,2016,Adequacy: inadequate housing,71.2.2,2035,,1450,,590,,0,
2021,"Kawartha Lakes (CA), Ont.",2021S0504530,2016,Percent of households in inadequate housing,71.2.3,6.5,,5.6,,11.1,,0.0,
2021,"Kawartha Lakes (CA), Ont.",2021S0504530,2016,Suitability: unsuitable housing,71.2.4,780,,510,,275,,0,
2021,"Kawartha Lakes (CA), Ont.",2021S0504530,2016,Percent of households in unsuitable housing,71.2.5,2.5,,2.0,,5.2,,0.0,
2021,"Kawartha Lakes (CA), Ont.",2021S0504530,2016,Affordability: unaffordable housing,71.2.6,7110,,4375,,2735,,0,
2021,"Kawartha Lakes (CA), Ont.",2021S0504530,2016,Percent of households in unaffordable housing,71.2.7,23.7,,17.7,,51.6,,0.0,
2021,"Kawartha Lakes (CA), Ont.",2021S0504530,2016,Core housing need: in core housing need,71.2.8,3900,,1930,,1970,,0,
2021,"Kawartha Lakes (CA), Ont.",2021S0504530,2016,Percent of households in core housing need,71.2.9,13.3,,8.0,,39.4,,0.0,
2021,"Kenora (CA), Ont.",2021S0504598,2021,Total - Housing indicators,72.1.1,6510,,4785,,1725,,0,
2021,"Kenora (CA), Ont.",2021S0504598,2021,Adequacy: inadequate housing,72.1.2,640,,445,,190,,0,
2021,"Kenora (CA), Ont.",2021S0504598,2021,Percent of households in inadequate housing,72.1.3,9.8,,9.3,,11.0,,0.0,
2021,"Kenora (CA), Ont.",2021S0504598,2021,Suitability: unsuitable housing,72.1.4,235,,125,,115,,0,
2021,"Kenora (CA), Ont.",2021S0504598,2021,Percent of households in unsuitable housing,72.1.5,3.6,,2.6,,6.7,,0.0,
2021,"Kenora (CA), Ont.",2021S0504598,2021,Affordability: unaffordable housing,72.1.6,1090,,455,,630,,0,
2021,"Kenora (CA), Ont.",2021S0504598,2021,Percent of households in unaffordable housing,72.1.7,16.8,,9.5,,36.6,,0.0,
2021,"Kenora (CA), Ont.",2021S0504598,2021,Core housing need: in core housing need,72.1.8,415,,130,,290,,0,
2021,"Kenora (CA), Ont.",2021S0504598,2021,Percent of households in core housing need,72.1.9,6.5,,2.7,,17.3,,0.0,
2021,"Kenora (CA), Ont.",2021S0504598,2016,Total - Housing indicators,72.2.1,6475,,4835,,1640,,0,
2021,"Kenora (CA), Ont.",2021S0504598,2016,Adequacy: inadequate housing,72.2.2,650,,460,,190,,0,
2021,"Kenora (CA), Ont.",2021S0504598,2016,Percent of households in inadequate housing,72.2.3,10.0,,9.5,,11.6,,0.0,
2021,"Kenora (CA), Ont.",2021S0504598,2016,Suitability: unsuitable housing,72.2.4,240,,80,,160,,0,
2021,"Kenora (CA), Ont.",2021S0504598,2016,Percent of households in unsuitable housing,72.2.5,3.7,,1.7,,9.8,,0.0,
2021,"Kenora (CA), Ont.",2021S0504598,2016,Affordability: unaffordable housing,72.2.6,1265,,585,,685,,0,
2021,"Kenora (CA), Ont.",2021S0504598,2016,Percent of households in unaffordable housing,72.2.7,19.6,,12.1,,41.9,,0.0,
2021,"Kenora (CA), Ont.",2021S0504598,2016,Core housing need: in core housing need,72.2.8,735,,230,,505,,0,
2021,"Kenora (CA), Ont.",2021S0504598,2016,Percent of households in core housing need,72.2.9,11.5,,4.8,,31.6,,0.0,
2021,"Kingston (CMA), Ont.",2021S0503521,2021,Total - Housing indicators,73.1.1,73505,,46160,,27345,,0,
2021,"Kingston (CMA), Ont.",2021S0503521,2021,Adequacy: inadequate housing,73.1.2,4990,,2505,,2485,,0,
2021,"Kingston (CMA), Ont.",2021S0503521,2021,Percent of households in inadequate housing,73.1.3,6.8,,5.4,,9.1,,0.0,
2021,"Kingston (CMA), Ont.",2021S0503521,2021,Suitability: unsuitable housing,73.1.4,2555,,745,,1810,,0,
2021,"Kingston (CMA), Ont.",2021S0503521,2021,Percent of households in unsuitable housing,73.1.5,3.5,,1.6,,6.6,,0.0,
2021,"Kingston (CMA), Ont.",2021S0503521,2021,Affordability: unaffordable housing,73.1.6,16485,,5265,,11225,,0,
2021,"Kingston (CMA), Ont.",2021S0503521,2021,Percent of households in unaffordable housing,73.1.7,22.6,,11.5,,41.4,,0.0,
2021,"Kingston (CMA), Ont.",2021S0503521,2021,Core housing need: in core housing need,73.1.8,6780,,1615,,5165,,0,
2021,"Kingston (CMA), Ont.",2021S0503521,2021,Percent of households in core housing need,73.1.9,9.5,,3.6,,19.9,,0.0,
2021,"Kingston (CMA), Ont.",2021S0503521,2016,Total - Housing indicators,73.2.1,67915,,44525,,23390,,0,
2021,"Kingston (CMA), Ont.",2021S0503521,2016,Adequacy: inadequate housing,73.2.2,4125,,2100,,2030,,0,
2021,"Kingston (CMA), Ont.",2021S0503521,2016,Percent of households in inadequate housing,73.2.3,6.1,,4.7,,8.7,,0.0,
2021,"Kingston (CMA), Ont.",2021S0503521,2016,Suitability: unsuitable housing,73.2.4,1865,,650,,1210,,0,
2021,"Kingston (CMA), Ont.",2021S0503521,2016,Percent of households in unsuitable housing,73.2.5,2.7,,1.5,,5.2,,0.0,
2021,"Kingston (CMA), Ont.",2021S0503521,2016,Affordability: unaffordable housing,73.2.6,17550,,6280,,11275,,0,
2021,"Kingston (CMA), Ont.",2021S0503521,2016,Percent of households in unaffordable housing,73.2.7,26.0,,14.2,,48.3,,0.0,
2021,"Kingston (CMA), Ont.",2021S0503521,2016,Core housing need: in core housing need,73.2.8,9265,,2355,,6905,,0,
2021,"Kingston (CMA), Ont.",2021S0503521,2016,Percent of households in core housing need,73.2.9,14.2,,5.4,,31.6,,0.0,
2021,"Kitchener - Cambridge - Waterloo (CMA), Ont.",2021S0503541,2021,Total - Housing indicators,74.1.1,219060,,141590,,77470,,0,
2021,"Kitchener - Cambridge - Waterloo (CMA), Ont.",2021S0503541,2021,Adequacy: inadequate housing,74.1.2,9880,,4675,,5205,,0,
2021,"Kitchener - Cambridge - Waterloo (CMA), Ont.",2021S0503541,2021,Percent of households in inadequate housing,74.1.3,4.5,,3.3,,6.7,,0.0,
2021,"Kitchener - Cambridge - Waterloo (CMA), Ont.",2021S0503541,2021,Suitability: unsuitable housing,74.1.4,13085,,4540,,8545,,0,
2021,"Kitchener - Cambridge - Waterloo (CMA), Ont.",2021S0503541,2021,Percent of households in unsuitable housing,74.1.5,6.0,,3.2,,11.0,,0.0,
2021,"Kitchener - Cambridge - Waterloo (CMA), Ont.",2021S0503541,2021,Affordability: unaffordable housing,74.1.6,47860,,19555,,28310,,0,
2021,"Kitchener - Cambridge - Waterloo (CMA), Ont.",2021S0503541,2021,Percent of households in unaffordable housing,74.1.7,22.0,,13.9,,36.9,,0.0,
2021,"Kitchener - Cambridge - Waterloo (CMA), Ont.",2021S0503541,2021,Core housing need: in core housing need,74.1.8,19265,,5240,,14025,,0,
2021,"Kitchener - Cambridge - Waterloo (CMA), Ont.",2021S0503541,2021,Percent of households in core housing need,74.1.9,9.0,,3.8,,19.0,,0.0,
2021,"Kitchener - Cambridge - Waterloo (CMA), Ont.",2021S0503541,2016,Total - Housing indicators,74.2.1,200495,,136145,,64350,,0,
2021,"Kitchener - Cambridge - Waterloo (CMA), Ont.",2021S0503541,2016,Adequacy: inadequate housing,74.2.2,10070,,5230,,4835,,0,
2021,"Kitchener - Cambridge - Waterloo (CMA), Ont.",2021S0503541,2016,Percent of households in inadequate housing,74.2.3,5.0,,3.8,,7.5,,0.0,
2021,"Kitchener - Cambridge - Waterloo (CMA), Ont.",2021S0503541,2016,Suitability: unsuitable housing,74.2.4,8940,,3600,,5340,,0,
2021,"Kitchener - Cambridge - Waterloo (CMA), Ont.",2021S0503541,2016,Percent of households in unsuitable housing,74.2.5,4.5,,2.6,,8.3,,0.0,
2021,"Kitchener - Cambridge - Waterloo (CMA), Ont.",2021S0503541,2016,Affordability: unaffordable housing,74.2.6,46990,,19805,,27180,,0,
2021,"Kitchener - Cambridge - Waterloo (CMA), Ont.",2021S0503541,2016,Percent of households in unaffordable housing,74.2.7,23.5,,14.6,,42.3,,0.0,
2021,"Kitchener - Cambridge - Waterloo (CMA), Ont.",2021S0503541,2016,Core housing need: in core housing need,74.2.8,22075,,6005,,16075,,0,
2021,"Kitchener - Cambridge - Waterloo (CMA), Ont.",2021S0503541,2016,Percent of households in core housing need,74.2.9,11.4,,4.5,,26.7,,0.0,
2021,"London (CMA), Ont.",2021S0503555,2021,Total - Housing indicators,75.1.1,222240,,139065,,83170,,0,
2021,"London (CMA), Ont.",2021S0503555,2021,Adequacy: inadequate housing,75.1.2,11930,,5370,,6565,,0,
2021,"London (CMA), Ont.",2021S0503555,2021,Percent of households in inadequate housing,75.1.3,5.4,,3.9,,7.9,,0.0,
2021,"London (CMA), Ont.",2021S0503555,2021,Suitability: unsuitable housing,75.1.4,11635,,3415,,8215,,0,
2021,"London (CMA), Ont.",2021S0503555,2021,Percent of households in unsuitable housing,75.1.5,5.2,,2.5,,9.9,,0.0,
2021,"London (CMA), Ont.",2021S0503555,2021,Affordability: unaffordable housing,75.1.6,48980,,17370,,31610,,0,
2021,"London (CMA), Ont.",2021S0503555,2021,Percent of households in unaffordable housing,75.1.7,22.3,,12.6,,38.4,,0.0,
2021,"London (CMA), Ont.",2021S0503555,2021,Core housing need: in core housing need,75.1.8,22080,,5205,,16880,,0,
2021,"London (CMA), Ont.",2021S0503555,2021,Percent of households in core housing need,75.1.9,10.3,,3.8,,21.4,,0.0,
2021,"London (CMA), Ont.",2021S0503555,2016,Total - Housing indicators,75.2.1,206445,,132175,,74280,,0,
2021,"London (CMA), Ont.",2021S0503555,2016,Adequacy: inadequate housing,75.2.2,12110,,6195,,5915,,0,
2021,"London (CMA), Ont.",2021S0503555,2016,Percent of households in inadequate housing,75.2.3,5.9,,4.7,,8.0,,0.0,
2021,"London (CMA), Ont.",2021S0503555,2016,Suitability: unsuitable housing,75.2.4,8235,,2735,,5500,,0,
2021,"London (CMA), Ont.",2021S0503555,2016,Percent of households in unsuitable housing,75.2.5,4.0,,2.1,,7.4,,0.0,
2021,"London (CMA), Ont.",2021S0503555,2016,Affordability: unaffordable housing,75.2.6,52400,,18515,,33885,,0,
2021,"London (CMA), Ont.",2021S0503555,2016,Percent of households in unaffordable housing,75.2.7,25.6,,14.2,,45.7,,0.0,
2021,"London (CMA), Ont.",2021S0503555,2016,Core housing need: in core housing need,75.2.8,27395,,6515,,20875,,0,
2021,"London (CMA), Ont.",2021S0503555,2016,Percent of households in core housing need,75.2.9,13.9,,5.1,,30.3,,0.0,
2021,"Midland (CA), Ont.",2021S0504571,2021,Total - Housing indicators,76.1.1,11825,,8165,,3660,,0,
2021,"Midland (CA), Ont.",2021S0504571,2021,Adequacy: inadequate housing,76.1.2,905,,545,,360,,0,
2021,"Midland (CA), Ont.",2021S0504571,2021,Percent of households in inadequate housing,76.1.3,7.7,,6.7,,9.8,,0.0,
2021,"Midland (CA), Ont.",2021S0504571,2021,Suitability: unsuitable housing,76.1.4,310,,155,,155,,0,
2021,"Midland (CA), Ont.",2021S0504571,2021,Percent of households in unsuitable housing,76.1.5,2.6,,1.9,,4.2,,0.0,
2021,"Midland (CA), Ont.",2021S0504571,2021,Affordability: unaffordable housing,76.1.6,2645,,1105,,1535,,0,
2021,"Midland (CA), Ont.",2021S0504571,2021,Percent of households in unaffordable housing,76.1.7,22.4,,13.6,,42.1,,0.0,
2021,"Midland (CA), Ont.",2021S0504571,2021,Core housing need: in core housing need,76.1.8,1275,,325,,955,,0,
2021,"Midland (CA), Ont.",2021S0504571,2021,Percent of households in core housing need,76.1.9,11.0,,4.1,,26.6,,0.0,
2021,"Midland (CA), Ont.",2021S0504571,2016,Total - Housing indicators,76.2.1,11055,,7445,,3605,,0,
2021,"Midland (CA), Ont.",2021S0504571,2016,Adequacy: inadequate housing,76.2.2,765,,400,,365,,0,
2021,"Midland (CA), Ont.",2021S0504571,2016,Percent of households in inadequate housing,76.2.3,6.9,,5.4,,10.1,,0.0,
2021,"Midland (CA), Ont.",2021S0504571,2016,Suitability: unsuitable housing,76.2.4,335,,130,,205,,0,
2021,"Midland (CA), Ont.",2021S0504571,2016,Percent of households in unsuitable housing,76.2.5,3.0,,1.7,,5.7,,0.0,
2021,"Midland (CA), Ont.",2021S0504571,2016,Affordability: unaffordable housing,76.2.6,3220,,1345,,1875,,0,
2021,"Midland (CA), Ont.",2021S0504571,2016,Percent of households in unaffordable housing,76.2.7,29.2,,18.1,,52.1,,0.0,
2021,"Midland (CA), Ont.",2021S0504571,2016,Core housing need: in core housing need,76.2.8,1810,,470,,1340,,0,
2021,"Midland (CA), Ont.",2021S0504571,2016,Percent of households in core housing need,76.2.9,16.8,,6.4,,38.6,,0.0,
2021,"Norfolk (CA), Ont.",2021S0504547,2021,Total - Housing indicators,77.1.1,27595,,22510,,5085,,0,
2021,"Norfolk (CA), Ont.",2021S0504547,2021,Adequacy: inadequate housing,77.1.2,1605,,1130,,475,,0,
2021,"Norfolk (CA), Ont.",2021S0504547,2021,Percent of households in inadequate housing,77.1.3,5.8,,5.0,,9.3,,0.0,
2021,"Norfolk (CA), Ont.",2021S0504547,2021,Suitability: unsuitable housing,77.1.4,905,,610,,290,,0,
2021,"Norfolk (CA), Ont.",2021S0504547,2021,Percent of households in unsuitable housing,77.1.5,3.3,,2.7,,5.7,,0.0,
2021,"Norfolk (CA), Ont.",2021S0504547,2021,Affordability: unaffordable housing,77.1.6,4180,,2470,,1710,,0,
2021,"Norfolk (CA), Ont.",2021S0504547,2021,Percent of households in unaffordable housing,77.1.7,15.6,,11.3,,34.1,,0.0,
2021,"Norfolk (CA), Ont.",2021S0504547,2021,Core housing need: in core housing need,77.1.8,1600,,710,,890,,0,
2021,"Norfolk (CA), Ont.",2021S0504547,2021,Percent of households in core housing need,77.1.9,6.0,,3.3,,18.2,,0.0,
2021,"Norfolk (CA), Ont.",2021S0504547,2016,Total - Housing indicators,77.2.1,26010,,20780,,5225,,0,
2021,"Norfolk (CA), Ont.",2021S0504547,2016,Adequacy: inadequate housing,77.2.2,1700,,1175,,525,,0,
2021,"Norfolk (CA), Ont.",2021S0504547,2016,Percent of households in inadequate housing,77.2.3,6.5,,5.7,,10.0,,0.0,
2021,"Norfolk (CA), Ont.",2021S0504547,2016,Suitability: unsuitable housing,77.2.4,715,,405,,310,,0,
2021,"Norfolk (CA), Ont.",2021S0504547,2016,Percent of households in unsuitable housing,77.2.5,2.7,,1.9,,5.9,,0.0,
2021,"Norfolk (CA), Ont.",2021S0504547,2016,Affordability: unaffordable housing,77.2.6,5105,,2945,,2165,,0,
2021,"Norfolk (CA), Ont.",2021S0504547,2016,Percent of households in unaffordable housing,77.2.7,20.3,,14.7,,42.0,,0.0,
2021,"Norfolk (CA), Ont.",2021S0504547,2016,Core housing need: in core housing need,77.2.8,2130,,890,,1245,,0,
2021,"Norfolk (CA), Ont.",2021S0504547,2016,Percent of households in core housing need,77.2.9,8.6,,4.5,,25.1,,0.0,
2021,"North Bay (CA), Ont.",2021S0504575,2021,Total - Housing indicators,78.1.1,31185,,20880,,10300,,0,
2021,"North Bay (CA), Ont.",2021S0504575,2021,Adequacy: inadequate housing,78.1.2,2130,,1335,,795,,0,
2021,"North Bay (CA), Ont.",2021S0504575,2021,Percent of households in inadequate housing,78.1.3,6.8,,6.4,,7.7,,0.0,
2021,"North Bay (CA), Ont.",2021S0504575,2021,Suitability: unsuitable housing,78.1.4,845,,300,,540,,0,
2021,"North Bay (CA), Ont.",2021S0504575,2021,Percent of households in unsuitable housing,78.1.5,2.7,,1.4,,5.2,,0.0,
2021,"North Bay (CA), Ont.",2021S0504575,2021,Affordability: unaffordable housing,78.1.6,5960,,2325,,3640,,0,
2021,"North Bay (CA), Ont.",2021S0504575,2021,Percent of households in unaffordable housing,78.1.7,19.2,,11.2,,35.5,,0.0,
2021,"North Bay (CA), Ont.",2021S0504575,2021,Core housing need: in core housing need,78.1.8,2900,,710,,2190,,0,
2021,"North Bay (CA), Ont.",2021S0504575,2021,Percent of households in core housing need,78.1.9,9.5,,3.5,,21.7,,0.0,
2021,"North Bay (CA), Ont.",2021S0504575,2016,Total - Housing indicators,78.2.1,30120,,20455,,9665,,0,
2021,"North Bay (CA), Ont.",2021S0504575,2016,Adequacy: inadequate housing,78.2.2,2375,,1425,,950,,0,
2021,"North Bay (CA), Ont.",2021S0504575,2016,Percent of households in inadequate housing,78.2.3,7.9,,7.0,,9.8,,0.0,
2021,"North Bay (CA), Ont.",2021S0504575,2016,Suitability: unsuitable housing,78.2.4,695,,290,,405,,0,
2021,"North Bay (CA), Ont.",2021S0504575,2016,Percent of households in unsuitable housing,78.2.5,2.3,,1.4,,4.2,,0.0,
2021,"North Bay (CA), Ont.",2021S0504575,2016,Affordability: unaffordable housing,78.2.6,7845,,3230,,4620,,0,
2021,"North Bay (CA), Ont.",2021S0504575,2016,Percent of households in unaffordable housing,78.2.7,26.2,,15.9,,47.8,,0.0,
2021,"North Bay (CA), Ont.",2021S0504575,2016,Core housing need: in core housing need,78.2.8,4490,,1245,,3240,,0,
2021,"North Bay (CA), Ont.",2021S0504575,2016,Percent of households in core housing need,78.2.9,15.3,,6.2,,35.1,,0.0,
2021,"Orillia (CA), Ont.",2021S0504569,2021,Total - Housing indicators,79.1.1,14425,,8825,,5595,,0,
2021,"Orillia (CA), Ont.",2021S0504569,2021,Adequacy: inadequate housing,79.1.2,945,,500,,445,,0,
2021,"Orillia (CA), Ont.",2021S0504569,2021,Percent of households in inadequate housing,79.1.3,6.6,,5.7,,8.0,,0.0,
2021,"Orillia (CA), Ont.",2021S0504569,2021,Suitability: unsuitable housing,79.1.4,495,,150,,350,,0,
2021,"Orillia (CA), Ont.",2021S0504569,2021,Percent of households in unsuitable housing,79.1.5,3.4,,1.7,,6.3,,0.0,
2021,"Orillia (CA), Ont.",2021S0504569,2021,Affordability: unaffordable housing,79.1.6,3835,,1345,,2490,,0,
2021,"Orillia (CA), Ont.",2021S0504569,2021,Percent of households in unaffordable housing,79.1.7,26.7,,15.3,,44.8,,0.0,
2021,"Orillia (CA), Ont.",2021S0504569,2021,Core housing need: in core housing need,79.1.8,1810,,475,,1335,,0,
2021,"Orillia (CA), Ont.",2021S0504569,2021,Percent of households in core housing need,79.1.9,12.9,,5.5,,24.7,,0.0,
2021,"Orillia (CA), Ont.",2021S0504569,2016,Total - Housing indicators,79.2.1,13475,,8365,,5110,,0,
2021,"Orillia (CA), Ont.",2021S0504569,2016,Adequacy: inadequate housing,79.2.2,1005,,545,,460,,0,
2021,"Orillia (CA), Ont.",2021S0504569,2016,Percent of households in inadequate housing,79.2.3,7.5,,6.5,,9.0,,0.0,
2021,"Orillia (CA), Ont.",2021S0504569,2016,Suitability: unsuitable housing,79.2.4,545,,150,,390,,0,
2021,"Orillia (CA), Ont.",2021S0504569,2016,Percent of households in unsuitable housing,79.2.5,4.0,,1.8,,7.6,,0.0,
2021,"Orillia (CA), Ont.",2021S0504569,2016,Affordability: unaffordable housing,79.2.6,4220,,1580,,2640,,0,
2021,"Orillia (CA), Ont.",2021S0504569,2016,Percent of households in unaffordable housing,79.2.7,31.3,,18.9,,51.7,,0.0,
2021,"Orillia (CA), Ont.",2021S0504569,2016,Core housing need: in core housing need,79.2.8,2695,,695,,2005,,0,
2021,"Orillia (CA), Ont.",2021S0504569,2016,Percent of households in core housing need,79.2.9,20.6,,8.5,,40.9,,0.0,
2021,"Oshawa (CMA), Ont.",2021S0503532,2021,Total - Housing indicators,80.1.1,149050,,111680,,37370,,0,
2021,"Oshawa (CMA), Ont.",2021S0503532,2021,Adequacy: inadequate housing,80.1.2,6860,,3855,,3005,,0,
2021,"Oshawa (CMA), Ont.",2021S0503532,2021,Percent of households in inadequate housing,80.1.3,4.6,,3.5,,8.0,,0.0,
2021,"Oshawa (CMA), Ont.",2021S0503532,2021,Suitability: unsuitable housing,80.1.4,7230,,3855,,3380,,0,
2021,"Oshawa (CMA), Ont.",2021S0503532,2021,Percent of households in unsuitable housing,80.1.5,4.9,,3.5,,9.0,,0.0,
2021,"Oshawa (CMA), Ont.",2021S0503532,2021,Affordability: unaffordable housing,80.1.6,34865,,19400,,15470,,0,
2021,"Oshawa (CMA), Ont.",2021S0503532,2021,Percent of households in unaffordable housing,80.1.7,23.5,,17.4,,41.7,,0.0,
2021,"Oshawa (CMA), Ont.",2021S0503532,2021,Core housing need: in core housing need,80.1.8,16170,,5875,,10295,,0,
2021,"Oshawa (CMA), Ont.",2021S0503532,2021,Percent of households in core housing need,80.1.9,11.1,,5.4,,28.6,,0.0,
2021,"Oshawa (CMA), Ont.",2021S0503532,2016,Total - Housing indicators,80.2.1,138960,,108085,,30875,,0,
2021,"Oshawa (CMA), Ont.",2021S0503532,2016,Adequacy: inadequate housing,80.2.2,7250,,4170,,3085,,0,
2021,"Oshawa (CMA), Ont.",2021S0503532,2016,Percent of households in inadequate housing,80.2.3,5.2,,3.9,,10.0,,0.0,
2021,"Oshawa (CMA), Ont.",2021S0503532,2016,Suitability: unsuitable housing,80.2.4,5175,,2715,,2465,,0,
2021,"Oshawa (CMA), Ont.",2021S0503532,2016,Percent of households in unsuitable housing,80.2.5,3.7,,2.5,,8.0,,0.0,
2021,"Oshawa (CMA), Ont.",2021S0503532,2016,Affordability: unaffordable housing,80.2.6,34340,,19390,,14945,,0,
2021,"Oshawa (CMA), Ont.",2021S0503532,2016,Percent of households in unaffordable housing,80.2.7,24.8,,18.0,,48.5,,0.0,
2021,"Oshawa (CMA), Ont.",2021S0503532,2016,Core housing need: in core housing need,80.2.8,17165,,6310,,10850,,0,
2021,"Oshawa (CMA), Ont.",2021S0503532,2016,Percent of households in core housing need,80.2.9,12.7,,6.0,,37.1,,0.0,
2021,"Ottawa - Gatineau (CMA), Ont./Que.",2021S0503505,2021,Total - Housing indicators,81.1.1,604725,,395730,,208995,,0,
2021,"Ottawa - Gatineau (CMA), Ont./Que.",2021S0503505,2021,Adequacy: inadequate housing,81.1.2,33320,,17430,,15890,,0,
2021,"Ottawa - Gatineau (CMA), Ont./Que.",2021S0503505,2021,Percent of households in inadequate housing,81.1.3,5.5,,4.4,,7.6,,0.0,
2021,"Ottawa - Gatineau (CMA), Ont./Que.",2021S0503505,2021,Suitability: unsuitable housing,81.1.4,28360,,8745,,19620,,0,
2021,"Ottawa - Gatineau (CMA), Ont./Que.",2021S0503505,2021,Percent of households in unsuitable housing,81.1.5,4.7,,2.2,,9.4,,0.0,
2021,"Ottawa - Gatineau (CMA), Ont./Que.",2021S0503505,2021,Affordability: unaffordable housing,81.1.6,110775,,42915,,67865,,0,
2021,"Ottawa - Gatineau (CMA), Ont./Que.",2021S0503505,2021,Percent of households in unaffordable housing,81.1.7,18.4,,10.9,,32.7,,0.0,
2021,"Ottawa - Gatineau (CMA), Ont./Que.",2021S0503505,2021,Core housing need: in core housing need,81.1.8,55250,,14740,,40510,,0,
2021,"Ottawa - Gatineau (CMA), Ont./Que.",2021S0503505,2021,Percent of households in core housing need,81.1.9,9.4,,3.8,,20.3,,0.0,
2021,"Ottawa - Gatineau (CMA), Ont./Que.",2021S0503505,2016,Total - Housing indicators,81.2.1,554900,,372125,,182775,,0,
2021,"Ottawa - Gatineau (CMA), Ont./Que.",2021S0503505,2016,Adequacy: inadequate housing,81.2.2,31130,,16500,,14635,,0,
2021,"Ottawa - Gatineau (CMA), Ont./Que.",2021S0503505,2016,Percent of households in inadequate housing,81.2.3,5.6,,4.4,,8.0,,0.0,
2021,"Ottawa - Gatineau (CMA), Ont./Que.",2021S0503505,2016,Suitability: unsuitable housing,81.2.4,22445,,7730,,14720,,0,
2021,"Ottawa - Gatineau (CMA), Ont./Que.",2021S0503505,2016,Percent of households in unsuitable housing,81.2.5,4.0,,2.1,,8.1,,0.0,
2021,"Ottawa - Gatineau (CMA), Ont./Que.",2021S0503505,2016,Affordability: unaffordable housing,81.2.6,124040,,49875,,74170,,0,
2021,"Ottawa - Gatineau (CMA), Ont./Que.",2021S0503505,2016,Percent of households in unaffordable housing,81.2.7,22.4,,13.5,,40.6,,0.0,
2021,"Ottawa - Gatineau (CMA), Ont./Que.",2021S0503505,2016,Core housing need: in core housing need,81.2.8,63120,,16810,,46310,,0,
2021,"Ottawa - Gatineau (CMA), Ont./Que.",2021S0503505,2016,Percent of households in core housing need,81.2.9,11.8,,4.6,,27.2,,0.0,
2021,"Owen Sound (CA), Ont.",2021S0504566,2021,Total - Housing indicators,82.1.1,14390,,9920,,4470,,0,
2021,"Owen Sound (CA), Ont.",2021S0504566,2021,Adequacy: inadequate housing,82.1.2,975,,625,,355,,0,
2021,"Owen Sound (CA), Ont.",2021S0504566,2021,Percent of households in inadequate housing,82.1.3,6.8,,6.3,,7.9,,0.0,
2021,"Owen Sound (CA), Ont.",2021S0504566,2021,Suitability: unsuitable housing,82.1.4,415,,150,,270,,0,
2021,"Owen Sound (CA), Ont.",2021S0504566,2021,Percent of households in unsuitable housing,82.1.5,2.9,,1.5,,6.0,,0.0,
2021,"Owen Sound (CA), Ont.",2021S0504566,2021,Affordability: unaffordable housing,82.1.6,2875,,1190,,1680,,0,
2021,"Owen Sound (CA), Ont.",2021S0504566,2021,Percent of households in unaffordable housing,82.1.7,20.3,,12.2,,37.8,,0.0,
2021,"Owen Sound (CA), Ont.",2021S0504566,2021,Core housing need: in core housing need,82.1.8,1270,,370,,905,,0,
2021,"Owen Sound (CA), Ont.",2021S0504566,2021,Percent of households in core housing need,82.1.9,9.1,,3.8,,20.8,,0.0,
2021,"Owen Sound (CA), Ont.",2021S0504566,2016,Total - Housing indicators,82.2.1,13890,,9420,,4470,,0,
2021,"Owen Sound (CA), Ont.",2021S0504566,2016,Adequacy: inadequate housing,82.2.2,1020,,600,,415,,0,
2021,"Owen Sound (CA), Ont.",2021S0504566,2016,Percent of households in inadequate housing,82.2.3,7.3,,6.4,,9.3,,0.0,
2021,"Owen Sound (CA), Ont.",2021S0504566,2016,Suitability: unsuitable housing,82.2.4,310,,95,,215,,0,
2021,"Owen Sound (CA), Ont.",2021S0504566,2016,Percent of households in unsuitable housing,82.2.5,2.2,,1.0,,4.8,,0.0,
2021,"Owen Sound (CA), Ont.",2021S0504566,2016,Affordability: unaffordable housing,82.2.6,3500,,1340,,2165,,0,
2021,"Owen Sound (CA), Ont.",2021S0504566,2016,Percent of households in unaffordable housing,82.2.7,25.6,,14.5,,48.5,,0.0,
2021,"Owen Sound (CA), Ont.",2021S0504566,2016,Core housing need: in core housing need,82.2.8,1855,,460,,1395,,0,
2021,"Owen Sound (CA), Ont.",2021S0504566,2016,Percent of households in core housing need,82.2.9,13.9,,5.1,,32.5,,0.0,
2021,"Pembroke (CA), Ont.",2021S0504515,2021,Total - Housing indicators,83.1.1,10260,,7045,,3210,,0,
2021,"Pembroke (CA), Ont.",2021S0504515,2021,Adequacy: inadequate housing,83.1.2,790,,430,,355,,0,
2021,"Pembroke (CA), Ont.",2021S0504515,2021,Percent of households in inadequate housing,83.1.3,7.7,,6.1,,11.1,,0.0,
2021,"Pembroke (CA), Ont.",2021S0504515,2021,Suitability: unsuitable housing,83.1.4,290,,130,,155,,0,
2021,"Pembroke (CA), Ont.",2021S0504515,2021,Percent of households in unsuitable housing,83.1.5,2.8,,1.8,,4.8,,0.0,
2021,"Pembroke (CA), Ont.",2021S0504515,2021,Affordability: unaffordable housing,83.1.6,1795,,655,,1145,,0,
2021,"Pembroke (CA), Ont.",2021S0504515,2021,Percent of households in unaffordable housing,83.1.7,17.7,,9.4,,35.8,,0.0,
2021,"Pembroke (CA), Ont.",2021S0504515,2021,Core housing need: in core housing need,83.1.8,900,,195,,710,,0,
2021,"Pembroke (CA), Ont.",2021S0504515,2021,Percent of households in core housing need,83.1.9,9.0,,2.8,,22.5,,0.0,
2021,"Pembroke (CA), Ont.",2021S0504515,2016,Total - Housing indicators,83.2.1,9915,,6915,,3000,,0,
2021,"Pembroke (CA), Ont.",2021S0504515,2016,Adequacy: inadequate housing,83.2.2,900,,575,,330,,0,
2021,"Pembroke (CA), Ont.",2021S0504515,2016,Percent of households in inadequate housing,83.2.3,9.1,,8.3,,11.0,,0.0,
2021,"Pembroke (CA), Ont.",2021S0504515,2016,Suitability: unsuitable housing,83.2.4,230,,110,,120,,0,
2021,"Pembroke (CA), Ont.",2021S0504515,2016,Percent of households in unsuitable housing,83.2.5,2.3,,1.6,,4.0,,0.0,
2021,"Pembroke (CA), Ont.",2021S0504515,2016,Affordability: unaffordable housing,83.2.6,2595,,1085,,1510,,0,
2021,"Pembroke (CA), Ont.",2021S0504515,2016,Percent of households in unaffordable housing,83.2.7,26.4,,15.9,,50.5,,0.0,
2021,"Pembroke (CA), Ont.",2021S0504515,2016,Core housing need: in core housing need,83.2.8,1625,,435,,1195,,0,
2021,"Pembroke (CA), Ont.",2021S0504515,2016,Percent of households in core housing need,83.2.9,16.9,,6.4,,41.9,,0.0,
2021,"Petawawa (CA), Ont.",2021S0504516,2021,Total - Housing indicators,84.1.1,6760,,4345,,2420,,0,
2021,"Petawawa (CA), Ont.",2021S0504516,2021,Adequacy: inadequate housing,84.1.2,395,,210,,185,,0,
2021,"Petawawa (CA), Ont.",2021S0504516,2021,Percent of households in inadequate housing,84.1.3,5.8,,4.8,,7.6,,0.0,
2021,"Petawawa (CA), Ont.",2021S0504516,2021,Suitability: unsuitable housing,84.1.4,135,,55,,80,,0,
2021,"Petawawa (CA), Ont.",2021S0504516,2021,Percent of households in unsuitable housing,84.1.5,2.0,,1.3,,3.3,,0.0,
2021,"Petawawa (CA), Ont.",2021S0504516,2021,Affordability: unaffordable housing,84.1.6,575,,230,,345,,0,
2021,"Petawawa (CA), Ont.",2021S0504516,2021,Percent of households in unaffordable housing,84.1.7,8.5,,5.3,,14.3,,0.0,
2021,"Petawawa (CA), Ont.",2021S0504516,2021,Core housing need: in core housing need,84.1.8,140,,25,,110,,0,
2021,"Petawawa (CA), Ont.",2021S0504516,2021,Percent of households in core housing need,84.1.9,2.1,,0.6,,4.6,,0.0,
2021,"Petawawa (CA), Ont.",2021S0504516,2016,Total - Housing indicators,84.2.1,6335,,4115,,2220,,0,
2021,"Petawawa (CA), Ont.",2021S0504516,2016,Adequacy: inadequate housing,84.2.2,485,,240,,240,,0,
2021,"Petawawa (CA), Ont.",2021S0504516,2016,Percent of households in inadequate housing,84.2.3,7.7,,5.8,,10.8,,0.0,
2021,"Petawawa (CA), Ont.",2021S0504516,2016,Suitability: unsuitable housing,84.2.4,125,,70,,55,,0,
2021,"Petawawa (CA), Ont.",2021S0504516,2016,Percent of households in unsuitable housing,84.2.5,2.0,,1.7,,2.5,,0.0,
2021,"Petawawa (CA), Ont.",2021S0504516,2016,Affordability: unaffordable housing,84.2.6,740,,395,,340,,0,
2021,"Petawawa (CA), Ont.",2021S0504516,2016,Percent of households in unaffordable housing,84.2.7,11.7,,9.6,,15.3,,0.0,
2021,"Petawawa (CA), Ont.",2021S0504516,2016,Core housing need: in core housing need,84.2.8,320,,105,,210,,0,
2021,"Petawawa (CA), Ont.",2021S0504516,2016,Percent of households in core housing need,84.2.9,5.1,,2.6,,9.5,,0.0,
2021,"Peterborough (CMA), Ont.",2021S0503529,2021,Total - Housing indicators,85.1.1,53370,,37120,,16185,,65,
2021,"Peterborough (CMA), Ont.",2021S0503529,2021,Adequacy: inadequate housing,85.1.2,3290,,1755,,1530,,0,
2021,"Peterborough (CMA), Ont.",2021S0503529,2021,Percent of households in inadequate housing,85.1.3,6.2,,4.7,,9.5,,0.0,
2021,"Peterborough (CMA), Ont.",2021S0503529,2021,Suitability: unsuitable housing,85.1.4,1725,,625,,1095,,0,
2021,"Peterborough (CMA), Ont.",2021S0503529,2021,Percent of households in unsuitable housing,85.1.5,3.2,,1.7,,6.8,,0.0,
2021,"Peterborough (CMA), Ont.",2021S0503529,2021,Affordability: unaffordable housing,85.1.6,11490,,4605,,6885,,0,
2021,"Peterborough (CMA), Ont.",2021S0503529,2021,Percent of households in unaffordable housing,85.1.7,22.1,,12.8,,43.0,,0.0,
2021,"Peterborough (CMA), Ont.",2021S0503529,2021,Core housing need: in core housing need,85.1.8,5930,,1610,,4320,,0,
2021,"Peterborough (CMA), Ont.",2021S0503529,2021,Percent of households in core housing need,85.1.9,11.6,,4.5,,27.8,,0.0,
2021,"Peterborough (CMA), Ont.",2021S0503529,2016,Total - Housing indicators,85.2.1,50530,,35755,,14770,,10,
2021,"Peterborough (CMA), Ont.",2021S0503529,2016,Adequacy: inadequate housing,85.2.2,3305,,1945,,1355,,10,
2021,"Peterborough (CMA), Ont.",2021S0503529,2016,Percent of households in inadequate housing,85.2.3,6.5,,5.4,,9.2,,100.0,
2021,"Peterborough (CMA), Ont.",2021S0503529,2016,Suitability: unsuitable housing,85.2.4,1305,,515,,790,,0,
2021,"Peterborough (CMA), Ont.",2021S0503529,2016,Percent of households in unsuitable housing,85.2.5,2.6,,1.4,,5.3,,0.0,
2021,"Peterborough (CMA), Ont.",2021S0503529,2016,Affordability: unaffordable housing,85.2.6,13295,,5615,,7675,,0,
2021,"Peterborough (CMA), Ont.",2021S0503529,2016,Percent of households in unaffordable housing,85.2.7,27.0,,16.2,,52.5,,0.0,
2021,"Peterborough (CMA), Ont.",2021S0503529,2016,Core housing need: in core housing need,85.2.8,7220,,2110,,5110,,0,
2021,"Peterborough (CMA), Ont.",2021S0503529,2016,Percent of households in core housing need,85.2.9,15.1,,6.2,,37.1,,0.0,
2021,"Port Hope (CA), Ont.",2021S0504528,2021,Total - Housing indicators,86.1.1,7320,,5735,,1580,,0,
2021,"Port Hope (CA), Ont.",2021S0504528,2021,Adequacy: inadequate housing,86.1.2,455,,330,,120,,0,
2021,"Port Hope (CA), Ont.",2021S0504528,2021,Percent of households in inadequate housing,86.1.3,6.2,,5.8,,7.6,,0.0,
2021,"Port Hope (CA), Ont.",2021S0504528,2021,Suitability: unsuitable housing,86.1.4,280,,160,,125,,0,
2021,"Port Hope (CA), Ont.",2021S0504528,2021,Percent of households in unsuitable housing,86.1.5,3.8,,2.8,,7.9,,0.0,
2021,"Port Hope (CA), Ont.",2021S0504528,2021,Affordability: unaffordable housing,86.1.6,1505,,780,,720,,0,
2021,"Port Hope (CA), Ont.",2021S0504528,2021,Percent of households in unaffordable housing,86.1.7,20.9,,13.9,,45.6,,0.0,
2021,"Port Hope (CA), Ont.",2021S0504528,2021,Core housing need: in core housing need,86.1.8,925,,385,,535,,0,
2021,"Port Hope (CA), Ont.",2021S0504528,2021,Percent of households in core housing need,86.1.9,13.1,,6.9,,35.1,,0.0,
2021,"Port Hope (CA), Ont.",2021S0504528,2016,Total - Housing indicators,86.2.1,7075,,5540,,1535,,0,
2021,"Port Hope (CA), Ont.",2021S0504528,2016,Adequacy: inadequate housing,86.2.2,535,,375,,165,,0,
2021,"Port Hope (CA), Ont.",2021S0504528,2016,Percent of households in inadequate housing,86.2.3,7.6,,6.8,,10.7,,0.0,
2021,"Port Hope (CA), Ont.",2021S0504528,2016,Suitability: unsuitable housing,86.2.4,220,,95,,125,,0,
2021,"Port Hope (CA), Ont.",2021S0504528,2016,Percent of households in unsuitable housing,86.2.5,3.1,,1.7,,8.1,,0.0,
2021,"Port Hope (CA), Ont.",2021S0504528,2016,Affordability: unaffordable housing,86.2.6,1665,,910,,755,,0,
2021,"Port Hope (CA), Ont.",2021S0504528,2016,Percent of households in unaffordable housing,86.2.7,24.0,,16.8,,49.5,,0.0,
2021,"Port Hope (CA), Ont.",2021S0504528,2016,Core housing need: in core housing need,86.2.8,1010,,420,,590,,0,
2021,"Port Hope (CA), Ont.",2021S0504528,2016,Percent of households in core housing need,86.2.9,14.8,,7.8,,40.5,,0.0,
2021,"Sarnia (CA), Ont.",2021S0504562,2021,Total - Housing indicators,87.1.1,42580,,30835,,11615,,135,
2021,"Sarnia (CA), Ont.",2021S0504562,2021,Adequacy: inadequate housing,87.1.2,2830,,1650,,1160,,20,
2021,"Sarnia (CA), Ont.",2021S0504562,2021,Percent of households in inadequate housing,87.1.3,6.6,,5.4,,10.0,,14.8,
2021,"Sarnia (CA), Ont.",2021S0504562,2021,Suitability: unsuitable housing,87.1.4,1145,,395,,740,,10,
2021,"Sarnia (CA), Ont.",2021S0504562,2021,Percent of households in unsuitable housing,87.1.5,2.7,,1.3,,6.4,,7.4,
2021,"Sarnia (CA), Ont.",2021S0504562,2021,Affordability: unaffordable housing,87.1.6,6695,,2480,,4215,,0,
2021,"Sarnia (CA), Ont.",2021S0504562,2021,Percent of households in unaffordable housing,87.1.7,16.1,,8.2,,36.7,,0.0,
2021,"Sarnia (CA), Ont.",2021S0504562,2021,Core housing need: in core housing need,87.1.8,3685,,1020,,2670,,0,
2021,"Sarnia (CA), Ont.",2021S0504562,2021,Percent of households in core housing need,87.1.9,9.0,,3.4,,23.8,,0.0,
2021,"Sarnia (CA), Ont.",2021S0504562,2016,Total - Housing indicators,87.2.1,41990,,30275,,11625,,85,
2021,"Sarnia (CA), Ont.",2021S0504562,2016,Adequacy: inadequate housing,87.2.2,2935,,1690,,1220,,20,
2021,"Sarnia (CA), Ont.",2021S0504562,2016,Percent of households in inadequate housing,87.2.3,7.0,,5.6,,10.5,,23.5,
2021,"Sarnia (CA), Ont.",2021S0504562,2016,Suitability: unsuitable housing,87.2.4,900,,395,,495,,10,
2021,"Sarnia (CA), Ont.",2021S0504562,2016,Percent of households in unsuitable housing,87.2.5,2.1,,1.3,,4.3,,11.8,
2021,"Sarnia (CA), Ont.",2021S0504562,2016,Affordability: unaffordable housing,87.2.6,8390,,3025,,5360,,0,
2021,"Sarnia (CA), Ont.",2021S0504562,2016,Percent of households in unaffordable housing,87.2.7,20.4,,10.2,,46.4,,0.0,
2021,"Sarnia (CA), Ont.",2021S0504562,2016,Core housing need: in core housing need,87.2.8,5200,,1325,,3880,,0,
2021,"Sarnia (CA), Ont.",2021S0504562,2016,Percent of households in core housing need,87.2.9,12.9,,4.5,,35.2,,0.0,
2021,"Sault Ste. Marie (CA), Ont.",2021S0504590,2021,Total - Housing indicators,88.1.1,34420,,23825,,10430,,165,
2021,"Sault Ste. Marie (CA), Ont.",2021S0504590,2021,Adequacy: inadequate housing,88.1.2,2500,,1585,,895,,25,
2021,"Sault Ste. Marie (CA), Ont.",2021S0504590,2021,Percent of households in inadequate housing,88.1.3,7.3,,6.7,,8.6,,15.2,
2021,"Sault Ste. Marie (CA), Ont.",2021S0504590,2021,Suitability: unsuitable housing,88.1.4,950,,320,,605,,30,
2021,"Sault Ste. Marie (CA), Ont.",2021S0504590,2021,Percent of households in unsuitable housing,88.1.5,2.8,,1.3,,5.8,,18.2,
2021,"Sault Ste. Marie (CA), Ont.",2021S0504590,2021,Affordability: unaffordable housing,88.1.6,5335,,1810,,3525,,0,
2021,"Sault Ste. Marie (CA), Ont.",2021S0504590,2021,Percent of households in unaffordable housing,88.1.7,15.8,,7.7,,34.1,,0.0,
2021,"Sault Ste. Marie (CA), Ont.",2021S0504590,2021,Core housing need: in core housing need,88.1.8,2285,,660,,1625,,0,
2021,"Sault Ste. Marie (CA), Ont.",2021S0504590,2021,Percent of households in core housing need,88.1.9,6.8,,2.8,,16.0,,0.0,
2021,"Sault Ste. Marie (CA), Ont.",2021S0504590,2016,Total - Housing indicators,88.2.1,34530,,24110,,10375,,45,
2021,"Sault Ste. Marie (CA), Ont.",2021S0504590,2016,Adequacy: inadequate housing,88.2.2,2435,,1530,,900,,10,
2021,"Sault Ste. Marie (CA), Ont.",2021S0504590,2016,Percent of households in inadequate housing,88.2.3,7.1,,6.3,,8.7,,22.2,
2021,"Sault Ste. Marie (CA), Ont.",2021S0504590,2016,Suitability: unsuitable housing,88.2.4,740,,365,,375,,0,
2021,"Sault Ste. Marie (CA), Ont.",2021S0504590,2016,Percent of households in unsuitable housing,88.2.5,2.1,,1.5,,3.6,,0.0,
2021,"Sault Ste. Marie (CA), Ont.",2021S0504590,2016,Affordability: unaffordable housing,88.2.6,7090,,2420,,4675,,0,
2021,"Sault Ste. Marie (CA), Ont.",2021S0504590,2016,Percent of households in unaffordable housing,88.2.7,20.8,,10.2,,45.3,,0.0,
2021,"Sault Ste. Marie (CA), Ont.",2021S0504590,2016,Core housing need: in core housing need,88.2.8,3465,,775,,2685,,0,
2021,"Sault Ste. Marie (CA), Ont.",2021S0504590,2016,Percent of households in core housing need,88.2.9,10.4,,3.3,,27.0,,0.0,
2021,"St. Catharines - Niagara (CMA), Ont.",2021S0503539,2021,Total - Housing indicators,89.1.1,179225,,128010,,51210,,0,
2021,"St. Catharines - Niagara (CMA), Ont.",2021S0503539,2021,Adequacy: inadequate housing,89.1.2,10035,,5915,,4120,,0,
2021,"St. Catharines - Niagara (CMA), Ont.",2021S0503539,2021,Percent of households in inadequate housing,89.1.3,5.6,,4.6,,8.0,,0.0,
2021,"St. Catharines - Niagara (CMA), Ont.",2021S0503539,2021,Suitability: unsuitable housing,89.1.4,6750,,2915,,3835,,0,
2021,"St. Catharines - Niagara (CMA), Ont.",2021S0503539,2021,Percent of households in unsuitable housing,89.1.5,3.8,,2.3,,7.5,,0.0,
2021,"St. Catharines - Niagara (CMA), Ont.",2021S0503539,2021,Affordability: unaffordable housing,89.1.6,38620,,18550,,20070,,0,
2021,"St. Catharines - Niagara (CMA), Ont.",2021S0503539,2021,Percent of households in unaffordable housing,89.1.7,21.7,,14.6,,39.5,,0.0,
2021,"St. Catharines - Niagara (CMA), Ont.",2021S0503539,2021,Core housing need: in core housing need,89.1.8,18550,,6395,,12155,,0,
2021,"St. Catharines - Niagara (CMA), Ont.",2021S0503539,2021,Percent of households in core housing need,89.1.9,10.6,,5.1,,24.7,,0.0,
2021,"St. Catharines - Niagara (CMA), Ont.",2021S0503539,2016,Total - Housing indicators,89.2.1,168485,,122750,,45735,,0,
2021,"St. Catharines - Niagara (CMA), Ont.",2021S0503539,2016,Adequacy: inadequate housing,89.2.2,10880,,6500,,4380,,0,
2021,"St. Catharines - Niagara (CMA), Ont.",2021S0503539,2016,Percent of households in inadequate housing,89.2.3,6.5,,5.3,,9.6,,0.0,
2021,"St. Catharines - Niagara (CMA), Ont.",2021S0503539,2016,Suitability: unsuitable housing,89.2.4,5180,,2440,,2735,,0,
2021,"St. Catharines - Niagara (CMA), Ont.",2021S0503539,2016,Percent of households in unsuitable housing,89.2.5,3.1,,2.0,,6.0,,0.0,
2021,"St. Catharines - Niagara (CMA), Ont.",2021S0503539,2016,Affordability: unaffordable housing,89.2.6,42560,,20420,,22145,,0,
2021,"St. Catharines - Niagara (CMA), Ont.",2021S0503539,2016,Percent of households in unaffordable housing,89.2.7,25.4,,16.8,,48.5,,0.0,
2021,"St. Catharines - Niagara (CMA), Ont.",2021S0503539,2016,Core housing need: in core housing need,89.2.8,22665,,7530,,15135,,0,
2021,"St. Catharines - Niagara (CMA), Ont.",2021S0503539,2016,Percent of households in core housing need,89.2.9,13.9,,6.3,,34.9,,0.0,
2021,"Stratford (CA), Ont.",2021S0504553,2021,Total - Housing indicators,90.1.1,14745,,9700,,5040,,0,
2021,"Stratford (CA), Ont.",2021S0504553,2021,Adequacy: inadequate housing,90.1.2,835,,435,,395,,0,
2021,"Stratford (CA), Ont.",2021S0504553,2021,Percent of households in inadequate housing,90.1.3,5.7,,4.5,,7.8,,0.0,
2021,"Stratford (CA), Ont.",2021S0504553,2021,Suitability: unsuitable housing,90.1.4,475,,215,,265,,0,
2021,"Stratford (CA), Ont.",2021S0504553,2021,Percent of households in unsuitable housing,90.1.5,3.2,,2.2,,5.3,,0.0,
2021,"Stratford (CA), Ont.",2021S0504553,2021,Affordability: unaffordable housing,90.1.6,2920,,1125,,1800,,0,
2021,"Stratford (CA), Ont.",2021S0504553,2021,Percent of households in unaffordable housing,90.1.7,19.9,,11.6,,35.8,,0.0,
2021,"Stratford (CA), Ont.",2021S0504553,2021,Core housing need: in core housing need,90.1.8,1055,,270,,780,,0,
2021,"Stratford (CA), Ont.",2021S0504553,2021,Percent of households in core housing need,90.1.9,7.3,,2.8,,15.9,,0.0,
2021,"Stratford (CA), Ont.",2021S0504553,2016,Total - Housing indicators,90.2.1,13860,,9245,,4615,,0,
2021,"Stratford (CA), Ont.",2021S0504553,2016,Adequacy: inadequate housing,90.2.2,830,,435,,390,,0,
2021,"Stratford (CA), Ont.",2021S0504553,2016,Percent of households in inadequate housing,90.2.3,6.0,,4.7,,8.5,,0.0,
2021,"Stratford (CA), Ont.",2021S0504553,2016,Suitability: unsuitable housing,90.2.4,355,,200,,150,,0,
2021,"Stratford (CA), Ont.",2021S0504553,2016,Percent of households in unsuitable housing,90.2.5,2.6,,2.2,,3.3,,0.0,
2021,"Stratford (CA), Ont.",2021S0504553,2016,Affordability: unaffordable housing,90.2.6,3135,,1285,,1855,,0,
2021,"Stratford (CA), Ont.",2021S0504553,2016,Percent of households in unaffordable housing,90.2.7,22.7,,13.9,,40.2,,0.0,
2021,"Stratford (CA), Ont.",2021S0504553,2016,Core housing need: in core housing need,90.2.8,1410,,285,,1125,,0,
2021,"Stratford (CA), Ont.",2021S0504553,2016,Percent of households in core housing need,90.2.9,10.4,,3.1,,25.1,,0.0,
2021,"Thunder Bay (CMA), Ont.",2021S0503595,2021,Total - Housing indicators,91.1.1,54205,,38140,,16005,,65,
2021,"Thunder Bay (CMA), Ont.",2021S0503595,2021,Adequacy: inadequate housing,91.1.2,4150,,2785,,1345,,15,
2021,"Thunder Bay (CMA), Ont.",2021S0503595,2021,Percent of households in inadequate housing,91.1.3,7.7,,7.3,,8.4,,23.1,
2021,"Thunder Bay (CMA), Ont.",2021S0503595,2021,Suitability: unsuitable housing,91.1.4,1740,,640,,1090,,10,
2021,"Thunder Bay (CMA), Ont.",2021S0503595,2021,Percent of households in unsuitable housing,91.1.5,3.2,,1.7,,6.8,,15.4,
2021,"Thunder Bay (CMA), Ont.",2021S0503595,2021,Affordability: unaffordable housing,91.1.6,8150,,3360,,4790,,0,
2021,"Thunder Bay (CMA), Ont.",2021S0503595,2021,Percent of households in unaffordable housing,91.1.7,15.2,,8.9,,30.2,,0.0,
2021,"Thunder Bay (CMA), Ont.",2021S0503595,2021,Core housing need: in core housing need,91.1.8,4430,,1375,,3050,,0,
2021,"Thunder Bay (CMA), Ont.",2021S0503595,2021,Percent of households in core housing need,91.1.9,8.4,,3.7,,19.7,,0.0,
2021,"Thunder Bay (CMA), Ont.",2021S0503595,2016,Total - Housing indicators,91.2.1,52545,,37795,,14725,,20,
2021,"Thunder Bay (CMA), Ont.",2021S0503595,2016,Adequacy: inadequate housing,91.2.2,3810,,2460,,1355,,0,
2021,"Thunder Bay (CMA), Ont.",2021S0503595,2016,Percent of households in inadequate housing,91.2.3,7.3,,6.5,,9.2,,0.0,
2021,"Thunder Bay (CMA), Ont.",2021S0503595,2016,Suitability: unsuitable housing,91.2.4,1495,,645,,845,,0,
2021,"Thunder Bay (CMA), Ont.",2021S0503595,2016,Percent of households in unsuitable housing,91.2.5,2.8,,1.7,,5.7,,0.0,
2021,"Thunder Bay (CMA), Ont.",2021S0503595,2016,Affordability: unaffordable housing,91.2.6,10060,,3800,,6255,,0,
2021,"Thunder Bay (CMA), Ont.",2021S0503595,2016,Percent of households in unaffordable housing,91.2.7,19.3,,10.2,,42.6,,0.0,
2021,"Thunder Bay (CMA), Ont.",2021S0503595,2016,Core housing need: in core housing need,91.2.8,6195,,1660,,4540,,0,
2021,"Thunder Bay (CMA), Ont.",2021S0503595,2016,Percent of households in core housing need,91.2.9,12.2,,4.5,,32.4,,0.0,
2021,"Tillsonburg (CA), Ont.",2021S0504546,2021,Total - Housing indicators,92.1.1,8230,,5830,,2405,,0,
2021,"Tillsonburg (CA), Ont.",2021S0504546,2021,Adequacy: inadequate housing,92.1.2,290,,175,,110,,0,
2021,"Tillsonburg (CA), Ont.",2021S0504546,2021,Percent of households in inadequate housing,92.1.3,3.5,,3.0,,4.6,,0.0,
2021,"Tillsonburg (CA), Ont.",2021S0504546,2021,Suitability: unsuitable housing,92.1.4,255,,95,,160,,0,
2021,"Tillsonburg (CA), Ont.",2021S0504546,2021,Percent of households in unsuitable housing,92.1.5,3.1,,1.6,,6.7,,0.0,
2021,"Tillsonburg (CA), Ont.",2021S0504546,2021,Affordability: unaffordable housing,92.1.6,1450,,510,,940,,0,
2021,"Tillsonburg (CA), Ont.",2021S0504546,2021,Percent of households in unaffordable housing,92.1.7,17.7,,8.8,,39.3,,0.0,
2021,"Tillsonburg (CA), Ont.",2021S0504546,2021,Core housing need: in core housing need,92.1.8,500,,125,,380,,0,
2021,"Tillsonburg (CA), Ont.",2021S0504546,2021,Percent of households in core housing need,92.1.9,6.2,,2.2,,16.6,,0.0,
2021,"Tillsonburg (CA), Ont.",2021S0504546,2016,Total - Housing indicators,92.2.1,7125,,4965,,2160,,0,
2021,"Tillsonburg (CA), Ont.",2021S0504546,2016,Adequacy: inadequate housing,92.2.2,370,,215,,155,,0,
2021,"Tillsonburg (CA), Ont.",2021S0504546,2016,Percent of households in inadequate housing,92.2.3,5.2,,4.3,,7.2,,0.0,
2021,"Tillsonburg (CA), Ont.",2021S0504546,2016,Suitability: unsuitable housing,92.2.4,165,,70,,90,,0,
2021,"Tillsonburg (CA), Ont.",2021S0504546,2016,Percent of households in unsuitable housing,92.2.5,2.3,,1.4,,4.2,,0.0,
2021,"Tillsonburg (CA), Ont.",2021S0504546,2016,Affordability: unaffordable housing,92.2.6,1620,,635,,985,,0,
2021,"Tillsonburg (CA), Ont.",2021S0504546,2016,Percent of households in unaffordable housing,92.2.7,22.7,,12.8,,45.6,,0.0,
2021,"Tillsonburg (CA), Ont.",2021S0504546,2016,Core housing need: in core housing need,92.2.8,815,,190,,620,,0,
2021,"Tillsonburg (CA), Ont.",2021S0504546,2016,Percent of households in core housing need,92.2.9,11.7,,3.9,,29.6,,0.0,
2021,"Timmins (CA), Ont.",2021S0504586,2021,Total - Housing indicators,93.1.1,17890,,11970,,5915,,0,
2021,"Timmins (CA), Ont.",2021S0504586,2021,Adequacy: inadequate housing,93.1.2,1440,,905,,535,,0,
2021,"Timmins (CA), Ont.",2021S0504586,2021,Percent of households in inadequate housing,93.1.3,8.0,,7.6,,9.0,,0.0,
2021,"Timmins (CA), Ont.",2021S0504586,2021,Suitability: unsuitable housing,93.1.4,610,,215,,395,,0,
2021,"Timmins (CA), Ont.",2021S0504586,2021,Percent of households in unsuitable housing,93.1.5,3.4,,1.8,,6.7,,0.0,
2021,"Timmins (CA), Ont.",2021S0504586,2021,Affordability: unaffordable housing,93.1.6,2875,,1055,,1815,,0,
2021,"Timmins (CA), Ont.",2021S0504586,2021,Percent of households in unaffordable housing,93.1.7,16.2,,8.9,,30.8,,0.0,
2021,"Timmins (CA), Ont.",2021S0504586,2021,Core housing need: in core housing need,93.1.8,1345,,305,,1040,,0,
2021,"Timmins (CA), Ont.",2021S0504586,2021,Percent of households in core housing need,93.1.9,7.6,,2.6,,18.0,,0.0,
2021,"Timmins (CA), Ont.",2021S0504586,2016,Total - Housing indicators,93.2.1,17740,,12090,,5655,,0,
2021,"Timmins (CA), Ont.",2021S0504586,2016,Adequacy: inadequate housing,93.2.2,1505,,860,,645,,0,
2021,"Timmins (CA), Ont.",2021S0504586,2016,Percent of households in inadequate housing,93.2.3,8.5,,7.1,,11.4,,0.0,
2021,"Timmins (CA), Ont.",2021S0504586,2016,Suitability: unsuitable housing,93.2.4,480,,215,,265,,0,
2021,"Timmins (CA), Ont.",2021S0504586,2016,Percent of households in unsuitable housing,93.2.5,2.7,,1.8,,4.7,,0.0,
2021,"Timmins (CA), Ont.",2021S0504586,2016,Affordability: unaffordable housing,93.2.6,3870,,1520,,2350,,0,
2021,"Timmins (CA), Ont.",2021S0504586,2016,Percent of households in unaffordable housing,93.2.7,21.9,,12.6,,41.7,,0.0,
2021,"Timmins (CA), Ont.",2021S0504586,2016,Core housing need: in core housing need,93.2.8,2135,,510,,1625,,0,
2021,"Timmins (CA), Ont.",2021S0504586,2016,Percent of households in core housing need,93.2.9,12.3,,4.3,,30.0,,0.0,
2021,"Toronto (CMA), Ont.",2021S0503535,2021,Total - Housing indicators,94.1.1,2262475,,1472905,,789545,,20,
2021,"Toronto (CMA), Ont.",2021S0503535,2021,Adequacy: inadequate housing,94.1.2,114845,,58725,,56110,,10,
2021,"Toronto (CMA), Ont.",2021S0503535,2021,Percent of households in inadequate housing,94.1.3,5.1,,4.0,,7.1,,50.0,
2021,"Toronto (CMA), Ont.",2021S0503535,2021,Suitability: unsuitable housing,94.1.4,231970,,85705,,146270,,0,
2021,"Toronto (CMA), Ont.",2021S0503535,2021,Percent of households in unsuitable housing,94.1.5,10.3,,5.8,,18.5,,0.0,
2021,"Toronto (CMA), Ont.",2021S0503535,2021,Affordability: unaffordable housing,94.1.6,685435,,369530,,315910,,0,
2021,"Toronto (CMA), Ont.",2021S0503535,2021,Percent of households in unaffordable housing,94.1.7,30.5,,25.2,,40.5,,0.0,
2021,"Toronto (CMA), Ont.",2021S0503535,2021,Core housing need: in core housing need,94.1.8,348505,,136840,,211670,,0,
2021,"Toronto (CMA), Ont.",2021S0503535,2021,Percent of households in core housing need,94.1.9,16.1,,9.6,,28.7,,0.0,
2021,"Toronto (CMA), Ont.",2021S0503535,2016,Total - Housing indicators,94.2.1,2135905,,1420360,,715540,,10,
2021,"Toronto (CMA), Ont.",2021S0503535,2016,Adequacy: inadequate housing,94.2.2,116215,,56870,,59345,,0,
2021,"Toronto (CMA), Ont.",2021S0503535,2016,Percent of households in inadequate housing,94.2.3,5.4,,4.0,,8.3,,0.0,
2021,"Toronto (CMA), Ont.",2021S0503535,2016,Suitability: unsuitable housing,94.2.4,205420,,77875,,127545,,0,
2021,"Toronto (CMA), Ont.",2021S0503535,2016,Percent of households in unsuitable housing,94.2.5,9.6,,5.5,,17.8,,0.0,
2021,"Toronto (CMA), Ont.",2021S0503535,2016,Affordability: unaffordable housing,94.2.6,712350,,377890,,334455,,0,
2021,"Toronto (CMA), Ont.",2021S0503535,2016,Percent of households in unaffordable housing,94.2.7,33.4,,26.7,,46.9,,0.0,
2021,"Toronto (CMA), Ont.",2021S0503535,2016,Core housing need: in core housing need,94.2.8,384280,,149630,,234650,,0,
2021,"Toronto (CMA), Ont.",2021S0503535,2016,Percent of households in core housing need,94.2.9,19.1,,11.0,,36.3,,0.0,
2021,"Wasaga Beach (CA), Ont.",2021S0504565,2021,Total - Housing indicators,95.1.1,10810,,9235,,1580,,0,
2021,"Wasaga Beach (CA), Ont.",2021S0504565,2021,Adequacy: inadequate housing,95.1.2,405,,275,,130,,0,
2021,"Wasaga Beach (CA), Ont.",2021S0504565,2021,Percent of households in inadequate housing,95.1.3,3.7,,3.0,,8.2,,0.0,
2021,"Wasaga Beach (CA), Ont.",2021S0504565,2021,Suitability: unsuitable housing,95.1.4,290,,155,,130,,0,
2021,"Wasaga Beach (CA), Ont.",2021S0504565,2021,Percent of households in unsuitable housing,95.1.5,2.7,,1.7,,8.2,,0.0,
2021,"Wasaga Beach (CA), Ont.",2021S0504565,2021,Affordability: unaffordable housing,95.1.6,2155,,1470,,690,,0,
2021,"Wasaga Beach (CA), Ont.",2021S0504565,2021,Percent of households in unaffordable housing,95.1.7,20.0,,16.0,,43.9,,0.0,
2021,"Wasaga Beach (CA), Ont.",2021S0504565,2021,Core housing need: in core housing need,95.1.8,705,,375,,330,,0,
2021,"Wasaga Beach (CA), Ont.",2021S0504565,2021,Percent of households in core housing need,95.1.9,6.7,,4.1,,21.4,,0.0,
2021,"Wasaga Beach (CA), Ont.",2021S0504565,2016,Total - Housing indicators,95.2.1,9005,,7825,,1180,,0,
2021,"Wasaga Beach (CA), Ont.",2021S0504565,2016,Adequacy: inadequate housing,95.2.2,325,,240,,90,,0,
2021,"Wasaga Beach (CA), Ont.",2021S0504565,2016,Percent of households in inadequate housing,95.2.3,3.6,,3.1,,7.6,,0.0,
2021,"Wasaga Beach (CA), Ont.",2021S0504565,2016,Suitability: unsuitable housing,95.2.4,210,,105,,105,,0,
2021,"Wasaga Beach (CA), Ont.",2021S0504565,2016,Percent of households in unsuitable housing,95.2.5,2.3,,1.3,,8.9,,0.0,
2021,"Wasaga Beach (CA), Ont.",2021S0504565,2016,Affordability: unaffordable housing,95.2.6,2045,,1445,,600,,0,
2021,"Wasaga Beach (CA), Ont.",2021S0504565,2016,Percent of households in unaffordable housing,95.2.7,22.7,,18.5,,50.8,,0.0,
2021,"Wasaga Beach (CA), Ont.",2021S0504565,2016,Core housing need: in core housing need,95.2.8,1160,,735,,425,,0,
2021,"Wasaga Beach (CA), Ont.",2021S0504565,2016,Percent of households in core housing need,95.2.9,13.3,,9.6,,38.5,,0.0,
2021,"Windsor (CMA), Ont.",2021S0503559,2021,Total - Housing indicators,96.1.1,165675,,120050,,45625,,0,
2021,"Windsor (CMA), Ont.",2021S0503559,2021,Adequacy: inadequate housing,96.1.2,10015,,5875,,4145,,0,
2021,"Windsor (CMA), Ont.",2021S0503559,2021,Percent of households in inadequate housing,96.1.3,6.0,,4.9,,9.1,,0.0,
2021,"Windsor (CMA), Ont.",2021S0503559,2021,Suitability: unsuitable housing,96.1.4,8480,,3700,,4775,,0,
2021,"Windsor (CMA), Ont.",2021S0503559,2021,Percent of households in unsuitable housing,96.1.5,5.1,,3.1,,10.5,,0.0,
2021,"Windsor (CMA), Ont.",2021S0503559,2021,Affordability: unaffordable housing,96.1.6,28740,,13005,,15735,,0,
2021,"Windsor (CMA), Ont.",2021S0503559,2021,Percent of households in unaffordable housing,96.1.7,17.5,,10.9,,34.8,,0.0,
2021,"Windsor (CMA), Ont.",2021S0503559,2021,Core housing need: in core housing need,96.1.8,12945,,4065,,8880,,0,
2021,"Windsor (CMA), Ont.",2021S0503559,2021,Percent of households in core housing need,96.1.9,8.0,,3.4,,20.3,,0.0,
2021,"Windsor (CMA), Ont.",2021S0503559,2016,Total - Housing indicators,96.2.1,158965,,115700,,43265,,0,
2021,"Windsor (CMA), Ont.",2021S0503559,2016,Adequacy: inadequate housing,96.2.2,10415,,6265,,4150,,0,
2021,"Windsor (CMA), Ont.",2021S0503559,2016,Percent of households in inadequate housing,96.2.3,6.6,,5.4,,9.6,,0.0,
2021,"Windsor (CMA), Ont.",2021S0503559,2016,Suitability: unsuitable housing,96.2.4,6555,,3135,,3425,,0,
2021,"Windsor (CMA), Ont.",2021S0503559,2016,Percent of households in unsuitable housing,96.2.5,4.1,,2.7,,7.9,,0.0,
2021,"Windsor (CMA), Ont.",2021S0503559,2016,Affordability: unaffordable housing,96.2.6,33505,,14490,,19020,,0,
2021,"Windsor (CMA), Ont.",2021S0503559,2016,Percent of households in unaffordable housing,96.2.7,21.2,,12.6,,44.0,,0.0,
2021,"Windsor (CMA), Ont.",2021S0503559,2016,Core housing need: in core housing need,96.2.8,17295,,4860,,12430,,0,
2021,"Windsor (CMA), Ont.",2021S0503559,2016,Percent of households in core housing need,96.2.9,11.3,,4.3,,30.8,,0.0,
2021,"Woodstock (CA), Ont.",2021S0504544,2021,Total - Housing indicators,97.1.1,18885,,12305,,6580,,0,
2021,"Woodstock (CA), Ont.",2021S0504544,2021,Adequacy: inadequate housing,97.1.2,930,,575,,360,,0,
2021,"Woodstock (CA), Ont.",2021S0504544,2021,Percent of households in inadequate housing,97.1.3,4.9,,4.7,,5.5,,0.0,
2021,"Woodstock (CA), Ont.",2021S0504544,2021,Suitability: unsuitable housing,97.1.4,710,,325,,390,,0,
2021,"Woodstock (CA), Ont.",2021S0504544,2021,Percent of households in unsuitable housing,97.1.5,3.8,,2.6,,5.9,,0.0,
2021,"Woodstock (CA), Ont.",2021S0504544,2021,Affordability: unaffordable housing,97.1.6,4065,,1580,,2485,,0,
2021,"Woodstock (CA), Ont.",2021S0504544,2021,Percent of households in unaffordable housing,97.1.7,21.6,,12.9,,37.8,,0.0,
2021,"Woodstock (CA), Ont.",2021S0504544,2021,Core housing need: in core housing need,97.1.8,1200,,295,,905,,0,
2021,"Woodstock (CA), Ont.",2021S0504544,2021,Percent of households in core housing need,97.1.9,6.5,,2.4,,14.0,,0.0,
2021,"Woodstock (CA), Ont.",2021S0504544,2016,Total - Housing indicators,97.2.1,17190,,11515,,5675,,0,
2021,"Woodstock (CA), Ont.",2021S0504544,2016,Adequacy: inadequate housing,97.2.2,1065,,625,,440,,0,
2021,"Woodstock (CA), Ont.",2021S0504544,2016,Percent of households in inadequate housing,97.2.3,6.2,,5.4,,7.8,,0.0,
2021,"Woodstock (CA), Ont.",2021S0504544,2016,Suitability: unsuitable housing,97.2.4,370,,185,,190,,0,
2021,"Woodstock (CA), Ont.",2021S0504544,2016,Percent of households in unsuitable housing,97.2.5,2.2,,1.6,,3.3,,0.0,
2021,"Woodstock (CA), Ont.",2021S0504544,2016,Affordability: unaffordable housing,97.2.6,3945,,1435,,2510,,0,
2021,"Woodstock (CA), Ont.",2021S0504544,2016,Percent of households in unaffordable housing,97.2.7,23.0,,12.5,,44.3,,0.0,
2021,"Woodstock (CA), Ont.",2021S0504544,2016,Core housing need: in core housing need,97.2.8,1770,,370,,1400,,0,
2021,"Woodstock (CA), Ont.",2021S0504544,2016,Percent of households in core housing need,97.2.9,10.5,,3.3,,25.8,,0.0,
2021,Manitoba,2021A000246,2021,Total - Housing indicators,98.1.1,518055,,349325,,156490,,12240,
2021,Manitoba,2021A000246,2021,Adequacy: inadequate housing,98.1.2,39615,,22365,,11755,,5500,
2021,Manitoba,2021A000246,2021,Percent of households in inadequate housing,98.1.3,7.6,,6.4,,7.5,,44.9,
2021,Manitoba,2021A000246,2021,Suitability: unsuitable housing,98.1.4,36190,,13245,,19390,,3555,
2021,Manitoba,2021A000246,2021,Percent of households in unsuitable housing,98.1.5,7.0,,3.8,,12.4,,29.0,
2021,Manitoba,2021A000246,2021,Affordability: unaffordable housing,98.1.6,85360,,33630,,51735,,0,
2021,Manitoba,2021A000246,2021,Percent of households in unaffordable housing,98.1.7,17.3,,9.9,,33.5,,0.0,
2021,Manitoba,2021A000246,2021,Core housing need: in core housing need,98.1.8,48815,,16190,,32620,,0,
2021,Manitoba,2021A000246,2021,Percent of households in core housing need,98.1.9,10.1,,4.8,,22.0,,0.0,
2021,Manitoba,2021A000246,2016,Total - Housing indicators,98.2.1,489050,,336170,,140260,,12615,
2021,Manitoba,2021A000246,2016,Adequacy: inadequate housing,98.2.2,44055,,24450,,13245,,6360,
2021,Manitoba,2021A000246,2016,Percent of households in inadequate housing,98.2.3,9.0,,7.3,,9.4,,50.4,
2021,Manitoba,2021A000246,2016,Suitability: unsuitable housing,98.2.4,32680,,11815,,16760,,4115,
2021,Manitoba,2021A000246,2016,Percent of households in unsuitable housing,98.2.5,6.7,,3.5,,11.9,,32.6,
2021,Manitoba,2021A000246,2016,Affordability: unaffordable housing,98.2.6,88010,,36980,,51035,,0,
2021,Manitoba,2021A000246,2016,Percent of households in unaffordable housing,98.2.7,19.1,,11.4,,36.9,,0.0,
2021,Manitoba,2021A000246,2016,Core housing need: in core housing need,98.2.8,51130,,17405,,33720,,0,
2021,Manitoba,2021A000246,2016,Percent of households in core housing need,98.2.9,11.4,,5.5,,25.8,,0.0,
2021,"Brandon (CA), Man.",2021S0504610,2021,Total - Housing indicators,99.1.1,22285,,13915,,8365,,0,
2021,"Brandon (CA), Man.",2021S0504610,2021,Adequacy: inadequate housing,99.1.2,1280,,745,,535,,0,
2021,"Brandon (CA), Man.",2021S0504610,2021,Percent of households in inadequate housing,99.1.3,5.7,,5.4,,6.4,,0.0,
2021,"Brandon (CA), Man.",2021S0504610,2021,Suitability: unsuitable housing,99.1.4,1185,,330,,860,,0,
2021,"Brandon (CA), Man.",2021S0504610,2021,Percent of households in unsuitable housing,99.1.5,5.3,,2.4,,10.3,,0.0,
2021,"Brandon (CA), Man.",2021S0504610,2021,Affordability: unaffordable housing,99.1.6,3545,,1130,,2415,,0,
2021,"Brandon (CA), Man.",2021S0504610,2021,Percent of households in unaffordable housing,99.1.7,16.0,,8.2,,29.0,,0.0,
2021,"Brandon (CA), Man.",2021S0504610,2021,Core housing need: in core housing need,99.1.8,1415,,270,,1145,,0,
2021,"Brandon (CA), Man.",2021S0504610,2021,Percent of households in core housing need,99.1.9,6.5,,2.0,,14.2,,0.0,
2021,"Brandon (CA), Man.",2021S0504610,2016,Total - Housing indicators,99.2.1,21365,,13560,,7800,,0,
2021,"Brandon (CA), Man.",2021S0504610,2016,Adequacy: inadequate housing,99.2.2,1240,,700,,545,,0,
2021,"Brandon (CA), Man.",2021S0504610,2016,Percent of households in inadequate housing,99.2.3,5.8,,5.2,,7.0,,0.0,
2021,"Brandon (CA), Man.",2021S0504610,2016,Suitability: unsuitable housing,99.2.4,1015,,355,,660,,0,
2021,"Brandon (CA), Man.",2021S0504610,2016,Percent of households in unsuitable housing,99.2.5,4.8,,2.6,,8.5,,0.0,
2021,"Brandon (CA), Man.",2021S0504610,2016,Affordability: unaffordable housing,99.2.6,4115,,1355,,2760,,0,
2021,"Brandon (CA), Man.",2021S0504610,2016,Percent of households in unaffordable housing,99.2.7,19.4,,10.1,,35.5,,0.0,
2021,"Brandon (CA), Man.",2021S0504610,2016,Core housing need: in core housing need,99.2.8,1685,,280,,1405,,0,
2021,"Brandon (CA), Man.",2021S0504610,2016,Percent of households in core housing need,99.2.9,8.1,,2.1,,18.8,,0.0,
2021,"Portage la Prairie (CA), Man.",2021S0504607,2021,Total - Housing indicators,100.1.1,5645,,3670,,1970,,0,
2021,"Portage la Prairie (CA), Man.",2021S0504607,2021,Adequacy: inadequate housing,100.1.2,410,,210,,200,,0,
2021,"Portage la Prairie (CA), Man.",2021S0504607,2021,Percent of households in inadequate housing,100.1.3,7.3,,5.7,,10.2,,0.0,
2021,"Portage la Prairie (CA), Man.",2021S0504607,2021,Suitability: unsuitable housing,100.1.4,270,,100,,165,,0,
2021,"Portage la Prairie (CA), Man.",2021S0504607,2021,Percent of households in unsuitable housing,100.1.5,4.8,,2.7,,8.4,,0.0,
2021,"Portage la Prairie (CA), Man.",2021S0504607,2021,Affordability: unaffordable housing,100.1.6,950,,360,,595,,0,
2021,"Portage la Prairie (CA), Man.",2021S0504607,2021,Percent of households in unaffordable housing,100.1.7,16.9,,9.8,,30.3,,0.0,
2021,"Portage la Prairie (CA), Man.",2021S0504607,2021,Core housing need: in core housing need,100.1.8,435,,110,,325,,0,
2021,"Portage la Prairie (CA), Man.",2021S0504607,2021,Percent of households in core housing need,100.1.9,7.8,,3.0,,16.9,,0.0,
2021,"Portage la Prairie (CA), Man.",2021S0504607,2016,Total - Housing indicators,100.2.1,5575,,3600,,1975,,0,
2021,"Portage la Prairie (CA), Man.",2021S0504607,2016,Adequacy: inadequate housing,100.2.2,535,,300,,235,,0,
2021,"Portage la Prairie (CA), Man.",2021S0504607,2016,Percent of households in inadequate housing,100.2.3,9.6,,8.3,,11.9,,0.0,
2021,"Portage la Prairie (CA), Man.",2021S0504607,2016,Suitability: unsuitable housing,100.2.4,290,,100,,190,,0,
2021,"Portage la Prairie (CA), Man.",2021S0504607,2016,Percent of households in unsuitable housing,100.2.5,5.2,,2.8,,9.6,,0.0,
2021,"Portage la Prairie (CA), Man.",2021S0504607,2016,Affordability: unaffordable housing,100.2.6,950,,250,,700,,0,
2021,"Portage la Prairie (CA), Man.",2021S0504607,2016,Percent of households in unaffordable housing,100.2.7,17.1,,7.0,,35.6,,0.0,
2021,"Portage la Prairie (CA), Man.",2021S0504607,2016,Core housing need: in core housing need,100.2.8,485,,85,,400,,0,
2021,"Portage la Prairie (CA), Man.",2021S0504607,2016,Percent of households in core housing need,100.2.9,8.9,,2.4,,21.0,,0.0,
2021,"Steinbach (CA), Man.",2021S0504605,2021,Total - Housing indicators,101.1.1,6835,,4220,,2620,,0,
2021,"Steinbach (CA), Man.",2021S0504605,2021,Adequacy: inadequate housing,101.1.2,205,,105,,105,,0,
2021,"Steinbach (CA), Man.",2021S0504605,2021,Percent of households in inadequate housing,101.1.3,3.0,,2.5,,4.0,,0.0,
2021,"Steinbach (CA), Man.",2021S0504605,2021,Suitability: unsuitable housing,101.1.4,320,,125,,195,,0,
2021,"Steinbach (CA), Man.",2021S0504605,2021,Percent of households in unsuitable housing,101.1.5,4.7,,3.0,,7.4,,0.0,
2021,"Steinbach (CA), Man.",2021S0504605,2021,Affordability: unaffordable housing,101.1.6,1475,,475,,1005,,0,
2021,"Steinbach (CA), Man.",2021S0504605,2021,Percent of households in unaffordable housing,101.1.7,21.6,,11.3,,38.4,,0.0,
2021,"Steinbach (CA), Man.",2021S0504605,2021,Core housing need: in core housing need,101.1.8,570,,95,,470,,0,
2021,"Steinbach (CA), Man.",2021S0504605,2021,Percent of households in core housing need,101.1.9,8.5,,2.3,,18.4,,0.0,
2021,"Steinbach (CA), Man.",2021S0504605,2016,Total - Housing indicators,101.2.1,6055,,3930,,2125,,0,
2021,"Steinbach (CA), Man.",2021S0504605,2016,Adequacy: inadequate housing,101.2.2,230,,135,,95,,0,
2021,"Steinbach (CA), Man.",2021S0504605,2016,Percent of households in inadequate housing,101.2.3,3.8,,3.4,,4.5,,0.0,
2021,"Steinbach (CA), Man.",2021S0504605,2016,Suitability: unsuitable housing,101.2.4,250,,100,,155,,0,
2021,"Steinbach (CA), Man.",2021S0504605,2016,Percent of households in unsuitable housing,101.2.5,4.1,,2.5,,7.3,,0.0,
2021,"Steinbach (CA), Man.",2021S0504605,2016,Affordability: unaffordable housing,101.2.6,1365,,530,,835,,0,
2021,"Steinbach (CA), Man.",2021S0504605,2016,Percent of households in unaffordable housing,101.2.7,22.6,,13.5,,39.4,,0.0,
2021,"Steinbach (CA), Man.",2021S0504605,2016,Core housing need: in core housing need,101.2.8,695,,150,,540,,0,
2021,"Steinbach (CA), Man.",2021S0504605,2016,Percent of households in core housing need,101.2.9,11.7,,3.9,,26.3,,0.0,
2021,"Thompson (CA), Man.",2021S0504640,2021,Total - Housing indicators,102.1.1,4675,,2495,,2180,,0,
2021,"Thompson (CA), Man.",2021S0504640,2021,Adequacy: inadequate housing,102.1.2,470,,275,,195,,0,
2021,"Thompson (CA), Man.",2021S0504640,2021,Percent of households in inadequate housing,102.1.3,10.1,,11.0,,8.9,,0.0,
2021,"Thompson (CA), Man.",2021S0504640,2021,Suitability: unsuitable housing,102.1.4,520,,135,,390,,0,
2021,"Thompson (CA), Man.",2021S0504640,2021,Percent of households in unsuitable housing,102.1.5,11.1,,5.4,,17.9,,0.0,
2021,"Thompson (CA), Man.",2021S0504640,2021,Affordability: unaffordable housing,102.1.6,660,,155,,510,,0,
2021,"Thompson (CA), Man.",2021S0504640,2021,Percent of households in unaffordable housing,102.1.7,14.2,,6.2,,23.5,,0.0,
2021,"Thompson (CA), Man.",2021S0504640,2021,Core housing need: in core housing need,102.1.8,435,,65,,370,,0,
2021,"Thompson (CA), Man.",2021S0504640,2021,Percent of households in core housing need,102.1.9,9.5,,2.7,,17.5,,0.0,
2021,"Thompson (CA), Man.",2021S0504640,2016,Total - Housing indicators,102.2.1,4910,,2680,,2235,,0,
2021,"Thompson (CA), Man.",2021S0504640,2016,Adequacy: inadequate housing,102.2.2,525,,250,,275,,0,
2021,"Thompson (CA), Man.",2021S0504640,2016,Percent of households in inadequate housing,102.2.3,10.7,,9.3,,12.3,,0.0,
2021,"Thompson (CA), Man.",2021S0504640,2016,Suitability: unsuitable housing,102.2.4,530,,95,,435,,0,
2021,"Thompson (CA), Man.",2021S0504640,2016,Percent of households in unsuitable housing,102.2.5,10.8,,3.5,,19.5,,0.0,
2021,"Thompson (CA), Man.",2021S0504640,2016,Affordability: unaffordable housing,102.2.6,660,,115,,550,,0,
2021,"Thompson (CA), Man.",2021S0504640,2016,Percent of households in unaffordable housing,102.2.7,13.4,,4.3,,24.6,,0.0,
2021,"Thompson (CA), Man.",2021S0504640,2016,Core housing need: in core housing need,102.2.8,445,,40,,400,,0,
2021,"Thompson (CA), Man.",2021S0504640,2016,Percent of households in core housing need,102.2.9,9.2,,1.5,,18.5,,0.0,
2021,"Winkler (CA), Man.",2021S0504603,2021,Total - Housing indicators,103.1.1,11365,,8590,,2770,,0,
2021,"Winkler (CA), Man.",2021S0504603,2021,Adequacy: inadequate housing,103.1.2,425,,270,,150,,0,
2021,"Winkler (CA), Man.",2021S0504603,2021,Percent of households in inadequate housing,103.1.3,3.7,,3.1,,5.4,,0.0,
2021,"Winkler (CA), Man.",2021S0504603,2021,Suitability: unsuitable housing,103.1.4,515,,285,,230,,0,
2021,"Winkler (CA), Man.",2021S0504603,2021,Percent of households in unsuitable housing,103.1.5,4.5,,3.3,,8.3,,0.0,
2021,"Winkler (CA), Man.",2021S0504603,2021,Affordability: unaffordable housing,103.1.6,1950,,1070,,880,,0,
2021,"Winkler (CA), Man.",2021S0504603,2021,Percent of households in unaffordable housing,103.1.7,17.5,,12.8,,31.9,,0.0,
2021,"Winkler (CA), Man.",2021S0504603,2021,Core housing need: in core housing need,103.1.8,660,,235,,420,,0,
2021,"Winkler (CA), Man.",2021S0504603,2021,Percent of households in core housing need,103.1.9,6.0,,2.8,,15.6,,0.0,
2021,"Winkler (CA), Man.",2021S0504603,2016,Total - Housing indicators,103.2.1,10265,,8020,,2250,,0,
2021,"Winkler (CA), Man.",2021S0504603,2016,Adequacy: inadequate housing,103.2.2,410,,265,,150,,0,
2021,"Winkler (CA), Man.",2021S0504603,2016,Percent of households in inadequate housing,103.2.3,4.0,,3.3,,6.7,,0.0,
2021,"Winkler (CA), Man.",2021S0504603,2016,Suitability: unsuitable housing,103.2.4,425,,265,,160,,0,
2021,"Winkler (CA), Man.",2021S0504603,2016,Percent of households in unsuitable housing,103.2.5,4.1,,3.3,,7.1,,0.0,
2021,"Winkler (CA), Man.",2021S0504603,2016,Affordability: unaffordable housing,103.2.6,1765,,955,,810,,0,
2021,"Winkler (CA), Man.",2021S0504603,2016,Percent of households in unaffordable housing,103.2.7,17.5,,12.2,,36.3,,0.0,
2021,"Winkler (CA), Man.",2021S0504603,2016,Core housing need: in core housing need,103.2.8,665,,280,,390,,0,
2021,"Winkler (CA), Man.",2021S0504603,2016,Percent of households in core housing need,103.2.9,6.7,,3.6,,18.1,,0.0,
2021,"Winnipeg (CMA), Man.",2021S0503602,2021,Total - Housing indicators,104.1.1,330325,,216880,,113325,,120,
2021,"Winnipeg (CMA), Man.",2021S0503602,2021,Adequacy: inadequate housing,104.1.2,21135,,13040,,8060,,40,
2021,"Winnipeg (CMA), Man.",2021S0503602,2021,Percent of households in inadequate housing,104.1.3,6.4,,6.0,,7.1,,33.3,
2021,"Winnipeg (CMA), Man.",2021S0503602,2021,Suitability: unsuitable housing,104.1.4,24865,,9105,,15740,,15,
2021,"Winnipeg (CMA), Man.",2021S0503602,2021,Percent of households in unsuitable housing,104.1.5,7.5,,4.2,,13.9,,12.5,
2021,"Winnipeg (CMA), Man.",2021S0503602,2021,Affordability: unaffordable housing,104.1.6,63640,,23215,,40425,,0,
2021,"Winnipeg (CMA), Man.",2021S0503602,2021,Percent of households in unaffordable housing,104.1.7,19.3,,10.7,,35.8,,0.0,
2021,"Winnipeg (CMA), Man.",2021S0503602,2021,Core housing need: in core housing need,104.1.8,35755,,9800,,25950,,0,
2021,"Winnipeg (CMA), Man.",2021S0503602,2021,Percent of households in core housing need,104.1.9,11.1,,4.6,,24.1,,0.0,
2021,"Winnipeg (CMA), Man.",2021S0503602,2016,Total - Housing indicators,104.2.1,308105,,207545,,100445,,115,
2021,"Winnipeg (CMA), Man.",2021S0503602,2016,Adequacy: inadequate housing,104.2.2,23490,,14245,,9210,,35,
2021,"Winnipeg (CMA), Man.",2021S0503602,2016,Percent of households in inadequate housing,104.2.3,7.6,,6.9,,9.2,,30.4,
2021,"Winnipeg (CMA), Man.",2021S0503602,2016,Suitability: unsuitable housing,104.2.4,21560,,8060,,13475,,25,
2021,"Winnipeg (CMA), Man.",2021S0503602,2016,Percent of households in unsuitable housing,104.2.5,7.0,,3.9,,13.4,,21.7,
2021,"Winnipeg (CMA), Man.",2021S0503602,2016,Affordability: unaffordable housing,104.2.6,64335,,24885,,39450,,0,
2021,"Winnipeg (CMA), Man.",2021S0503602,2016,Percent of households in unaffordable housing,104.2.7,21.0,,12.0,,39.5,,0.0,
2021,"Winnipeg (CMA), Man.",2021S0503602,2016,Core housing need: in core housing need,104.2.8,35870,,10050,,25825,,0,
2021,"Winnipeg (CMA), Man.",2021S0503602,2016,Percent of households in core housing need,104.2.9,12.1,,4.9,,27.7,,0.0,
2021,Saskatchewan,2021A000247,2021,Total - Housing indicators,105.1.1,449580,,317655,,118590,,13335,
2021,Saskatchewan,2021A000247,2021,Adequacy: inadequate housing,105.1.2,35365,,22110,,7720,,5545,
2021,Saskatchewan,2021A000247,2021,Percent of households in inadequate housing,105.1.3,7.9,,7.0,,6.5,,41.6,
2021,Saskatchewan,2021A000247,2021,Suitability: unsuitable housing,105.1.4,22745,,7355,,11905,,3490,
2021,Saskatchewan,2021A000247,2021,Percent of households in unsuitable housing,105.1.5,5.1,,2.3,,10.0,,26.2,
2021,Saskatchewan,2021A000247,2021,Affordability: unaffordable housing,105.1.6,71445,,32905,,38545,,0,
2021,Saskatchewan,2021A000247,2021,Percent of households in unaffordable housing,105.1.7,17.2,,11.1,,33.1,,0.0,
2021,Saskatchewan,2021A000247,2021,Core housing need: in core housing need,105.1.8,41890,,16805,,25085,,0,
2021,Saskatchewan,2021A000247,2021,Percent of households in core housing need,105.1.9,10.3,,5.7,,22.1,,0.0,
2021,Saskatchewan,2021A000247,2016,Total - Housing indicators,105.2.1,432625,,311470,,109685,,11475,
2021,Saskatchewan,2021A000247,2016,Adequacy: inadequate housing,105.2.2,37520,,23190,,8465,,5860,
2021,Saskatchewan,2021A000247,2016,Percent of households in inadequate housing,105.2.3,8.7,,7.4,,7.7,,51.1,
2021,Saskatchewan,2021A000247,2016,Suitability: unsuitable housing,105.2.4,20405,,6280,,10680,,3440,
2021,Saskatchewan,2021A000247,2016,Percent of households in unsuitable housing,105.2.5,4.7,,2.0,,9.7,,30.0,
2021,Saskatchewan,2021A000247,2016,Affordability: unaffordable housing,105.2.6,80295,,35025,,45270,,0,
2021,Saskatchewan,2021A000247,2016,Percent of households in unaffordable housing,105.2.7,20.2,,12.1,,42.1,,0.0,
2021,Saskatchewan,2021A000247,2016,Core housing need: in core housing need,105.2.8,51755,,19915,,31840,,0,
2021,Saskatchewan,2021A000247,2016,Percent of households in core housing need,105.2.9,13.4,,7.0,,31.3,,0.0,
2021,"Estevan (CA), Sask.",2021S0504750,2021,Total - Housing indicators,106.1.1,5340,,3940,,1405,,0,
2021,"Estevan (CA), Sask.",2021S0504750,2021,Adequacy: inadequate housing,106.1.2,305,,240,,70,,0,
2021,"Estevan (CA), Sask.",2021S0504750,2021,Percent of households in inadequate housing,106.1.3,5.7,,6.1,,5.0,,0.0,
2021,"Estevan (CA), Sask.",2021S0504750,2021,Suitability: unsuitable housing,106.1.4,150,,55,,90,,0,
2021,"Estevan (CA), Sask.",2021S0504750,2021,Percent of households in unsuitable housing,106.1.5,2.8,,1.4,,6.4,,0.0,
2021,"Estevan (CA), Sask.",2021S0504750,2021,Affordability: unaffordable housing,106.1.6,730,,385,,345,,0,
2021,"Estevan (CA), Sask.",2021S0504750,2021,Percent of households in unaffordable housing,106.1.7,13.8,,9.9,,24.6,,0.0,
2021,"Estevan (CA), Sask.",2021S0504750,2021,Core housing need: in core housing need,106.1.8,155,,70,,90,,0,
2021,"Estevan (CA), Sask.",2021S0504750,2021,Percent of households in core housing need,106.1.9,3.0,,1.8,,6.5,,0.0,
2021,"Estevan (CA), Sask.",2021S0504750,2016,Total - Housing indicators,106.2.1,5515,,4080,,1435,,0,
2021,"Estevan (CA), Sask.",2021S0504750,2016,Adequacy: inadequate housing,106.2.2,320,,205,,115,,0,
2021,"Estevan (CA), Sask.",2021S0504750,2016,Percent of households in inadequate housing,106.2.3,5.8,,5.0,,8.0,,0.0,
2021,"Estevan (CA), Sask.",2021S0504750,2016,Suitability: unsuitable housing,106.2.4,165,,55,,110,,0,
2021,"Estevan (CA), Sask.",2021S0504750,2016,Percent of households in unsuitable housing,106.2.5,3.0,,1.3,,7.7,,0.0,
2021,"Estevan (CA), Sask.",2021S0504750,2016,Affordability: unaffordable housing,106.2.6,805,,355,,450,,0,
2021,"Estevan (CA), Sask.",2021S0504750,2016,Percent of households in unaffordable housing,106.2.7,14.9,,8.9,,31.5,,0.0,
2021,"Estevan (CA), Sask.",2021S0504750,2016,Core housing need: in core housing need,106.2.8,320,,75,,240,,0,
2021,"Estevan (CA), Sask.",2021S0504750,2016,Percent of households in core housing need,106.2.9,6.0,,1.9,,17.5,,0.0,
2021,"Moose Jaw (CA), Sask.",2021S0504715,2021,Total - Housing indicators,107.1.1,15215,,10295,,4915,,0,
2021,"Moose Jaw (CA), Sask.",2021S0504715,2021,Adequacy: inadequate housing,107.1.2,1130,,840,,290,,0,
2021,"Moose Jaw (CA), Sask.",2021S0504715,2021,Percent of households in inadequate housing,107.1.3,7.4,,8.2,,5.9,,0.0,
2021,"Moose Jaw (CA), Sask.",2021S0504715,2021,Suitability: unsuitable housing,107.1.4,545,,230,,315,,0,
2021,"Moose Jaw (CA), Sask.",2021S0504715,2021,Percent of households in unsuitable housing,107.1.5,3.6,,2.2,,6.4,,0.0,
2021,"Moose Jaw (CA), Sask.",2021S0504715,2021,Affordability: unaffordable housing,107.1.6,2680,,1015,,1665,,0,
2021,"Moose Jaw (CA), Sask.",2021S0504715,2021,Percent of households in unaffordable housing,107.1.7,17.7,,9.9,,34.0,,0.0,
2021,"Moose Jaw (CA), Sask.",2021S0504715,2021,Core housing need: in core housing need,107.1.8,945,,280,,670,,0,
2021,"Moose Jaw (CA), Sask.",2021S0504715,2021,Percent of households in core housing need,107.1.9,6.3,,2.8,,14.0,,0.0,
2021,"Moose Jaw (CA), Sask.",2021S0504715,2016,Total - Housing indicators,107.2.1,15010,,10345,,4660,,0,
2021,"Moose Jaw (CA), Sask.",2021S0504715,2016,Adequacy: inadequate housing,107.2.2,1235,,920,,315,,0,
2021,"Moose Jaw (CA), Sask.",2021S0504715,2016,Percent of households in inadequate housing,107.2.3,8.2,,8.9,,6.8,,0.0,
2021,"Moose Jaw (CA), Sask.",2021S0504715,2016,Suitability: unsuitable housing,107.2.4,380,,205,,180,,0,
2021,"Moose Jaw (CA), Sask.",2021S0504715,2016,Percent of households in unsuitable housing,107.2.5,2.5,,2.0,,3.9,,0.0,
2021,"Moose Jaw (CA), Sask.",2021S0504715,2016,Affordability: unaffordable housing,107.2.6,3060,,1070,,1990,,0,
2021,"Moose Jaw (CA), Sask.",2021S0504715,2016,Percent of households in unaffordable housing,107.2.7,20.5,,10.4,,42.7,,0.0,
2021,"Moose Jaw (CA), Sask.",2021S0504715,2016,Core housing need: in core housing need,107.2.8,1685,,450,,1240,,0,
2021,"Moose Jaw (CA), Sask.",2021S0504715,2016,Percent of households in core housing need,107.2.9,11.5,,4.4,,27.9,,0.0,
2021,"North Battleford (CA), Sask.",2021S0504735,2021,Total - Housing indicators,108.1.1,7865,,5405,,2455,,0,
2021,"North Battleford (CA), Sask.",2021S0504735,2021,Adequacy: inadequate housing,108.1.2,705,,485,,215,,0,
2021,"North Battleford (CA), Sask.",2021S0504735,2021,Percent of households in inadequate housing,108.1.3,9.0,,9.0,,8.8,,0.0,
2021,"North Battleford (CA), Sask.",2021S0504735,2021,Suitability: unsuitable housing,108.1.4,390,,110,,280,,0,
2021,"North Battleford (CA), Sask.",2021S0504735,2021,Percent of households in unsuitable housing,108.1.5,5.0,,2.0,,11.4,,0.0,
2021,"North Battleford (CA), Sask.",2021S0504735,2021,Affordability: unaffordable housing,108.1.6,1235,,455,,780,,0,
2021,"North Battleford (CA), Sask.",2021S0504735,2021,Percent of households in unaffordable housing,108.1.7,15.9,,8.6,,32.0,,0.0,
2021,"North Battleford (CA), Sask.",2021S0504735,2021,Core housing need: in core housing need,108.1.8,605,,165,,435,,0,
2021,"North Battleford (CA), Sask.",2021S0504735,2021,Percent of households in core housing need,108.1.9,7.9,,3.1,,17.9,,0.0,
2021,"North Battleford (CA), Sask.",2021S0504735,2016,Total - Housing indicators,108.2.1,8090,,5600,,2490,,0,
2021,"North Battleford (CA), Sask.",2021S0504735,2016,Adequacy: inadequate housing,108.2.2,525,,360,,165,,0,
2021,"North Battleford (CA), Sask.",2021S0504735,2016,Percent of households in inadequate housing,108.2.3,6.5,,6.4,,6.6,,0.0,
2021,"North Battleford (CA), Sask.",2021S0504735,2016,Suitability: unsuitable housing,108.2.4,380,,125,,255,,0,
2021,"North Battleford (CA), Sask.",2021S0504735,2016,Percent of households in unsuitable housing,108.2.5,4.7,,2.2,,10.2,,0.0,
2021,"North Battleford (CA), Sask.",2021S0504735,2016,Affordability: unaffordable housing,108.2.6,1760,,640,,1120,,0,
2021,"North Battleford (CA), Sask.",2021S0504735,2016,Percent of households in unaffordable housing,108.2.7,22.0,,11.6,,45.1,,0.0,
2021,"North Battleford (CA), Sask.",2021S0504735,2016,Core housing need: in core housing need,108.2.8,1010,,250,,765,,0,
2021,"North Battleford (CA), Sask.",2021S0504735,2016,Percent of households in core housing need,108.2.9,12.9,,4.6,,32.3,,0.0,
2021,"Prince Albert (CA), Sask.",2021S0504745,2021,Total - Housing indicators,109.1.1,17065,,11010,,5980,,65,
2021,"Prince Albert (CA), Sask.",2021S0504745,2021,Adequacy: inadequate housing,109.1.2,1315,,725,,545,,40,
2021,"Prince Albert (CA), Sask.",2021S0504745,2021,Percent of households in inadequate housing,109.1.3,7.7,,6.6,,9.1,,61.5,
2021,"Prince Albert (CA), Sask.",2021S0504745,2021,Suitability: unsuitable housing,109.1.4,1230,,370,,845,,15,
2021,"Prince Albert (CA), Sask.",2021S0504745,2021,Percent of households in unsuitable housing,109.1.5,7.2,,3.4,,14.1,,23.1,
2021,"Prince Albert (CA), Sask.",2021S0504745,2021,Affordability: unaffordable housing,109.1.6,2890,,1035,,1855,,0,
2021,"Prince Albert (CA), Sask.",2021S0504745,2021,Percent of households in unaffordable housing,109.1.7,17.3,,9.6,,31.3,,0.0,
2021,"Prince Albert (CA), Sask.",2021S0504745,2021,Core housing need: in core housing need,109.1.8,1615,,370,,1245,,0,
2021,"Prince Albert (CA), Sask.",2021S0504745,2021,Percent of households in core housing need,109.1.9,9.8,,3.5,,21.4,,0.0,
2021,"Prince Albert (CA), Sask.",2021S0504745,2016,Total - Housing indicators,109.2.1,16595,,10855,,5680,,60,
2021,"Prince Albert (CA), Sask.",2021S0504745,2016,Adequacy: inadequate housing,109.2.2,1180,,715,,440,,20,
2021,"Prince Albert (CA), Sask.",2021S0504745,2016,Percent of households in inadequate housing,109.2.3,7.1,,6.6,,7.7,,33.3,
2021,"Prince Albert (CA), Sask.",2021S0504745,2016,Suitability: unsuitable housing,109.2.4,1045,,245,,785,,15,
2021,"Prince Albert (CA), Sask.",2021S0504745,2016,Percent of households in unsuitable housing,109.2.5,6.3,,2.3,,13.8,,25.0,
2021,"Prince Albert (CA), Sask.",2021S0504745,2016,Affordability: unaffordable housing,109.2.6,3680,,1120,,2560,,0,
2021,"Prince Albert (CA), Sask.",2021S0504745,2016,Percent of households in unaffordable housing,109.2.7,22.8,,10.7,,45.2,,0.0,
2021,"Prince Albert (CA), Sask.",2021S0504745,2016,Core housing need: in core housing need,109.2.8,2250,,400,,1850,,0,
2021,"Prince Albert (CA), Sask.",2021S0504745,2016,Percent of households in core housing need,109.2.9,14.2,,3.9,,33.9,,0.0,
2021,"Regina (CMA), Sask.",2021S0503705,2021,Total - Housing indicators,110.1.1,100215,,68690,,31520,,0,
2021,"Regina (CMA), Sask.",2021S0503705,2021,Adequacy: inadequate housing,110.1.2,7245,,5215,,2035,,0,
2021,"Regina (CMA), Sask.",2021S0503705,2021,Percent of households in inadequate housing,110.1.3,7.2,,7.6,,6.5,,0.0,
2021,"Regina (CMA), Sask.",2021S0503705,2021,Suitability: unsuitable housing,110.1.4,5690,,1800,,3895,,0,
2021,"Regina (CMA), Sask.",2021S0503705,2021,Percent of households in unsuitable housing,110.1.5,5.7,,2.6,,12.4,,0.0,
2021,"Regina (CMA), Sask.",2021S0503705,2021,Affordability: unaffordable housing,110.1.6,18620,,7580,,11035,,0,
2021,"Regina (CMA), Sask.",2021S0503705,2021,Percent of households in unaffordable housing,110.1.7,18.7,,11.1,,35.4,,0.0,
2021,"Regina (CMA), Sask.",2021S0503705,2021,Core housing need: in core housing need,110.1.8,9585,,2675,,6910,,0,
2021,"Regina (CMA), Sask.",2021S0503705,2021,Percent of households in core housing need,110.1.9,9.8,,4.0,,22.9,,0.0,
2021,"Regina (CMA), Sask.",2021S0503705,2016,Total - Housing indicators,110.2.1,95060,,66475,,28585,,0,
2021,"Regina (CMA), Sask.",2021S0503705,2016,Adequacy: inadequate housing,110.2.2,6790,,4705,,2085,,0,
2021,"Regina (CMA), Sask.",2021S0503705,2016,Percent of households in inadequate housing,110.2.3,7.1,,7.1,,7.3,,0.0,
2021,"Regina (CMA), Sask.",2021S0503705,2016,Suitability: unsuitable housing,110.2.4,4740,,1455,,3285,,0,
2021,"Regina (CMA), Sask.",2021S0503705,2016,Percent of households in unsuitable housing,110.2.5,5.0,,2.2,,11.5,,0.0,
2021,"Regina (CMA), Sask.",2021S0503705,2016,Affordability: unaffordable housing,110.2.6,20925,,7835,,13090,,0,
2021,"Regina (CMA), Sask.",2021S0503705,2016,Percent of households in unaffordable housing,110.2.7,22.1,,11.9,,45.9,,0.0,
2021,"Regina (CMA), Sask.",2021S0503705,2016,Core housing need: in core housing need,110.2.8,12265,,3265,,9000,,0,
2021,"Regina (CMA), Sask.",2021S0503705,2016,Percent of households in core housing need,110.2.9,13.3,,5.0,,33.7,,0.0,
2021,"Saskatoon (CMA), Sask.",2021S0503725,2021,Total - Housing indicators,111.1.1,125100,,85340,,39620,,140,
2021,"Saskatoon (CMA), Sask.",2021S0503725,2021,Adequacy: inadequate housing,111.1.2,5300,,3490,,1785,,25,
2021,"Saskatoon (CMA), Sask.",2021S0503725,2021,Percent of households in inadequate housing,111.1.3,4.2,,4.1,,4.5,,17.9,
2021,"Saskatoon (CMA), Sask.",2021S0503725,2021,Suitability: unsuitable housing,111.1.4,6035,,1890,,4125,,15,
2021,"Saskatoon (CMA), Sask.",2021S0503725,2021,Percent of households in unsuitable housing,111.1.5,4.8,,2.2,,10.4,,10.7,
2021,"Saskatoon (CMA), Sask.",2021S0503725,2021,Affordability: unaffordable housing,111.1.6,26175,,11695,,14485,,0,
2021,"Saskatoon (CMA), Sask.",2021S0503725,2021,Percent of households in unaffordable housing,111.1.7,21.2,,13.8,,36.9,,0.0,
2021,"Saskatoon (CMA), Sask.",2021S0503725,2021,Core housing need: in core housing need,111.1.8,12080,,3480,,8595,,0,
2021,"Saskatoon (CMA), Sask.",2021S0503725,2021,Percent of households in core housing need,111.1.9,9.9,,4.2,,22.6,,0.0,
2021,"Saskatoon (CMA), Sask.",2021S0503725,2016,Total - Housing indicators,111.2.1,115280,,80900,,34300,,80,
2021,"Saskatoon (CMA), Sask.",2021S0503725,2016,Adequacy: inadequate housing,111.2.2,5420,,3575,,1835,,15,
2021,"Saskatoon (CMA), Sask.",2021S0503725,2016,Percent of households in inadequate housing,111.2.3,4.7,,4.4,,5.3,,18.8,
2021,"Saskatoon (CMA), Sask.",2021S0503725,2016,Suitability: unsuitable housing,111.2.4,5335,,1695,,3635,,0,
2021,"Saskatoon (CMA), Sask.",2021S0503725,2016,Percent of households in unsuitable housing,111.2.5,4.6,,2.1,,10.6,,0.0,
2021,"Saskatoon (CMA), Sask.",2021S0503725,2016,Affordability: unaffordable housing,111.2.6,26790,,11490,,15295,,0,
2021,"Saskatoon (CMA), Sask.",2021S0503725,2016,Percent of households in unaffordable housing,111.2.7,23.4,,14.3,,44.7,,0.0,
2021,"Saskatoon (CMA), Sask.",2021S0503725,2016,Core housing need: in core housing need,111.2.8,13140,,3810,,9325,,0,
2021,"Saskatoon (CMA), Sask.",2021S0503725,2016,Percent of households in core housing need,111.2.9,11.8,,4.8,,29.0,,0.0,
2021,"Swift Current (CA), Sask.",2021S0504720,2021,Total - Housing indicators,112.1.1,7950,,5660,,2290,,0,
2021,"Swift Current (CA), Sask.",2021S0504720,2021,Adequacy: inadequate housing,112.1.2,495,,340,,160,,0,
2021,"Swift Current (CA), Sask.",2021S0504720,2021,Percent of households in inadequate housing,112.1.3,6.2,,6.0,,7.0,,0.0,
2021,"Swift Current (CA), Sask.",2021S0504720,2021,Suitability: unsuitable housing,112.1.4,280,,100,,185,,0,
2021,"Swift Current (CA), Sask.",2021S0504720,2021,Percent of households in unsuitable housing,112.1.5,3.5,,1.8,,8.1,,0.0,
2021,"Swift Current (CA), Sask.",2021S0504720,2021,Affordability: unaffordable housing,112.1.6,1235,,535,,700,,0,
2021,"Swift Current (CA), Sask.",2021S0504720,2021,Percent of households in unaffordable housing,112.1.7,15.9,,9.7,,30.9,,0.0,
2021,"Swift Current (CA), Sask.",2021S0504720,2021,Core housing need: in core housing need,112.1.8,470,,100,,370,,0,
2021,"Swift Current (CA), Sask.",2021S0504720,2021,Percent of households in core housing need,112.1.9,6.1,,1.8,,16.6,,0.0,
2021,"Swift Current (CA), Sask.",2021S0504720,2016,Total - Housing indicators,112.2.1,7855,,5750,,2100,,0,
2021,"Swift Current (CA), Sask.",2021S0504720,2016,Adequacy: inadequate housing,112.2.2,555,,365,,185,,0,
2021,"Swift Current (CA), Sask.",2021S0504720,2016,Percent of households in inadequate housing,112.2.3,7.1,,6.3,,8.8,,0.0,
2021,"Swift Current (CA), Sask.",2021S0504720,2016,Suitability: unsuitable housing,112.2.4,160,,40,,120,,0,
2021,"Swift Current (CA), Sask.",2021S0504720,2016,Percent of households in unsuitable housing,112.2.5,2.0,,0.7,,5.7,,0.0,
2021,"Swift Current (CA), Sask.",2021S0504720,2016,Affordability: unaffordable housing,112.2.6,1200,,460,,745,,0,
2021,"Swift Current (CA), Sask.",2021S0504720,2016,Percent of households in unaffordable housing,112.2.7,15.5,,8.2,,35.5,,0.0,
2021,"Swift Current (CA), Sask.",2021S0504720,2016,Core housing need: in core housing need,112.2.8,650,,175,,475,,0,
2021,"Swift Current (CA), Sask.",2021S0504720,2016,Percent of households in core housing need,112.2.9,8.6,,3.1,,23.7,,0.0,
2021,"Weyburn (CA), Sask.",2021S0504755,2021,Total - Housing indicators,113.1.1,5090,,3615,,1475,,0,
2021,"Weyburn (CA), Sask.",2021S0504755,2021,Adequacy: inadequate housing,113.1.2,330,,230,,100,,0,
2021,"Weyburn (CA), Sask.",2021S0504755,2021,Percent of households in inadequate housing,113.1.3,6.5,,6.4,,6.8,,0.0,
2021,"Weyburn (CA), Sask.",2021S0504755,2021,Suitability: unsuitable housing,113.1.4,120,,45,,80,,0,
2021,"Weyburn (CA), Sask.",2021S0504755,2021,Percent of households in unsuitable housing,113.1.5,2.4,,1.2,,5.4,,0.0,
2021,"Weyburn (CA), Sask.",2021S0504755,2021,Affordability: unaffordable housing,113.1.6,785,,355,,435,,0,
2021,"Weyburn (CA), Sask.",2021S0504755,2021,Percent of households in unaffordable housing,113.1.7,15.7,,10.0,,29.5,,0.0,
2021,"Weyburn (CA), Sask.",2021S0504755,2021,Core housing need: in core housing need,113.1.8,280,,75,,205,,0,
2021,"Weyburn (CA), Sask.",2021S0504755,2021,Percent of households in core housing need,113.1.9,5.6,,2.1,,14.1,,0.0,
2021,"Weyburn (CA), Sask.",2021S0504755,2016,Total - Housing indicators,113.2.1,5010,,3650,,1360,,0,
2021,"Weyburn (CA), Sask.",2021S0504755,2016,Adequacy: inadequate housing,113.2.2,355,,265,,95,,0,
2021,"Weyburn (CA), Sask.",2021S0504755,2016,Percent of households in inadequate housing,113.2.3,7.1,,7.3,,7.0,,0.0,
2021,"Weyburn (CA), Sask.",2021S0504755,2016,Suitability: unsuitable housing,113.2.4,115,,55,,60,,0,
2021,"Weyburn (CA), Sask.",2021S0504755,2016,Percent of households in unsuitable housing,113.2.5,2.3,,1.5,,4.4,,0.0,
2021,"Weyburn (CA), Sask.",2021S0504755,2016,Affordability: unaffordable housing,113.2.6,860,,330,,525,,0,
2021,"Weyburn (CA), Sask.",2021S0504755,2016,Percent of households in unaffordable housing,113.2.7,17.4,,9.2,,38.6,,0.0,
2021,"Weyburn (CA), Sask.",2021S0504755,2016,Core housing need: in core housing need,113.2.8,420,,110,,310,,0,
2021,"Weyburn (CA), Sask.",2021S0504755,2016,Percent of households in core housing need,113.2.9,8.7,,3.1,,23.6,,0.0,
2021,"Yorkton (CA), Sask.",2021S0504710,2021,Total - Housing indicators,114.1.1,8425,,6210,,2215,,0,
2021,"Yorkton (CA), Sask.",2021S0504710,2021,Adequacy: inadequate housing,114.1.2,570,,400,,170,,0,
2021,"Yorkton (CA), Sask.",2021S0504710,2021,Percent of households in inadequate housing,114.1.3,6.8,,6.4,,7.7,,0.0,
2021,"Yorkton (CA), Sask.",2021S0504710,2021,Suitability: unsuitable housing,114.1.4,355,,125,,225,,0,
2021,"Yorkton (CA), Sask.",2021S0504710,2021,Percent of households in unsuitable housing,114.1.5,4.2,,2.0,,10.2,,0.0,
2021,"Yorkton (CA), Sask.",2021S0504710,2021,Affordability: unaffordable housing,114.1.6,1345,,545,,800,,0,
2021,"Yorkton (CA), Sask.",2021S0504710,2021,Percent of households in unaffordable housing,114.1.7,16.3,,9.1,,36.2,,0.0,
2021,"Yorkton (CA), Sask.",2021S0504710,2021,Core housing need: in core housing need,114.1.8,830,,260,,570,,0,
2021,"Yorkton (CA), Sask.",2021S0504710,2021,Percent of households in core housing need,114.1.9,10.2,,4.4,,26.3,,0.0,
2021,"Yorkton (CA), Sask.",2021S0504710,2016,Total - Housing indicators,114.2.1,8395,,6300,,2095,,0,
2021,"Yorkton (CA), Sask.",2021S0504710,2016,Adequacy: inadequate housing,114.2.2,610,,415,,195,,0,
2021,"Yorkton (CA), Sask.",2021S0504710,2016,Percent of households in inadequate housing,114.2.3,7.3,,6.6,,9.3,,0.0,
2021,"Yorkton (CA), Sask.",2021S0504710,2016,Suitability: unsuitable housing,114.2.4,225,,80,,145,,0,
2021,"Yorkton (CA), Sask.",2021S0504710,2016,Percent of households in unsuitable housing,114.2.5,2.7,,1.3,,6.9,,0.0,
2021,"Yorkton (CA), Sask.",2021S0504710,2016,Affordability: unaffordable housing,114.2.6,1525,,615,,910,,0,
2021,"Yorkton (CA), Sask.",2021S0504710,2016,Percent of households in unaffordable housing,114.2.7,18.7,,10.1,,43.8,,0.0,
2021,"Yorkton (CA), Sask.",2021S0504710,2016,Core housing need: in core housing need,114.2.8,1045,,335,,710,,0,
2021,"Yorkton (CA), Sask.",2021S0504710,2016,Percent of households in core housing need,114.2.9,13.1,,5.6,,36.0,,0.0,
2021,Alberta,2021A000248,2021,Total - Housing indicators,115.1.1,1633220,,1157495,,465220,,10505,
2021,Alberta,2021A000248,2021,Adequacy: inadequate housing,115.1.2,89420,,57195,,27705,,4520,
2021,Alberta,2021A000248,2021,Percent of households in inadequate housing,115.1.3,5.5,,4.9,,6.0,,43.0,
2021,Alberta,2021A000248,2021,Suitability: unsuitable housing,115.1.4,76260,,33780,,40045,,2435,
2021,Alberta,2021A000248,2021,Percent of households in unsuitable housing,115.1.5,4.7,,2.9,,8.6,,23.2,
2021,Alberta,2021A000248,2021,Affordability: unaffordable housing,115.1.6,337585,,181170,,156415,,0,
2021,Alberta,2021A000248,2021,Percent of households in unaffordable housing,115.1.7,21.2,,16.0,,34.0,,0.0,
2021,Alberta,2021A000248,2021,Core housing need: in core housing need,115.1.8,154230,,62135,,92090,,0,
2021,Alberta,2021A000248,2021,Percent of households in core housing need,115.1.9,9.9,,5.6,,20.7,,0.0,
2021,Alberta,2021A000248,2016,Total - Housing indicators,115.2.1,1527680,,1105795,,412150,,9735,
2021,Alberta,2021A000248,2016,Adequacy: inadequate housing,115.2.2,87240,,54755,,27875,,4605,
2021,Alberta,2021A000248,2016,Percent of households in inadequate housing,115.2.3,5.7,,5.0,,6.8,,47.3,
2021,Alberta,2021A000248,2016,Suitability: unsuitable housing,115.2.4,69130,,28050,,38350,,2730,
2021,Alberta,2021A000248,2016,Percent of households in unsuitable housing,115.2.5,4.5,,2.5,,9.3,,28.0,
2021,Alberta,2021A000248,2016,Affordability: unaffordable housing,115.2.6,308490,,162215,,146275,,0,
2021,Alberta,2021A000248,2016,Percent of households in unaffordable housing,115.2.7,20.9,,15.1,,36.0,,0.0,
2021,Alberta,2021A000248,2016,Core housing need: in core housing need,115.2.8,164275,,69380,,94900,,0,
2021,Alberta,2021A000248,2016,Percent of households in core housing need,115.2.9,11.4,,6.6,,24.7,,0.0,
2021,"Brooks (CA), Alta.",2021S0504806,2021,Total - Housing indicators,116.1.1,5140,,3325,,1810,,0,
2021,"Brooks (CA), Alta.",2021S0504806,2021,Adequacy: inadequate housing,116.1.2,310,,195,,115,,0,
2021,"Brooks (CA), Alta.",2021S0504806,2021,Percent of households in inadequate housing,116.1.3,6.0,,5.9,,6.4,,0.0,
2021,"Brooks (CA), Alta.",2021S0504806,2021,Suitability: unsuitable housing,116.1.4,450,,110,,340,,0,
2021,"Brooks (CA), Alta.",2021S0504806,2021,Percent of households in unsuitable housing,116.1.5,8.8,,3.3,,18.8,,0.0,
2021,"Brooks (CA), Alta.",2021S0504806,2021,Affordability: unaffordable housing,116.1.6,775,,390,,385,,0,
2021,"Brooks (CA), Alta.",2021S0504806,2021,Percent of households in unaffordable housing,116.1.7,15.2,,11.7,,21.7,,0.0,
2021,"Brooks (CA), Alta.",2021S0504806,2021,Core housing need: in core housing need,116.1.8,300,,90,,210,,0,
2021,"Brooks (CA), Alta.",2021S0504806,2021,Percent of households in core housing need,116.1.9,5.9,,2.7,,11.9,,0.0,
2021,"Brooks (CA), Alta.",2021S0504806,2016,Total - Housing indicators,116.2.1,5045,,3325,,1720,,0,
2021,"Brooks (CA), Alta.",2021S0504806,2016,Adequacy: inadequate housing,116.2.2,265,,175,,90,,0,
2021,"Brooks (CA), Alta.",2021S0504806,2016,Percent of households in inadequate housing,116.2.3,5.3,,5.3,,5.2,,0.0,
2021,"Brooks (CA), Alta.",2021S0504806,2016,Suitability: unsuitable housing,116.2.4,390,,100,,290,,0,
2021,"Brooks (CA), Alta.",2021S0504806,2016,Percent of households in unsuitable housing,116.2.5,7.7,,3.0,,16.9,,0.0,
2021,"Brooks (CA), Alta.",2021S0504806,2016,Affordability: unaffordable housing,116.2.6,950,,455,,495,,0,
2021,"Brooks (CA), Alta.",2021S0504806,2016,Percent of households in unaffordable housing,116.2.7,18.9,,13.7,,28.9,,0.0,
2021,"Brooks (CA), Alta.",2021S0504806,2016,Core housing need: in core housing need,116.2.8,610,,205,,410,,0,
2021,"Brooks (CA), Alta.",2021S0504806,2016,Percent of households in core housing need,116.2.9,12.3,,6.2,,24.4,,0.0,
2021,"Calgary (CMA), Alta.",2021S0503825,2021,Total - Housing indicators,117.1.1,563440,,397375,,166065,,0,
2021,"Calgary (CMA), Alta.",2021S0503825,2021,Adequacy: inadequate housing,117.1.2,24655,,15735,,8920,,0,
2021,"Calgary (CMA), Alta.",2021S0503825,2021,Percent of households in inadequate housing,117.1.3,4.4,,4.0,,5.4,,0.0,
2021,"Calgary (CMA), Alta.",2021S0503825,2021,Suitability: unsuitable housing,117.1.4,27345,,13605,,13740,,0,
2021,"Calgary (CMA), Alta.",2021S0503825,2021,Percent of households in unsuitable housing,117.1.5,4.9,,3.4,,8.3,,0.0,
2021,"Calgary (CMA), Alta.",2021S0503825,2021,Affordability: unaffordable housing,117.1.6,126115,,69415,,56695,,0,
2021,"Calgary (CMA), Alta.",2021S0503825,2021,Percent of households in unaffordable housing,117.1.7,22.5,,17.5,,34.5,,0.0,
2021,"Calgary (CMA), Alta.",2021S0503825,2021,Core housing need: in core housing need,117.1.8,53635,,21150,,32485,,0,
2021,"Calgary (CMA), Alta.",2021S0503825,2021,Percent of households in core housing need,117.1.9,9.8,,5.4,,20.5,,0.0,
2021,"Calgary (CMA), Alta.",2021S0503825,2016,Total - Housing indicators,117.2.1,519695,,379225,,140365,,100,
2021,"Calgary (CMA), Alta.",2021S0503825,2016,Adequacy: inadequate housing,117.2.2,21665,,13380,,8270,,15,
2021,"Calgary (CMA), Alta.",2021S0503825,2016,Percent of households in inadequate housing,117.2.3,4.2,,3.5,,5.9,,15.0,
2021,"Calgary (CMA), Alta.",2021S0503825,2016,Suitability: unsuitable housing,117.2.4,23655,,11290,,12345,,20,
2021,"Calgary (CMA), Alta.",2021S0503825,2016,Percent of households in unsuitable housing,117.2.5,4.6,,3.0,,8.8,,20.0,
2021,"Calgary (CMA), Alta.",2021S0503825,2016,Affordability: unaffordable housing,117.2.6,112760,,61950,,50810,,0,
2021,"Calgary (CMA), Alta.",2021S0503825,2016,Percent of households in unaffordable housing,117.2.7,21.9,,16.4,,36.6,,0.0,
2021,"Calgary (CMA), Alta.",2021S0503825,2016,Core housing need: in core housing need,117.2.8,56670,,24295,,32375,,0,
2021,"Calgary (CMA), Alta.",2021S0503825,2016,Percent of households in core housing need,117.2.9,11.3,,6.6,,24.8,,0.0,
2021,"Camrose (CA), Alta.",2021S0504833,2021,Total - Housing indicators,118.1.1,8135,,5370,,2770,,0,
2021,"Camrose (CA), Alta.",2021S0504833,2021,Adequacy: inadequate housing,118.1.2,480,,270,,210,,0,
2021,"Camrose (CA), Alta.",2021S0504833,2021,Percent of households in inadequate housing,118.1.3,5.9,,5.0,,7.6,,0.0,
2021,"Camrose (CA), Alta.",2021S0504833,2021,Suitability: unsuitable housing,118.1.4,180,,50,,125,,0,
2021,"Camrose (CA), Alta.",2021S0504833,2021,Percent of households in unsuitable housing,118.1.5,2.2,,0.9,,4.5,,0.0,
2021,"Camrose (CA), Alta.",2021S0504833,2021,Affordability: unaffordable housing,118.1.6,1775,,680,,1100,,0,
2021,"Camrose (CA), Alta.",2021S0504833,2021,Percent of households in unaffordable housing,118.1.7,21.9,,12.7,,40.0,,0.0,
2021,"Camrose (CA), Alta.",2021S0504833,2021,Core housing need: in core housing need,118.1.8,790,,180,,605,,0,
2021,"Camrose (CA), Alta.",2021S0504833,2021,Percent of households in core housing need,118.1.9,9.9,,3.4,,22.5,,0.0,
2021,"Camrose (CA), Alta.",2021S0504833,2016,Total - Housing indicators,118.2.1,8055,,5335,,2720,,0,
2021,"Camrose (CA), Alta.",2021S0504833,2016,Adequacy: inadequate housing,118.2.2,455,,280,,170,,0,
2021,"Camrose (CA), Alta.",2021S0504833,2016,Percent of households in inadequate housing,118.2.3,5.6,,5.2,,6.3,,0.0,
2021,"Camrose (CA), Alta.",2021S0504833,2016,Suitability: unsuitable housing,118.2.4,175,,50,,125,,0,
2021,"Camrose (CA), Alta.",2021S0504833,2016,Percent of households in unsuitable housing,118.2.5,2.2,,0.9,,4.6,,0.0,
2021,"Camrose (CA), Alta.",2021S0504833,2016,Affordability: unaffordable housing,118.2.6,1835,,660,,1175,,0,
2021,"Camrose (CA), Alta.",2021S0504833,2016,Percent of households in unaffordable housing,118.2.7,22.9,,12.4,,43.4,,0.0,
2021,"Camrose (CA), Alta.",2021S0504833,2016,Core housing need: in core housing need,118.2.8,820,,215,,610,,0,
2021,"Camrose (CA), Alta.",2021S0504833,2016,Percent of households in core housing need,118.2.9,10.5,,4.1,,23.8,,0.0,
2021,"Canmore (CA), Alta.",2021S0504828,2021,Total - Housing indicators,119.1.1,6805,,4505,,2305,,0,
2021,"Canmore (CA), Alta.",2021S0504828,2021,Adequacy: inadequate housing,119.1.2,350,,230,,125,,0,
2021,"Canmore (CA), Alta.",2021S0504828,2021,Percent of households in inadequate housing,119.1.3,5.1,,5.1,,5.4,,0.0,
2021,"Canmore (CA), Alta.",2021S0504828,2021,Suitability: unsuitable housing,119.1.4,225,,115,,110,,0,
2021,"Canmore (CA), Alta.",2021S0504828,2021,Percent of households in unsuitable housing,119.1.5,3.3,,2.6,,4.8,,0.0,
2021,"Canmore (CA), Alta.",2021S0504828,2021,Affordability: unaffordable housing,119.1.6,1690,,850,,835,,0,
2021,"Canmore (CA), Alta.",2021S0504828,2021,Percent of households in unaffordable housing,119.1.7,24.9,,18.9,,36.5,,0.0,
2021,"Canmore (CA), Alta.",2021S0504828,2021,Core housing need: in core housing need,119.1.8,285,,175,,115,,0,
2021,"Canmore (CA), Alta.",2021S0504828,2021,Percent of households in core housing need,119.1.9,4.3,,4.0,,5.2,,0.0,
2021,"Canmore (CA), Alta.",2021S0504828,2016,Total - Housing indicators,119.2.1,5740,,3935,,1810,,0,
2021,"Canmore (CA), Alta.",2021S0504828,2016,Adequacy: inadequate housing,119.2.2,225,,130,,95,,0,
2021,"Canmore (CA), Alta.",2021S0504828,2016,Percent of households in inadequate housing,119.2.3,3.9,,3.3,,5.2,,0.0,
2021,"Canmore (CA), Alta.",2021S0504828,2016,Suitability: unsuitable housing,119.2.4,170,,55,,115,,0,
2021,"Canmore (CA), Alta.",2021S0504828,2016,Percent of households in unsuitable housing,119.2.5,3.0,,1.4,,6.4,,0.0,
2021,"Canmore (CA), Alta.",2021S0504828,2016,Affordability: unaffordable housing,119.2.6,1250,,650,,600,,0,
2021,"Canmore (CA), Alta.",2021S0504828,2016,Percent of households in unaffordable housing,119.2.7,21.9,,16.6,,33.4,,0.0,
2021,"Canmore (CA), Alta.",2021S0504828,2016,Core housing need: in core housing need,119.2.8,390,,150,,240,,0,
2021,"Canmore (CA), Alta.",2021S0504828,2016,Percent of households in core housing need,119.2.9,7.0,,3.9,,13.8,,0.0,
2021,"Edmonton (CMA), Alta.",2021S0503835,2021,Total - Housing indicators,120.1.1,548625,,377120,,170765,,740,
2021,"Edmonton (CMA), Alta.",2021S0503835,2021,Adequacy: inadequate housing,120.1.2,28280,,18290,,9695,,295,
2021,"Edmonton (CMA), Alta.",2021S0503835,2021,Percent of households in inadequate housing,120.1.3,5.2,,4.8,,5.7,,39.9,
2021,"Edmonton (CMA), Alta.",2021S0503835,2021,Suitability: unsuitable housing,120.1.4,30105,,12005,,17925,,175,
2021,"Edmonton (CMA), Alta.",2021S0503835,2021,Percent of households in unsuitable housing,120.1.5,5.5,,3.2,,10.5,,23.6,
2021,"Edmonton (CMA), Alta.",2021S0503835,2021,Affordability: unaffordable housing,120.1.6,122005,,61145,,60865,,0,
2021,"Edmonton (CMA), Alta.",2021S0503835,2021,Percent of households in unaffordable housing,120.1.7,22.5,,16.3,,36.0,,0.0,
2021,"Edmonton (CMA), Alta.",2021S0503835,2021,Core housing need: in core housing need,120.1.8,56290,,18550,,37740,,0,
2021,"Edmonton (CMA), Alta.",2021S0503835,2021,Percent of households in core housing need,120.1.9,10.6,,5.0,,23.1,,0.0,
2021,"Edmonton (CMA), Alta.",2021S0503835,2016,Total - Housing indicators,120.2.1,502140,,349565,,151715,,865,
2021,"Edmonton (CMA), Alta.",2021S0503835,2016,Adequacy: inadequate housing,120.2.2,27145,,16420,,10355,,370,
2021,"Edmonton (CMA), Alta.",2021S0503835,2016,Percent of households in inadequate housing,120.2.3,5.4,,4.7,,6.8,,42.8,
2021,"Edmonton (CMA), Alta.",2021S0503835,2016,Suitability: unsuitable housing,120.2.4,26915,,9010,,17695,,215,
2021,"Edmonton (CMA), Alta.",2021S0503835,2016,Percent of households in unsuitable housing,120.2.5,5.4,,2.6,,11.7,,24.9,
2021,"Edmonton (CMA), Alta.",2021S0503835,2016,Affordability: unaffordable housing,120.2.6,108775,,52160,,56615,,0,
2021,"Edmonton (CMA), Alta.",2021S0503835,2016,Percent of households in unaffordable housing,120.2.7,21.9,,15.1,,37.7,,0.0,
2021,"Edmonton (CMA), Alta.",2021S0503835,2016,Core housing need: in core housing need,120.2.8,59250,,21105,,38145,,0,
2021,"Edmonton (CMA), Alta.",2021S0503835,2016,Percent of households in core housing need,120.2.9,12.3,,6.2,,27.0,,0.0,
2021,"Grande Prairie (CA), Alta.",2021S0504850,2021,Total - Housing indicators,121.1.1,24815,,16310,,8505,,0,
2021,"Grande Prairie (CA), Alta.",2021S0504850,2021,Adequacy: inadequate housing,121.1.2,1235,,760,,470,,0,
2021,"Grande Prairie (CA), Alta.",2021S0504850,2021,Percent of households in inadequate housing,121.1.3,5.0,,4.7,,5.5,,0.0,
2021,"Grande Prairie (CA), Alta.",2021S0504850,2021,Suitability: unsuitable housing,121.1.4,990,,375,,610,,0,
2021,"Grande Prairie (CA), Alta.",2021S0504850,2021,Percent of households in unsuitable housing,121.1.5,4.0,,2.3,,7.2,,0.0,
2021,"Grande Prairie (CA), Alta.",2021S0504850,2021,Affordability: unaffordable housing,121.1.6,5535,,2610,,2920,,0,
2021,"Grande Prairie (CA), Alta.",2021S0504850,2021,Percent of households in unaffordable housing,121.1.7,22.4,,16.0,,34.5,,0.0,
2021,"Grande Prairie (CA), Alta.",2021S0504850,2021,Core housing need: in core housing need,121.1.8,2520,,750,,1765,,0,
2021,"Grande Prairie (CA), Alta.",2021S0504850,2021,Percent of households in core housing need,121.1.9,10.4,,4.7,,21.5,,0.0,
2021,"Grande Prairie (CA), Alta.",2021S0504850,2016,Total - Housing indicators,121.2.1,23680,,15465,,8215,,0,
2021,"Grande Prairie (CA), Alta.",2021S0504850,2016,Adequacy: inadequate housing,121.2.2,1095,,595,,500,,0,
2021,"Grande Prairie (CA), Alta.",2021S0504850,2016,Percent of households in inadequate housing,121.2.3,4.6,,3.8,,6.1,,0.0,
2021,"Grande Prairie (CA), Alta.",2021S0504850,2016,Suitability: unsuitable housing,121.2.4,815,,305,,510,,0,
2021,"Grande Prairie (CA), Alta.",2021S0504850,2016,Percent of households in unsuitable housing,121.2.5,3.4,,2.0,,6.2,,0.0,
2021,"Grande Prairie (CA), Alta.",2021S0504850,2016,Affordability: unaffordable housing,121.2.6,4625,,2150,,2480,,0,
2021,"Grande Prairie (CA), Alta.",2021S0504850,2016,Percent of households in unaffordable housing,121.2.7,19.6,,14.0,,30.4,,0.0,
2021,"Grande Prairie (CA), Alta.",2021S0504850,2016,Core housing need: in core housing need,121.2.8,2475,,750,,1720,,0,
2021,"Grande Prairie (CA), Alta.",2021S0504850,2016,Percent of households in core housing need,121.2.9,10.8,,4.9,,21.9,,0.0,
2021,"High River (CA), Alta.",2021S0504821,2021,Total - Housing indicators,122.1.1,5790,,4365,,1420,,0,
2021,"High River (CA), Alta.",2021S0504821,2021,Adequacy: inadequate housing,122.1.2,195,,130,,60,,0,
2021,"High River (CA), Alta.",2021S0504821,2021,Percent of households in inadequate housing,122.1.3,3.4,,3.0,,4.2,,0.0,
2021,"High River (CA), Alta.",2021S0504821,2021,Suitability: unsuitable housing,122.1.4,195,,110,,85,,0,
2021,"High River (CA), Alta.",2021S0504821,2021,Percent of households in unsuitable housing,122.1.5,3.4,,2.5,,6.0,,0.0,
2021,"High River (CA), Alta.",2021S0504821,2021,Affordability: unaffordable housing,122.1.6,1115,,620,,495,,0,
2021,"High River (CA), Alta.",2021S0504821,2021,Percent of households in unaffordable housing,122.1.7,19.3,,14.2,,35.1,,0.0,
2021,"High River (CA), Alta.",2021S0504821,2021,Core housing need: in core housing need,122.1.8,475,,230,,245,,0,
2021,"High River (CA), Alta.",2021S0504821,2021,Percent of households in core housing need,122.1.9,8.3,,5.3,,17.8,,0.0,
2021,"High River (CA), Alta.",2021S0504821,2016,Total - Housing indicators,122.2.1,5365,,4180,,1185,,0,
2021,"High River (CA), Alta.",2021S0504821,2016,Adequacy: inadequate housing,122.2.2,225,,180,,45,,0,
2021,"High River (CA), Alta.",2021S0504821,2016,Percent of households in inadequate housing,122.2.3,4.2,,4.3,,3.8,,0.0,
2021,"High River (CA), Alta.",2021S0504821,2016,Suitability: unsuitable housing,122.2.4,180,,100,,80,,0,
2021,"High River (CA), Alta.",2021S0504821,2016,Percent of households in unsuitable housing,122.2.5,3.4,,2.4,,6.8,,0.0,
2021,"High River (CA), Alta.",2021S0504821,2016,Affordability: unaffordable housing,122.2.6,1210,,700,,510,,0,
2021,"High River (CA), Alta.",2021S0504821,2016,Percent of households in unaffordable housing,122.2.7,22.6,,16.8,,43.4,,0.0,
2021,"High River (CA), Alta.",2021S0504821,2016,Core housing need: in core housing need,122.2.8,585,,300,,285,,0,
2021,"High River (CA), Alta.",2021S0504821,2016,Percent of households in core housing need,122.2.9,11.2,,7.3,,25.9,,0.0,
2021,"Lacombe (CA), Alta.",2021S0504832,2021,Total - Housing indicators,123.1.1,5195,,3730,,1465,,0,
2021,"Lacombe (CA), Alta.",2021S0504832,2021,Adequacy: inadequate housing,123.1.2,295,,180,,115,,0,
2021,"Lacombe (CA), Alta.",2021S0504832,2021,Percent of households in inadequate housing,123.1.3,5.7,,4.8,,7.8,,0.0,
2021,"Lacombe (CA), Alta.",2021S0504832,2021,Suitability: unsuitable housing,123.1.4,115,,35,,75,,0,
2021,"Lacombe (CA), Alta.",2021S0504832,2021,Percent of households in unsuitable housing,123.1.5,2.2,,0.9,,5.1,,0.0,
2021,"Lacombe (CA), Alta.",2021S0504832,2021,Affordability: unaffordable housing,123.1.6,1010,,535,,470,,0,
2021,"Lacombe (CA), Alta.",2021S0504832,2021,Percent of households in unaffordable housing,123.1.7,19.5,,14.3,,32.3,,0.0,
2021,"Lacombe (CA), Alta.",2021S0504832,2021,Core housing need: in core housing need,123.1.8,360,,140,,220,,0,
2021,"Lacombe (CA), Alta.",2021S0504832,2021,Percent of households in core housing need,123.1.9,7.1,,3.8,,15.4,,0.0,
2021,"Lacombe (CA), Alta.",2021S0504832,2016,Total - Housing indicators,123.2.1,4800,,3685,,1115,,0,
2021,"Lacombe (CA), Alta.",2021S0504832,2016,Adequacy: inadequate housing,123.2.2,235,,185,,55,,0,
2021,"Lacombe (CA), Alta.",2021S0504832,2016,Percent of households in inadequate housing,123.2.3,4.9,,5.0,,4.9,,0.0,
2021,"Lacombe (CA), Alta.",2021S0504832,2016,Suitability: unsuitable housing,123.2.4,150,,70,,80,,0,
2021,"Lacombe (CA), Alta.",2021S0504832,2016,Percent of households in unsuitable housing,123.2.5,3.1,,1.9,,7.2,,0.0,
2021,"Lacombe (CA), Alta.",2021S0504832,2016,Affordability: unaffordable housing,123.2.6,880,,495,,380,,0,
2021,"Lacombe (CA), Alta.",2021S0504832,2016,Percent of households in unaffordable housing,123.2.7,18.4,,13.5,,34.5,,0.0,
2021,"Lacombe (CA), Alta.",2021S0504832,2016,Core housing need: in core housing need,123.2.8,335,,125,,210,,0,
2021,"Lacombe (CA), Alta.",2021S0504832,2016,Percent of households in core housing need,123.2.9,7.1,,3.4,,19.6,,0.0,
2021,"Lethbridge (CMA), Alta.",2021S0503810,2021,Total - Housing indicators,124.1.1,48645,,34250,,14400,,0,
2021,"Lethbridge (CMA), Alta.",2021S0503810,2021,Adequacy: inadequate housing,124.1.2,2415,,1505,,915,,0,
2021,"Lethbridge (CMA), Alta.",2021S0503810,2021,Percent of households in inadequate housing,124.1.3,5.0,,4.4,,6.4,,0.0,
2021,"Lethbridge (CMA), Alta.",2021S0503810,2021,Suitability: unsuitable housing,124.1.4,1435,,490,,945,,0,
2021,"Lethbridge (CMA), Alta.",2021S0503810,2021,Percent of households in unsuitable housing,124.1.5,2.9,,1.4,,6.6,,0.0,
2021,"Lethbridge (CMA), Alta.",2021S0503810,2021,Affordability: unaffordable housing,124.1.6,9420,,4435,,4985,,0,
2021,"Lethbridge (CMA), Alta.",2021S0503810,2021,Percent of households in unaffordable housing,124.1.7,19.6,,13.1,,35.0,,0.0,
2021,"Lethbridge (CMA), Alta.",2021S0503810,2021,Core housing need: in core housing need,124.1.8,4235,,1355,,2880,,0,
2021,"Lethbridge (CMA), Alta.",2021S0503810,2021,Percent of households in core housing need,124.1.9,9.0,,4.1,,20.7,,0.0,
2021,"Lethbridge (CMA), Alta.",2021S0503810,2016,Total - Housing indicators,124.2.1,45695,,32400,,13295,,0,
2021,"Lethbridge (CMA), Alta.",2021S0503810,2016,Adequacy: inadequate housing,124.2.2,2600,,1690,,910,,0,
2021,"Lethbridge (CMA), Alta.",2021S0503810,2016,Percent of households in inadequate housing,124.2.3,5.7,,5.2,,6.8,,0.0,
2021,"Lethbridge (CMA), Alta.",2021S0503810,2016,Suitability: unsuitable housing,124.2.4,1465,,585,,890,,0,
2021,"Lethbridge (CMA), Alta.",2021S0503810,2016,Percent of households in unsuitable housing,124.2.5,3.2,,1.8,,6.7,,0.0,
2021,"Lethbridge (CMA), Alta.",2021S0503810,2016,Affordability: unaffordable housing,124.2.6,9270,,4110,,5160,,0,
2021,"Lethbridge (CMA), Alta.",2021S0503810,2016,Percent of households in unaffordable housing,124.2.7,20.7,,12.9,,39.3,,0.0,
2021,"Lethbridge (CMA), Alta.",2021S0503810,2016,Core housing need: in core housing need,124.2.8,4345,,1555,,2790,,0,
2021,"Lethbridge (CMA), Alta.",2021S0503810,2016,Percent of households in core housing need,124.2.9,9.9,,4.9,,22.2,,0.0,
2021,"Lloydminster (CA), Alta./Sask.",2021S0504840,2021,Total - Housing indicators,125.1.1,13890,,9695,,4195,,0,
2021,"Lloydminster (CA), Alta./Sask.",2021S0504840,2021,Adequacy: inadequate housing,125.1.2,705,,480,,225,,0,
2021,"Lloydminster (CA), Alta./Sask.",2021S0504840,2021,Percent of households in inadequate housing,125.1.3,5.1,,5.0,,5.4,,0.0,
2021,"Lloydminster (CA), Alta./Sask.",2021S0504840,2021,Suitability: unsuitable housing,125.1.4,425,,180,,245,,0,
2021,"Lloydminster (CA), Alta./Sask.",2021S0504840,2021,Percent of households in unsuitable housing,125.1.5,3.1,,1.9,,5.8,,0.0,
2021,"Lloydminster (CA), Alta./Sask.",2021S0504840,2021,Affordability: unaffordable housing,125.1.6,2660,,1385,,1275,,0,
2021,"Lloydminster (CA), Alta./Sask.",2021S0504840,2021,Percent of households in unaffordable housing,125.1.7,19.6,,14.7,,30.5,,0.0,
2021,"Lloydminster (CA), Alta./Sask.",2021S0504840,2021,Core housing need: in core housing need,125.1.8,1190,,380,,810,,0,
2021,"Lloydminster (CA), Alta./Sask.",2021S0504840,2021,Percent of households in core housing need,125.1.9,9.0,,4.1,,20.0,,0.0,
2021,"Lloydminster (CA), Alta./Sask.",2021S0504840,2016,Total - Housing indicators,125.2.1,13740,,9875,,3860,,0,
2021,"Lloydminster (CA), Alta./Sask.",2021S0504840,2016,Adequacy: inadequate housing,125.2.2,725,,490,,230,,0,
2021,"Lloydminster (CA), Alta./Sask.",2021S0504840,2016,Percent of households in inadequate housing,125.2.3,5.3,,5.0,,6.0,,0.0,
2021,"Lloydminster (CA), Alta./Sask.",2021S0504840,2016,Suitability: unsuitable housing,125.2.4,540,,150,,385,,0,
2021,"Lloydminster (CA), Alta./Sask.",2021S0504840,2016,Percent of households in unsuitable housing,125.2.5,3.9,,1.5,,10.0,,0.0,
2021,"Lloydminster (CA), Alta./Sask.",2021S0504840,2016,Affordability: unaffordable housing,125.2.6,2635,,1375,,1255,,0,
2021,"Lloydminster (CA), Alta./Sask.",2021S0504840,2016,Percent of households in unaffordable housing,125.2.7,19.6,,14.3,,32.6,,0.0,
2021,"Lloydminster (CA), Alta./Sask.",2021S0504840,2016,Core housing need: in core housing need,125.2.8,1340,,435,,910,,0,
2021,"Lloydminster (CA), Alta./Sask.",2021S0504840,2016,Percent of households in core housing need,125.2.9,10.2,,4.6,,24.9,,0.0,
2021,"Medicine Hat (CA), Alta.",2021S0504805,2021,Total - Housing indicators,126.1.1,32060,,23315,,8745,,0,
2021,"Medicine Hat (CA), Alta.",2021S0504805,2021,Adequacy: inadequate housing,126.1.2,1515,,970,,545,,0,
2021,"Medicine Hat (CA), Alta.",2021S0504805,2021,Percent of households in inadequate housing,126.1.3,4.7,,4.2,,6.2,,0.0,
2021,"Medicine Hat (CA), Alta.",2021S0504805,2021,Suitability: unsuitable housing,126.1.4,730,,285,,440,,0,
2021,"Medicine Hat (CA), Alta.",2021S0504805,2021,Percent of households in unsuitable housing,126.1.5,2.3,,1.2,,5.0,,0.0,
2021,"Medicine Hat (CA), Alta.",2021S0504805,2021,Affordability: unaffordable housing,126.1.6,6080,,3040,,3035,,0,
2021,"Medicine Hat (CA), Alta.",2021S0504805,2021,Percent of households in unaffordable housing,126.1.7,19.2,,13.2,,35.0,,0.0,
2021,"Medicine Hat (CA), Alta.",2021S0504805,2021,Core housing need: in core housing need,126.1.8,2585,,920,,1665,,0,
2021,"Medicine Hat (CA), Alta.",2021S0504805,2021,Percent of households in core housing need,126.1.9,8.3,,4.1,,19.7,,0.0,
2021,"Medicine Hat (CA), Alta.",2021S0504805,2016,Total - Housing indicators,126.2.1,31500,,23035,,8470,,0,
2021,"Medicine Hat (CA), Alta.",2021S0504805,2016,Adequacy: inadequate housing,126.2.2,1800,,1125,,670,,0,
2021,"Medicine Hat (CA), Alta.",2021S0504805,2016,Percent of households in inadequate housing,126.2.3,5.7,,4.9,,7.9,,0.0,
2021,"Medicine Hat (CA), Alta.",2021S0504805,2016,Suitability: unsuitable housing,126.2.4,625,,250,,380,,0,
2021,"Medicine Hat (CA), Alta.",2021S0504805,2016,Percent of households in unsuitable housing,126.2.5,2.0,,1.1,,4.5,,0.0,
2021,"Medicine Hat (CA), Alta.",2021S0504805,2016,Affordability: unaffordable housing,126.2.6,6005,,2835,,3170,,0,
2021,"Medicine Hat (CA), Alta.",2021S0504805,2016,Percent of households in unaffordable housing,126.2.7,19.4,,12.6,,37.8,,0.0,
2021,"Medicine Hat (CA), Alta.",2021S0504805,2016,Core housing need: in core housing need,126.2.8,2800,,905,,1890,,0,
2021,"Medicine Hat (CA), Alta.",2021S0504805,2016,Percent of households in core housing need,126.2.9,9.2,,4.1,,23.4,,0.0,
2021,"Okotoks (CA), Alta.",2021S0504820,2021,Total - Housing indicators,127.1.1,10475,,8980,,1495,,0,
2021,"Okotoks (CA), Alta.",2021S0504820,2021,Adequacy: inadequate housing,127.1.2,255,,185,,75,,0,
2021,"Okotoks (CA), Alta.",2021S0504820,2021,Percent of households in inadequate housing,127.1.3,2.4,,2.1,,5.0,,0.0,
2021,"Okotoks (CA), Alta.",2021S0504820,2021,Suitability: unsuitable housing,127.1.4,285,,185,,100,,0,
2021,"Okotoks (CA), Alta.",2021S0504820,2021,Percent of households in unsuitable housing,127.1.5,2.7,,2.1,,6.7,,0.0,
2021,"Okotoks (CA), Alta.",2021S0504820,2021,Affordability: unaffordable housing,127.1.6,1805,,1270,,535,,0,
2021,"Okotoks (CA), Alta.",2021S0504820,2021,Percent of households in unaffordable housing,127.1.7,17.3,,14.2,,35.9,,0.0,
2021,"Okotoks (CA), Alta.",2021S0504820,2021,Core housing need: in core housing need,127.1.8,335,,200,,135,,0,
2021,"Okotoks (CA), Alta.",2021S0504820,2021,Percent of households in core housing need,127.1.9,3.2,,2.3,,9.2,,0.0,
2021,"Okotoks (CA), Alta.",2021S0504820,2016,Total - Housing indicators,127.2.1,9685,,8140,,1550,,0,
2021,"Okotoks (CA), Alta.",2021S0504820,2016,Adequacy: inadequate housing,127.2.2,190,,130,,55,,0,
2021,"Okotoks (CA), Alta.",2021S0504820,2016,Percent of households in inadequate housing,127.2.3,2.0,,1.6,,3.5,,0.0,
2021,"Okotoks (CA), Alta.",2021S0504820,2016,Suitability: unsuitable housing,127.2.4,280,,175,,110,,0,
2021,"Okotoks (CA), Alta.",2021S0504820,2016,Percent of households in unsuitable housing,127.2.5,2.9,,2.1,,7.1,,0.0,
2021,"Okotoks (CA), Alta.",2021S0504820,2016,Affordability: unaffordable housing,127.2.6,1885,,1200,,685,,0,
2021,"Okotoks (CA), Alta.",2021S0504820,2016,Percent of households in unaffordable housing,127.2.7,19.5,,14.8,,44.8,,0.0,
2021,"Okotoks (CA), Alta.",2021S0504820,2016,Core housing need: in core housing need,127.2.8,285,,145,,135,,0,
2021,"Okotoks (CA), Alta.",2021S0504820,2016,Percent of households in core housing need,127.2.9,3.0,,1.8,,9.6,,0.0,
2021,"Red Deer (CMA), Alta.",2021S0503830,2021,Total - Housing indicators,128.1.1,40515,,26255,,14260,,0,
2021,"Red Deer (CMA), Alta.",2021S0503830,2021,Adequacy: inadequate housing,128.1.2,1880,,1110,,775,,0,
2021,"Red Deer (CMA), Alta.",2021S0503830,2021,Percent of households in inadequate housing,128.1.3,4.6,,4.2,,5.4,,0.0,
2021,"Red Deer (CMA), Alta.",2021S0503830,2021,Suitability: unsuitable housing,128.1.4,1365,,415,,955,,0,
2021,"Red Deer (CMA), Alta.",2021S0503830,2021,Percent of households in unsuitable housing,128.1.5,3.4,,1.6,,6.7,,0.0,
2021,"Red Deer (CMA), Alta.",2021S0503830,2021,Affordability: unaffordable housing,128.1.6,8615,,3690,,4920,,0,
2021,"Red Deer (CMA), Alta.",2021S0503830,2021,Percent of households in unaffordable housing,128.1.7,21.4,,14.1,,34.8,,0.0,
2021,"Red Deer (CMA), Alta.",2021S0503830,2021,Core housing need: in core housing need,128.1.8,3745,,985,,2760,,0,
2021,"Red Deer (CMA), Alta.",2021S0503830,2021,Percent of households in core housing need,128.1.9,9.4,,3.8,,20.0,,0.0,
2021,"Red Deer (CMA), Alta.",2021S0503830,2016,Total - Housing indicators,128.2.1,39980,,26260,,13720,,0,
2021,"Red Deer (CMA), Alta.",2021S0503830,2016,Adequacy: inadequate housing,128.2.2,1785,,980,,810,,0,
2021,"Red Deer (CMA), Alta.",2021S0503830,2016,Percent of households in inadequate housing,128.2.3,4.5,,3.7,,5.9,,0.0,
2021,"Red Deer (CMA), Alta.",2021S0503830,2016,Suitability: unsuitable housing,128.2.4,1415,,380,,1040,,0,
2021,"Red Deer (CMA), Alta.",2021S0503830,2016,Percent of households in unsuitable housing,128.2.5,3.5,,1.4,,7.6,,0.0,
2021,"Red Deer (CMA), Alta.",2021S0503830,2016,Affordability: unaffordable housing,128.2.6,8760,,3580,,5180,,0,
2021,"Red Deer (CMA), Alta.",2021S0503830,2016,Percent of households in unaffordable housing,128.2.7,22.0,,13.7,,38.1,,0.0,
2021,"Red Deer (CMA), Alta.",2021S0503830,2016,Core housing need: in core housing need,128.2.8,4680,,1305,,3375,,0,
2021,"Red Deer (CMA), Alta.",2021S0503830,2016,Percent of households in core housing need,128.2.9,12.1,,5.1,,26.0,,0.0,
2021,"Strathmore (CA), Alta.",2021S0504826,2021,Total - Housing indicators,129.1.1,5520,,4260,,1255,,0,
2021,"Strathmore (CA), Alta.",2021S0504826,2021,Adequacy: inadequate housing,129.1.2,215,,170,,40,,0,
2021,"Strathmore (CA), Alta.",2021S0504826,2021,Percent of households in inadequate housing,129.1.3,3.9,,4.0,,3.2,,0.0,
2021,"Strathmore (CA), Alta.",2021S0504826,2021,Suitability: unsuitable housing,129.1.4,165,,50,,120,,0,
2021,"Strathmore (CA), Alta.",2021S0504826,2021,Percent of households in unsuitable housing,129.1.5,3.0,,1.2,,9.6,,0.0,
2021,"Strathmore (CA), Alta.",2021S0504826,2021,Affordability: unaffordable housing,129.1.6,1150,,675,,475,,0,
2021,"Strathmore (CA), Alta.",2021S0504826,2021,Percent of households in unaffordable housing,129.1.7,20.9,,15.9,,38.2,,0.0,
2021,"Strathmore (CA), Alta.",2021S0504826,2021,Core housing need: in core housing need,129.1.8,335,,140,,195,,0,
2021,"Strathmore (CA), Alta.",2021S0504826,2021,Percent of households in core housing need,129.1.9,6.2,,3.3,,16.2,,0.0,
2021,"Strathmore (CA), Alta.",2021S0504826,2016,Total - Housing indicators,129.2.1,5145,,4045,,1100,,0,
2021,"Strathmore (CA), Alta.",2021S0504826,2016,Adequacy: inadequate housing,129.2.2,220,,180,,40,,0,
2021,"Strathmore (CA), Alta.",2021S0504826,2016,Percent of households in inadequate housing,129.2.3,4.3,,4.4,,3.6,,0.0,
2021,"Strathmore (CA), Alta.",2021S0504826,2016,Suitability: unsuitable housing,129.2.4,115,,55,,60,,0,
2021,"Strathmore (CA), Alta.",2021S0504826,2016,Percent of households in unsuitable housing,129.2.5,2.2,,1.4,,5.5,,0.0,
2021,"Strathmore (CA), Alta.",2021S0504826,2016,Affordability: unaffordable housing,129.2.6,1035,,620,,415,,0,
2021,"Strathmore (CA), Alta.",2021S0504826,2016,Percent of households in unaffordable housing,129.2.7,20.2,,15.4,,37.9,,0.0,
2021,"Strathmore (CA), Alta.",2021S0504826,2016,Core housing need: in core housing need,129.2.8,390,,145,,240,,0,
2021,"Strathmore (CA), Alta.",2021S0504826,2016,Percent of households in core housing need,129.2.9,7.7,,3.7,,22.4,,0.0,
2021,"Sylvan Lake (CA), Alta.",2021S0504831,2021,Total - Housing indicators,130.1.1,6620,,4550,,2070,,0,
2021,"Sylvan Lake (CA), Alta.",2021S0504831,2021,Adequacy: inadequate housing,130.1.2,175,,100,,70,,0,
2021,"Sylvan Lake (CA), Alta.",2021S0504831,2021,Percent of households in inadequate housing,130.1.3,2.6,,2.2,,3.4,,0.0,
2021,"Sylvan Lake (CA), Alta.",2021S0504831,2021,Suitability: unsuitable housing,130.1.4,95,,30,,65,,0,
2021,"Sylvan Lake (CA), Alta.",2021S0504831,2021,Percent of households in unsuitable housing,130.1.5,1.4,,0.7,,3.1,,0.0,
2021,"Sylvan Lake (CA), Alta.",2021S0504831,2021,Affordability: unaffordable housing,130.1.6,1550,,830,,725,,0,
2021,"Sylvan Lake (CA), Alta.",2021S0504831,2021,Percent of households in unaffordable housing,130.1.7,23.5,,18.3,,35.3,,0.0,
2021,"Sylvan Lake (CA), Alta.",2021S0504831,2021,Core housing need: in core housing need,130.1.8,505,,195,,310,,0,
2021,"Sylvan Lake (CA), Alta.",2021S0504831,2021,Percent of households in core housing need,130.1.9,7.8,,4.4,,15.4,,0.0,
2021,"Sylvan Lake (CA), Alta.",2021S0504831,2016,Total - Housing indicators,130.2.1,5815,,4200,,1615,,0,
2021,"Sylvan Lake (CA), Alta.",2021S0504831,2016,Adequacy: inadequate housing,130.2.2,235,,160,,70,,0,
2021,"Sylvan Lake (CA), Alta.",2021S0504831,2016,Percent of households in inadequate housing,130.2.3,4.0,,3.8,,4.3,,0.0,
2021,"Sylvan Lake (CA), Alta.",2021S0504831,2016,Suitability: unsuitable housing,130.2.4,120,,35,,85,,0,
2021,"Sylvan Lake (CA), Alta.",2021S0504831,2016,Percent of households in unsuitable housing,130.2.5,2.1,,0.8,,5.3,,0.0,
2021,"Sylvan Lake (CA), Alta.",2021S0504831,2016,Affordability: unaffordable housing,130.2.6,1240,,640,,600,,0,
2021,"Sylvan Lake (CA), Alta.",2021S0504831,2016,Percent of households in unaffordable housing,130.2.7,21.4,,15.2,,37.7,,0.0,
2021,"Sylvan Lake (CA), Alta.",2021S0504831,2016,Core housing need: in core housing need,130.2.8,540,,180,,355,,0,
2021,"Sylvan Lake (CA), Alta.",2021S0504831,2016,Percent of households in core housing need,130.2.9,9.6,,4.4,,23.5,,0.0,
2021,"Wetaskiwin (CA), Alta.",2021S0504865,2021,Total - Housing indicators,131.1.1,5185,,3285,,1900,,0,
2021,"Wetaskiwin (CA), Alta.",2021S0504865,2021,Adequacy: inadequate housing,131.1.2,340,,225,,120,,0,
2021,"Wetaskiwin (CA), Alta.",2021S0504865,2021,Percent of households in inadequate housing,131.1.3,6.6,,6.8,,6.3,,0.0,
2021,"Wetaskiwin (CA), Alta.",2021S0504865,2021,Suitability: unsuitable housing,131.1.4,275,,75,,200,,0,
2021,"Wetaskiwin (CA), Alta.",2021S0504865,2021,Percent of households in unsuitable housing,131.1.5,5.3,,2.3,,10.5,,0.0,
2021,"Wetaskiwin (CA), Alta.",2021S0504865,2021,Affordability: unaffordable housing,131.1.6,1180,,510,,670,,0,
2021,"Wetaskiwin (CA), Alta.",2021S0504865,2021,Percent of households in unaffordable housing,131.1.7,22.9,,15.6,,35.4,,0.0,
2021,"Wetaskiwin (CA), Alta.",2021S0504865,2021,Core housing need: in core housing need,131.1.8,745,,245,,500,,0,
2021,"Wetaskiwin (CA), Alta.",2021S0504865,2021,Percent of households in core housing need,131.1.9,14.7,,7.6,,27.0,,0.0,
2021,"Wetaskiwin (CA), Alta.",2021S0504865,2016,Total - Housing indicators,131.2.1,5120,,3270,,1855,,0,
2021,"Wetaskiwin (CA), Alta.",2021S0504865,2016,Adequacy: inadequate housing,131.2.2,375,,245,,125,,0,
2021,"Wetaskiwin (CA), Alta.",2021S0504865,2016,Percent of households in inadequate housing,131.2.3,7.3,,7.5,,6.7,,0.0,
2021,"Wetaskiwin (CA), Alta.",2021S0504865,2016,Suitability: unsuitable housing,131.2.4,205,,60,,150,,0,
2021,"Wetaskiwin (CA), Alta.",2021S0504865,2016,Percent of households in unsuitable housing,131.2.5,4.0,,1.8,,8.1,,0.0,
2021,"Wetaskiwin (CA), Alta.",2021S0504865,2016,Affordability: unaffordable housing,131.2.6,1285,,545,,740,,0,
2021,"Wetaskiwin (CA), Alta.",2021S0504865,2016,Percent of households in unaffordable housing,131.2.7,25.2,,16.7,,40.1,,0.0,
2021,"Wetaskiwin (CA), Alta.",2021S0504865,2016,Core housing need: in core housing need,131.2.8,890,,325,,565,,0,
2021,"Wetaskiwin (CA), Alta.",2021S0504865,2016,Percent of households in core housing need,131.2.9,17.8,,10.1,,31.6,,0.0,
2021,"Wood Buffalo (CA), Alta.",2021S0504860,2021,Total - Housing indicators,132.1.1,26480,,17425,,8575,,480,
2021,"Wood Buffalo (CA), Alta.",2021S0504860,2021,Adequacy: inadequate housing,132.1.2,1600,,915,,550,,135,
2021,"Wood Buffalo (CA), Alta.",2021S0504860,2021,Percent of households in inadequate housing,132.1.3,6.0,,5.3,,6.4,,28.1,
2021,"Wood Buffalo (CA), Alta.",2021S0504860,2021,Suitability: unsuitable housing,132.1.4,1655,,595,,1020,,50,
2021,"Wood Buffalo (CA), Alta.",2021S0504860,2021,Percent of households in unsuitable housing,132.1.5,6.3,,3.4,,11.9,,10.4,
2021,"Wood Buffalo (CA), Alta.",2021S0504860,2021,Affordability: unaffordable housing,132.1.6,3325,,1875,,1445,,0,
2021,"Wood Buffalo (CA), Alta.",2021S0504860,2021,Percent of households in unaffordable housing,132.1.7,12.8,,10.8,,16.9,,0.0,
2021,"Wood Buffalo (CA), Alta.",2021S0504860,2021,Core housing need: in core housing need,132.1.8,1185,,385,,810,,0,
2021,"Wood Buffalo (CA), Alta.",2021S0504860,2021,Percent of households in core housing need,132.1.9,4.7,,2.2,,9.7,,0.0,
2021,"Wood Buffalo (CA), Alta.",2021S0504860,2016,Total - Housing indicators,132.2.1,26225,,17405,,8280,,535,
2021,"Wood Buffalo (CA), Alta.",2021S0504860,2016,Adequacy: inadequate housing,132.2.2,1350,,860,,340,,155,
2021,"Wood Buffalo (CA), Alta.",2021S0504860,2016,Percent of households in inadequate housing,132.2.3,5.1,,4.9,,4.1,,29.0,
2021,"Wood Buffalo (CA), Alta.",2021S0504860,2016,Suitability: unsuitable housing,132.2.4,1610,,585,,950,,70,
2021,"Wood Buffalo (CA), Alta.",2021S0504860,2016,Percent of households in unsuitable housing,132.2.5,6.1,,3.4,,11.5,,13.1,
2021,"Wood Buffalo (CA), Alta.",2021S0504860,2016,Affordability: unaffordable housing,132.2.6,3130,,1620,,1510,,0,
2021,"Wood Buffalo (CA), Alta.",2021S0504860,2016,Percent of households in unaffordable housing,132.2.7,12.3,,9.4,,18.5,,0.0,
2021,"Wood Buffalo (CA), Alta.",2021S0504860,2016,Core housing need: in core housing need,132.2.8,1625,,535,,1095,,0,
2021,"Wood Buffalo (CA), Alta.",2021S0504860,2016,Percent of households in core housing need,132.2.9,6.5,,3.1,,14.0,,0.0,
2021,British Columbia,2021A000259,2021,Total - Housing indicators,133.1.1,2041830,,1363185,,669455,,9190,
2021,British Columbia,2021A000259,2021,Adequacy: inadequate housing,133.1.2,119195,,71595,,44980,,2625,
2021,British Columbia,2021A000259,2021,Percent of households in inadequate housing,133.1.3,5.8,,5.3,,6.7,,28.6,
2021,British Columbia,2021A000259,2021,Suitability: unsuitable housing,133.1.4,122695,,48410,,73120,,1165,
2021,British Columbia,2021A000259,2021,Percent of households in unsuitable housing,133.1.5,6.0,,3.6,,10.9,,12.7,
2021,British Columbia,2021A000259,2021,Affordability: unaffordable housing,133.1.6,506850,,256935,,249915,,0,
2021,British Columbia,2021A000259,2021,Percent of households in unaffordable housing,133.1.7,25.5,,19.3,,37.8,,0.0,
2021,British Columbia,2021A000259,2021,Core housing need: in core housing need,133.1.8,257090,,102845,,154245,,0,
2021,British Columbia,2021A000259,2021,Percent of households in core housing need,133.1.9,13.4,,8.0,,24.7,,0.0,
2021,British Columbia,2021A000259,2016,Total - Housing indicators,133.2.1,1881970,,1279020,,599360,,3590,
2021,British Columbia,2021A000259,2016,Adequacy: inadequate housing,133.2.2,118865,,72325,,45260,,1280,
2021,British Columbia,2021A000259,2016,Percent of households in inadequate housing,133.2.3,6.3,,5.7,,7.6,,35.7,
2021,British Columbia,2021A000259,2016,Suitability: unsuitable housing,133.2.4,100060,,39260,,60270,,535,
2021,British Columbia,2021A000259,2016,Percent of households in unsuitable housing,133.2.5,5.3,,3.1,,10.1,,14.9,
2021,British Columbia,2021A000259,2016,Affordability: unaffordable housing,133.2.6,512210,,256255,,255960,,0,
2021,British Columbia,2021A000259,2016,Percent of households in unaffordable housing,133.2.7,28.0,,20.7,,43.3,,0.0,
2021,British Columbia,2021A000259,2016,Core housing need: in core housing need,133.2.8,260225,,97355,,162870,,0,
2021,British Columbia,2021A000259,2016,Percent of households in core housing need,133.2.9,14.9,,8.1,,29.9,,0.0,
2021,"Abbotsford - Mission (CMA), B.C.",2021S0503932,2021,Total - Housing indicators,134.1.1,67615,,47640,,19915,,60,
2021,"Abbotsford - Mission (CMA), B.C.",2021S0503932,2021,Adequacy: inadequate housing,134.1.2,3110,,1735,,1360,,15,
2021,"Abbotsford - Mission (CMA), B.C.",2021S0503932,2021,Percent of households in inadequate housing,134.1.3,4.6,,3.6,,6.8,,25.0,
2021,"Abbotsford - Mission (CMA), B.C.",2021S0503932,2021,Suitability: unsuitable housing,134.1.4,4860,,2285,,2575,,10,
2021,"Abbotsford - Mission (CMA), B.C.",2021S0503932,2021,Percent of households in unsuitable housing,134.1.5,7.2,,4.8,,12.9,,16.7,
2021,"Abbotsford - Mission (CMA), B.C.",2021S0503932,2021,Affordability: unaffordable housing,134.1.6,15595,,9045,,6550,,0,
2021,"Abbotsford - Mission (CMA), B.C.",2021S0503932,2021,Percent of households in unaffordable housing,134.1.7,23.5,,19.4,,33.2,,0.0,
2021,"Abbotsford - Mission (CMA), B.C.",2021S0503932,2021,Core housing need: in core housing need,134.1.8,6360,,2390,,3965,,0,
2021,"Abbotsford - Mission (CMA), B.C.",2021S0503932,2021,Percent of households in core housing need,134.1.9,9.8,,5.2,,20.8,,0.0,
2021,"Abbotsford - Mission (CMA), B.C.",2021S0503932,2016,Total - Housing indicators,134.2.1,62630,,44820,,17795,,0,
2021,"Abbotsford - Mission (CMA), B.C.",2021S0503932,2016,Adequacy: inadequate housing,134.2.2,3010,,1800,,1205,,0,
2021,"Abbotsford - Mission (CMA), B.C.",2021S0503932,2016,Percent of households in inadequate housing,134.2.3,4.8,,4.0,,6.8,,0.0,
2021,"Abbotsford - Mission (CMA), B.C.",2021S0503932,2016,Suitability: unsuitable housing,134.2.4,3560,,1615,,1945,,0,
2021,"Abbotsford - Mission (CMA), B.C.",2021S0503932,2016,Percent of households in unsuitable housing,134.2.5,5.7,,3.6,,10.9,,0.0,
2021,"Abbotsford - Mission (CMA), B.C.",2021S0503932,2016,Affordability: unaffordable housing,134.2.6,15645,,8730,,6915,,0,
2021,"Abbotsford - Mission (CMA), B.C.",2021S0503932,2016,Percent of households in unaffordable housing,134.2.7,25.5,,20.0,,39.1,,0.0,
2021,"Abbotsford - Mission (CMA), B.C.",2021S0503932,2016,Core housing need: in core housing need,134.2.8,7545,,2745,,4800,,0,
2021,"Abbotsford - Mission (CMA), B.C.",2021S0503932,2016,Percent of households in core housing need,134.2.9,12.7,,6.4,,29.0,,0.0,
2021,"Campbell River (CA), B.C.",2021S0504944,2021,Total - Housing indicators,135.1.1,17640,,12930,,4615,,95,
2021,"Campbell River (CA), B.C.",2021S0504944,2021,Adequacy: inadequate housing,135.1.2,960,,590,,360,,10,
2021,"Campbell River (CA), B.C.",2021S0504944,2021,Percent of households in inadequate housing,135.1.3,5.4,,4.6,,7.8,,10.5,
2021,"Campbell River (CA), B.C.",2021S0504944,2021,Suitability: unsuitable housing,135.1.4,465,,180,,275,,10,
2021,"Campbell River (CA), B.C.",2021S0504944,2021,Percent of households in unsuitable housing,135.1.5,2.6,,1.4,,6.0,,10.5,
2021,"Campbell River (CA), B.C.",2021S0504944,2021,Affordability: unaffordable housing,135.1.6,3605,,1855,,1745,,0,
2021,"Campbell River (CA), B.C.",2021S0504944,2021,Percent of households in unaffordable housing,135.1.7,20.9,,14.7,,38.3,,0.0,
2021,"Campbell River (CA), B.C.",2021S0504944,2021,Core housing need: in core housing need,135.1.8,1885,,780,,1105,,0,
2021,"Campbell River (CA), B.C.",2021S0504944,2021,Percent of households in core housing need,135.1.9,11.1,,6.2,,25.0,,0.0,
2021,"Campbell River (CA), B.C.",2021S0504944,2016,Total - Housing indicators,135.2.1,16385,,11935,,4430,,25,
2021,"Campbell River (CA), B.C.",2021S0504944,2016,Adequacy: inadequate housing,135.2.2,1125,,725,,390,,10,
2021,"Campbell River (CA), B.C.",2021S0504944,2016,Percent of households in inadequate housing,135.2.3,6.9,,6.1,,8.8,,40.0,
2021,"Campbell River (CA), B.C.",2021S0504944,2016,Suitability: unsuitable housing,135.2.4,370,,150,,215,,0,
2021,"Campbell River (CA), B.C.",2021S0504944,2016,Percent of households in unsuitable housing,135.2.5,2.3,,1.3,,4.9,,0.0,
2021,"Campbell River (CA), B.C.",2021S0504944,2016,Affordability: unaffordable housing,135.2.6,3480,,1630,,1850,,0,
2021,"Campbell River (CA), B.C.",2021S0504944,2016,Percent of households in unaffordable housing,135.2.7,21.7,,13.9,,42.5,,0.0,
2021,"Campbell River (CA), B.C.",2021S0504944,2016,Core housing need: in core housing need,135.2.8,1745,,525,,1220,,0,
2021,"Campbell River (CA), B.C.",2021S0504944,2016,Percent of households in core housing need,135.2.9,11.1,,4.6,,29.2,,0.0,
2021,"Chilliwack (CMA), B.C.",2021S0503930,2021,Total - Housing indicators,136.1.1,44370,,33005,,11000,,370,
2021,"Chilliwack (CMA), B.C.",2021S0503930,2021,Adequacy: inadequate housing,136.1.2,2180,,1220,,880,,85,
2021,"Chilliwack (CMA), B.C.",2021S0503930,2021,Percent of households in inadequate housing,136.1.3,4.9,,3.7,,8.0,,23.0,
2021,"Chilliwack (CMA), B.C.",2021S0503930,2021,Suitability: unsuitable housing,136.1.4,1845,,895,,870,,75,
2021,"Chilliwack (CMA), B.C.",2021S0503930,2021,Percent of households in unsuitable housing,136.1.5,4.2,,2.7,,7.9,,20.3,
2021,"Chilliwack (CMA), B.C.",2021S0503930,2021,Affordability: unaffordable housing,136.1.6,8505,,4435,,4070,,0,
2021,"Chilliwack (CMA), B.C.",2021S0503930,2021,Percent of households in unaffordable housing,136.1.7,20.9,,14.7,,38.4,,0.0,
2021,"Chilliwack (CMA), B.C.",2021S0503930,2021,Core housing need: in core housing need,136.1.8,3840,,1265,,2575,,0,
2021,"Chilliwack (CMA), B.C.",2021S0503930,2021,Percent of households in core housing need,136.1.9,9.6,,4.3,,24.9,,0.0,
2021,"Chilliwack (CMA), B.C.",2021S0503930,2016,Total - Housing indicators,136.2.1,39700,,29820,,9765,,115,
2021,"Chilliwack (CMA), B.C.",2021S0503930,2016,Adequacy: inadequate housing,136.2.2,2295,,1440,,810,,50,
2021,"Chilliwack (CMA), B.C.",2021S0503930,2016,Percent of households in inadequate housing,136.2.3,5.8,,4.8,,8.3,,43.5,
2021,"Chilliwack (CMA), B.C.",2021S0503930,2016,Suitability: unsuitable housing,136.2.4,1320,,550,,745,,25,
2021,"Chilliwack (CMA), B.C.",2021S0503930,2016,Percent of households in unsuitable housing,136.2.5,3.3,,1.8,,7.6,,21.7,
2021,"Chilliwack (CMA), B.C.",2021S0503930,2016,Affordability: unaffordable housing,136.2.6,8975,,4595,,4380,,0,
2021,"Chilliwack (CMA), B.C.",2021S0503930,2016,Percent of households in unaffordable housing,136.2.7,24.6,,17.0,,45.9,,0.0,
2021,"Chilliwack (CMA), B.C.",2021S0503930,2016,Core housing need: in core housing need,136.2.8,4010,,1270,,2735,,0,
2021,"Chilliwack (CMA), B.C.",2021S0503930,2016,Percent of households in core housing need,136.2.9,11.3,,4.8,,30.3,,0.0,
2021,"Courtenay (CA), B.C.",2021S0504943,2021,Total - Housing indicators,137.1.1,28210,,21455,,6720,,30,
2021,"Courtenay (CA), B.C.",2021S0504943,2021,Adequacy: inadequate housing,137.1.2,1575,,1030,,530,,10,
2021,"Courtenay (CA), B.C.",2021S0504943,2021,Percent of households in inadequate housing,137.1.3,5.6,,4.8,,7.9,,33.3,
2021,"Courtenay (CA), B.C.",2021S0504943,2021,Suitability: unsuitable housing,137.1.4,735,,350,,385,,0,
2021,"Courtenay (CA), B.C.",2021S0504943,2021,Percent of households in unsuitable housing,137.1.5,2.6,,1.6,,5.7,,0.0,
2021,"Courtenay (CA), B.C.",2021S0504943,2021,Affordability: unaffordable housing,137.1.6,5710,,3110,,2605,,0,
2021,"Courtenay (CA), B.C.",2021S0504943,2021,Percent of households in unaffordable housing,137.1.7,20.4,,14.6,,38.9,,0.0,
2021,"Courtenay (CA), B.C.",2021S0504943,2021,Core housing need: in core housing need,137.1.8,2485,,1040,,1445,,0,
2021,"Courtenay (CA), B.C.",2021S0504943,2021,Percent of households in core housing need,137.1.9,9.0,,5.0,,22.2,,0.0,
2021,"Courtenay (CA), B.C.",2021S0504943,2016,Total - Housing indicators,137.2.1,26000,,19560,,6440,,0,
2021,"Courtenay (CA), B.C.",2021S0504943,2016,Adequacy: inadequate housing,137.2.2,1425,,940,,485,,0,
2021,"Courtenay (CA), B.C.",2021S0504943,2016,Percent of households in inadequate housing,137.2.3,5.5,,4.8,,7.5,,0.0,
2021,"Courtenay (CA), B.C.",2021S0504943,2016,Suitability: unsuitable housing,137.2.4,545,,265,,280,,0,
2021,"Courtenay (CA), B.C.",2021S0504943,2016,Percent of households in unsuitable housing,137.2.5,2.1,,1.4,,4.3,,0.0,
2021,"Courtenay (CA), B.C.",2021S0504943,2016,Affordability: unaffordable housing,137.2.6,5880,,2935,,2945,,0,
2021,"Courtenay (CA), B.C.",2021S0504943,2016,Percent of households in unaffordable housing,137.2.7,22.9,,15.2,,45.9,,0.0,
2021,"Courtenay (CA), B.C.",2021S0504943,2016,Core housing need: in core housing need,137.2.8,2800,,915,,1880,,0,
2021,"Courtenay (CA), B.C.",2021S0504943,2016,Percent of households in core housing need,137.2.9,11.2,,4.8,,31.0,,0.0,
2021,"Cranbrook (CA), B.C.",2021S0504905,2021,Total - Housing indicators,138.1.1,11385,,8840,,2550,,0,
2021,"Cranbrook (CA), B.C.",2021S0504905,2021,Adequacy: inadequate housing,138.1.2,725,,460,,270,,0,
2021,"Cranbrook (CA), B.C.",2021S0504905,2021,Percent of households in inadequate housing,138.1.3,6.4,,5.2,,10.6,,0.0,
2021,"Cranbrook (CA), B.C.",2021S0504905,2021,Suitability: unsuitable housing,138.1.4,280,,155,,130,,0,
2021,"Cranbrook (CA), B.C.",2021S0504905,2021,Percent of households in unsuitable housing,138.1.5,2.5,,1.8,,5.1,,0.0,
2021,"Cranbrook (CA), B.C.",2021S0504905,2021,Affordability: unaffordable housing,138.1.6,1615,,820,,795,,0,
2021,"Cranbrook (CA), B.C.",2021S0504905,2021,Percent of households in unaffordable housing,138.1.7,14.3,,9.3,,31.4,,0.0,
2021,"Cranbrook (CA), B.C.",2021S0504905,2021,Core housing need: in core housing need,138.1.8,770,,275,,500,,0,
2021,"Cranbrook (CA), B.C.",2021S0504905,2021,Percent of households in core housing need,138.1.9,6.9,,3.2,,20.2,,0.0,
2021,"Cranbrook (CA), B.C.",2021S0504905,2016,Total - Housing indicators,138.2.1,10980,,8475,,2505,,0,
2021,"Cranbrook (CA), B.C.",2021S0504905,2016,Adequacy: inadequate housing,138.2.2,650,,420,,230,,0,
2021,"Cranbrook (CA), B.C.",2021S0504905,2016,Percent of households in inadequate housing,138.2.3,5.9,,5.0,,9.2,,0.0,
2021,"Cranbrook (CA), B.C.",2021S0504905,2016,Suitability: unsuitable housing,138.2.4,260,,85,,175,,0,
2021,"Cranbrook (CA), B.C.",2021S0504905,2016,Percent of households in unsuitable housing,138.2.5,2.4,,1.0,,7.0,,0.0,
2021,"Cranbrook (CA), B.C.",2021S0504905,2016,Affordability: unaffordable housing,138.2.6,2025,,1005,,1025,,0,
2021,"Cranbrook (CA), B.C.",2021S0504905,2016,Percent of households in unaffordable housing,138.2.7,18.7,,12.0,,41.2,,0.0,
2021,"Cranbrook (CA), B.C.",2021S0504905,2016,Core housing need: in core housing need,138.2.8,975,,320,,655,,0,
2021,"Cranbrook (CA), B.C.",2021S0504905,2016,Percent of households in core housing need,138.2.9,9.2,,3.9,,27.3,,0.0,
2021,"Dawson Creek (CA), B.C.",2021S0504975,2021,Total - Housing indicators,139.1.1,7540,,5100,,2440,,0,
2021,"Dawson Creek (CA), B.C.",2021S0504975,2021,Adequacy: inadequate housing,139.1.2,655,,480,,175,,0,
2021,"Dawson Creek (CA), B.C.",2021S0504975,2021,Percent of households in inadequate housing,139.1.3,8.7,,9.4,,7.2,,0.0,
2021,"Dawson Creek (CA), B.C.",2021S0504975,2021,Suitability: unsuitable housing,139.1.4,265,,110,,155,,0,
2021,"Dawson Creek (CA), B.C.",2021S0504975,2021,Percent of households in unsuitable housing,139.1.5,3.5,,2.2,,6.4,,0.0,
2021,"Dawson Creek (CA), B.C.",2021S0504975,2021,Affordability: unaffordable housing,139.1.6,1240,,565,,670,,0,
2021,"Dawson Creek (CA), B.C.",2021S0504975,2021,Percent of households in unaffordable housing,139.1.7,17.1,,11.7,,27.6,,0.0,
2021,"Dawson Creek (CA), B.C.",2021S0504975,2021,Core housing need: in core housing need,139.1.8,800,,325,,475,,0,
2021,"Dawson Creek (CA), B.C.",2021S0504975,2021,Percent of households in core housing need,139.1.9,11.2,,6.8,,19.9,,0.0,
2021,"Dawson Creek (CA), B.C.",2021S0504975,2016,Total - Housing indicators,139.2.1,7610,,5350,,2265,,0,
2021,"Dawson Creek (CA), B.C.",2021S0504975,2016,Adequacy: inadequate housing,139.2.2,780,,550,,230,,0,
2021,"Dawson Creek (CA), B.C.",2021S0504975,2016,Percent of households in inadequate housing,139.2.3,10.2,,10.3,,10.2,,0.0,
2021,"Dawson Creek (CA), B.C.",2021S0504975,2016,Suitability: unsuitable housing,139.2.4,395,,150,,245,,0,
2021,"Dawson Creek (CA), B.C.",2021S0504975,2016,Percent of households in unsuitable housing,139.2.5,5.2,,2.8,,10.8,,0.0,
2021,"Dawson Creek (CA), B.C.",2021S0504975,2016,Affordability: unaffordable housing,139.2.6,1440,,625,,820,,0,
2021,"Dawson Creek (CA), B.C.",2021S0504975,2016,Percent of households in unaffordable housing,139.2.7,19.8,,12.5,,36.4,,0.0,
2021,"Dawson Creek (CA), B.C.",2021S0504975,2016,Core housing need: in core housing need,139.2.8,1010,,385,,625,,0,
2021,"Dawson Creek (CA), B.C.",2021S0504975,2016,Percent of households in core housing need,139.2.9,14.2,,7.8,,28.9,,0.0,
2021,"Duncan (CA), B.C.",2021S0504937,2021,Total - Housing indicators,140.1.1,20025,,14855,,4925,,255,
2021,"Duncan (CA), B.C.",2021S0504937,2021,Adequacy: inadequate housing,140.1.2,1340,,865,,420,,60,
2021,"Duncan (CA), B.C.",2021S0504937,2021,Percent of households in inadequate housing,140.1.3,6.7,,5.8,,8.5,,23.5,
2021,"Duncan (CA), B.C.",2021S0504937,2021,Suitability: unsuitable housing,140.1.4,815,,320,,415,,80,
2021,"Duncan (CA), B.C.",2021S0504937,2021,Percent of households in unsuitable housing,140.1.5,4.1,,2.2,,8.4,,31.4,
2021,"Duncan (CA), B.C.",2021S0504937,2021,Affordability: unaffordable housing,140.1.6,3715,,1970,,1745,,0,
2021,"Duncan (CA), B.C.",2021S0504937,2021,Percent of households in unaffordable housing,140.1.7,19.4,,13.7,,36.7,,0.0,
2021,"Duncan (CA), B.C.",2021S0504937,2021,Core housing need: in core housing need,140.1.8,1665,,580,,1090,,0,
2021,"Duncan (CA), B.C.",2021S0504937,2021,Percent of households in core housing need,140.1.9,8.9,,4.1,,23.6,,0.0,
2021,"Duncan (CA), B.C.",2021S0504937,2016,Total - Housing indicators,140.2.1,18745,,13710,,4955,,80,
2021,"Duncan (CA), B.C.",2021S0504937,2016,Adequacy: inadequate housing,140.2.2,1310,,805,,500,,10,
2021,"Duncan (CA), B.C.",2021S0504937,2016,Percent of households in inadequate housing,140.2.3,7.0,,5.9,,10.1,,12.5,
2021,"Duncan (CA), B.C.",2021S0504937,2016,Suitability: unsuitable housing,140.2.4,635,,255,,355,,20,
2021,"Duncan (CA), B.C.",2021S0504937,2016,Percent of households in unsuitable housing,140.2.5,3.4,,1.9,,7.2,,25.0,
2021,"Duncan (CA), B.C.",2021S0504937,2016,Affordability: unaffordable housing,140.2.6,4400,,2175,,2235,,0,
2021,"Duncan (CA), B.C.",2021S0504937,2016,Percent of households in unaffordable housing,140.2.7,24.7,,16.7,,46.5,,0.0,
2021,"Duncan (CA), B.C.",2021S0504937,2016,Core housing need: in core housing need,140.2.8,1935,,560,,1375,,0,
2021,"Duncan (CA), B.C.",2021S0504937,2016,Percent of households in core housing need,140.2.9,11.2,,4.4,,30.3,,0.0,
2021,"Fort St. John (CA), B.C.",2021S0504977,2021,Total - Housing indicators,141.1.1,11590,,7435,,4155,,0,
2021,"Fort St. John (CA), B.C.",2021S0504977,2021,Adequacy: inadequate housing,141.1.2,905,,565,,335,,0,
2021,"Fort St. John (CA), B.C.",2021S0504977,2021,Percent of households in inadequate housing,141.1.3,7.8,,7.6,,8.1,,0.0,
2021,"Fort St. John (CA), B.C.",2021S0504977,2021,Suitability: unsuitable housing,141.1.4,450,,135,,320,,0,
2021,"Fort St. John (CA), B.C.",2021S0504977,2021,Percent of households in unsuitable housing,141.1.5,3.9,,1.8,,7.7,,0.0,
2021,"Fort St. John (CA), B.C.",2021S0504977,2021,Affordability: unaffordable housing,141.1.6,1850,,805,,1040,,0,
2021,"Fort St. John (CA), B.C.",2021S0504977,2021,Percent of households in unaffordable housing,141.1.7,16.1,,10.9,,25.1,,0.0,
2021,"Fort St. John (CA), B.C.",2021S0504977,2021,Core housing need: in core housing need,141.1.8,630,,180,,450,,0,
2021,"Fort St. John (CA), B.C.",2021S0504977,2021,Percent of households in core housing need,141.1.9,5.6,,2.5,,11.2,,0.0,
2021,"Fort St. John (CA), B.C.",2021S0504977,2016,Total - Housing indicators,141.2.1,10965,,7430,,3535,,0,
2021,"Fort St. John (CA), B.C.",2021S0504977,2016,Adequacy: inadequate housing,141.2.2,735,,460,,275,,0,
2021,"Fort St. John (CA), B.C.",2021S0504977,2016,Percent of households in inadequate housing,141.2.3,6.7,,6.2,,7.8,,0.0,
2021,"Fort St. John (CA), B.C.",2021S0504977,2016,Suitability: unsuitable housing,141.2.4,405,,155,,250,,0,
2021,"Fort St. John (CA), B.C.",2021S0504977,2016,Percent of households in unsuitable housing,141.2.5,3.7,,2.1,,7.1,,0.0,
2021,"Fort St. John (CA), B.C.",2021S0504977,2016,Affordability: unaffordable housing,141.2.6,1760,,780,,985,,0,
2021,"Fort St. John (CA), B.C.",2021S0504977,2016,Percent of households in unaffordable housing,141.2.7,16.2,,10.6,,27.9,,0.0,
2021,"Fort St. John (CA), B.C.",2021S0504977,2016,Core housing need: in core housing need,141.2.8,870,,220,,645,,0,
2021,"Fort St. John (CA), B.C.",2021S0504977,2016,Percent of households in core housing need,141.2.9,8.2,,3.0,,18.9,,0.0,
2021,"Kamloops (CMA), B.C.",2021S0503925,2021,Total - Housing indicators,142.1.1,47105,,34055,,12925,,125,
2021,"Kamloops (CMA), B.C.",2021S0503925,2021,Adequacy: inadequate housing,142.1.2,2510,,1600,,865,,45,
2021,"Kamloops (CMA), B.C.",2021S0503925,2021,Percent of households in inadequate housing,142.1.3,5.3,,4.7,,6.7,,36.0,
2021,"Kamloops (CMA), B.C.",2021S0503925,2021,Suitability: unsuitable housing,142.1.4,1555,,520,,1030,,10,
2021,"Kamloops (CMA), B.C.",2021S0503925,2021,Percent of households in unsuitable housing,142.1.5,3.3,,1.5,,8.0,,8.0,
2021,"Kamloops (CMA), B.C.",2021S0503925,2021,Affordability: unaffordable housing,142.1.6,8335,,3750,,4585,,0,
2021,"Kamloops (CMA), B.C.",2021S0503925,2021,Percent of households in unaffordable housing,142.1.7,18.5,,11.6,,36.2,,0.0,
2021,"Kamloops (CMA), B.C.",2021S0503925,2021,Core housing need: in core housing need,142.1.8,4250,,1460,,2795,,0,
2021,"Kamloops (CMA), B.C.",2021S0503925,2021,Percent of households in core housing need,142.1.9,9.6,,4.6,,22.8,,0.0,
2021,"Kamloops (CMA), B.C.",2021S0503925,2016,Total - Housing indicators,142.2.1,42855,,31600,,11235,,25,
2021,"Kamloops (CMA), B.C.",2021S0503925,2016,Adequacy: inadequate housing,142.2.2,2545,,1650,,895,,10,
2021,"Kamloops (CMA), B.C.",2021S0503925,2016,Percent of households in inadequate housing,142.2.3,5.9,,5.2,,8.0,,40.0,
2021,"Kamloops (CMA), B.C.",2021S0503925,2016,Suitability: unsuitable housing,142.2.4,1155,,385,,770,,10,
2021,"Kamloops (CMA), B.C.",2021S0503925,2016,Percent of households in unsuitable housing,142.2.5,2.7,,1.2,,6.9,,40.0,
2021,"Kamloops (CMA), B.C.",2021S0503925,2016,Affordability: unaffordable housing,142.2.6,9205,,4175,,5030,,0,
2021,"Kamloops (CMA), B.C.",2021S0503925,2016,Percent of households in unaffordable housing,142.2.7,22.4,,13.9,,46.1,,0.0,
2021,"Kamloops (CMA), B.C.",2021S0503925,2016,Core housing need: in core housing need,142.2.8,4730,,1470,,3260,,0,
2021,"Kamloops (CMA), B.C.",2021S0503925,2016,Percent of households in core housing need,142.2.9,11.9,,4.9,,32.1,,0.0,
2021,"Kelowna (CMA), B.C.",2021S0503915,2021,Total - Housing indicators,143.1.1,94335,,66725,,27500,,105,
2021,"Kelowna (CMA), B.C.",2021S0503915,2021,Adequacy: inadequate housing,143.1.2,3720,,2510,,1190,,15,
2021,"Kelowna (CMA), B.C.",2021S0503915,2021,Percent of households in inadequate housing,143.1.3,3.9,,3.8,,4.3,,14.3,
2021,"Kelowna (CMA), B.C.",2021S0503915,2021,Suitability: unsuitable housing,143.1.4,3180,,1160,,2015,,10,
2021,"Kelowna (CMA), B.C.",2021S0503915,2021,Percent of households in unsuitable housing,143.1.5,3.4,,1.7,,7.3,,9.5,
2021,"Kelowna (CMA), B.C.",2021S0503915,2021,Affordability: unaffordable housing,143.1.6,22345,,10835,,11515,,0,
2021,"Kelowna (CMA), B.C.",2021S0503915,2021,Percent of households in unaffordable housing,143.1.7,25.6,,17.8,,43.7,,0.0,
2021,"Kelowna (CMA), B.C.",2021S0503915,2021,Core housing need: in core housing need,143.1.8,7205,,2765,,4435,,0,
2021,"Kelowna (CMA), B.C.",2021S0503915,2021,Percent of households in core housing need,143.1.9,8.5,,4.6,,17.8,,0.0,
2021,"Kelowna (CMA), B.C.",2021S0503915,2016,Total - Housing indicators,143.2.1,81385,,59670,,21700,,15,
2021,"Kelowna (CMA), B.C.",2021S0503915,2016,Adequacy: inadequate housing,143.2.2,3650,,2400,,1250,,0,
2021,"Kelowna (CMA), B.C.",2021S0503915,2016,Percent of households in inadequate housing,143.2.3,4.5,,4.0,,5.8,,0.0,
2021,"Kelowna (CMA), B.C.",2021S0503915,2016,Suitability: unsuitable housing,143.2.4,2295,,860,,1435,,0,
2021,"Kelowna (CMA), B.C.",2021S0503915,2016,Percent of households in unsuitable housing,143.2.5,2.8,,1.4,,6.6,,0.0,
2021,"Kelowna (CMA), B.C.",2021S0503915,2016,Affordability: unaffordable housing,143.2.6,19800,,10250,,9555,,0,
2021,"Kelowna (CMA), B.C.",2021S0503915,2016,Percent of households in unaffordable housing,143.2.7,26.2,,18.8,,45.9,,0.0,
2021,"Kelowna (CMA), B.C.",2021S0503915,2016,Core housing need: in core housing need,143.2.8,7430,,2640,,4795,,0,
2021,"Kelowna (CMA), B.C.",2021S0503915,2016,Percent of households in core housing need,143.2.9,10.2,,4.9,,24.5,,0.0,
2021,"Ladysmith (CA), B.C.",2021S0504936,2021,Total - Housing indicators,144.1.1,6490,,5205,,1070,,215,
2021,"Ladysmith (CA), B.C.",2021S0504936,2021,Adequacy: inadequate housing,144.1.2,460,,275,,105,,75,
2021,"Ladysmith (CA), B.C.",2021S0504936,2021,Percent of households in inadequate housing,144.1.3,7.1,,5.3,,9.8,,34.9,
2021,"Ladysmith (CA), B.C.",2021S0504936,2021,Suitability: unsuitable housing,144.1.4,265,,135,,75,,55,
2021,"Ladysmith (CA), B.C.",2021S0504936,2021,Percent of households in unsuitable housing,144.1.5,4.1,,2.6,,7.0,,25.6,
2021,"Ladysmith (CA), B.C.",2021S0504936,2021,Affordability: unaffordable housing,144.1.6,1045,,660,,385,,0,
2021,"Ladysmith (CA), B.C.",2021S0504936,2021,Percent of households in unaffordable housing,144.1.7,17.2,,13.1,,37.2,,0.0,
2021,"Ladysmith (CA), B.C.",2021S0504936,2021,Core housing need: in core housing need,144.1.8,425,,220,,205,,0,
2021,"Ladysmith (CA), B.C.",2021S0504936,2021,Percent of households in core housing need,144.1.9,7.1,,4.4,,20.1,,0.0,
2021,"Ladysmith (CA), B.C.",2021S0504936,2016,Total - Housing indicators,144.2.1,6150,,5005,,1030,,115,
2021,"Ladysmith (CA), B.C.",2021S0504936,2016,Adequacy: inadequate housing,144.2.2,535,,395,,90,,55,
2021,"Ladysmith (CA), B.C.",2021S0504936,2016,Percent of households in inadequate housing,144.2.3,8.7,,7.9,,8.7,,47.8,
2021,"Ladysmith (CA), B.C.",2021S0504936,2016,Suitability: unsuitable housing,144.2.4,165,,95,,45,,25,
2021,"Ladysmith (CA), B.C.",2021S0504936,2016,Percent of households in unsuitable housing,144.2.5,2.7,,1.9,,4.4,,21.7,
2021,"Ladysmith (CA), B.C.",2021S0504936,2016,Affordability: unaffordable housing,144.2.6,1110,,740,,370,,0,
2021,"Ladysmith (CA), B.C.",2021S0504936,2016,Percent of households in unaffordable housing,144.2.7,19.3,,15.5,,37.4,,0.0,
2021,"Ladysmith (CA), B.C.",2021S0504936,2016,Core housing need: in core housing need,144.2.8,435,,210,,230,,0,
2021,"Ladysmith (CA), B.C.",2021S0504936,2016,Percent of households in core housing need,144.2.9,7.7,,4.5,,24.3,,0.0,
2021,"Nanaimo (CMA), B.C.",2021S0503938,2021,Total - Housing indicators,145.1.1,49345,,33855,,15290,,200,
2021,"Nanaimo (CMA), B.C.",2021S0503938,2021,Adequacy: inadequate housing,145.1.2,2775,,1660,,1035,,75,
2021,"Nanaimo (CMA), B.C.",2021S0503938,2021,Percent of households in inadequate housing,145.1.3,5.6,,4.9,,6.8,,37.5,
2021,"Nanaimo (CMA), B.C.",2021S0503938,2021,Suitability: unsuitable housing,145.1.4,1690,,570,,1095,,25,
2021,"Nanaimo (CMA), B.C.",2021S0503938,2021,Percent of households in unsuitable housing,145.1.5,3.4,,1.7,,7.2,,12.5,
2021,"Nanaimo (CMA), B.C.",2021S0503938,2021,Affordability: unaffordable housing,145.1.6,11415,,5340,,6075,,0,
2021,"Nanaimo (CMA), B.C.",2021S0503938,2021,Percent of households in unaffordable housing,145.1.7,23.4,,15.9,,39.9,,0.0,
2021,"Nanaimo (CMA), B.C.",2021S0503938,2021,Core housing need: in core housing need,145.1.8,5345,,1875,,3475,,0,
2021,"Nanaimo (CMA), B.C.",2021S0503938,2021,Percent of households in core housing need,145.1.9,11.2,,5.7,,23.6,,0.0,
2021,"Nanaimo (CMA), B.C.",2021S0503938,2016,Total - Housing indicators,145.2.1,44960,,31370,,13520,,70,
2021,"Nanaimo (CMA), B.C.",2021S0503938,2016,Adequacy: inadequate housing,145.2.2,2820,,1665,,1125,,25,
2021,"Nanaimo (CMA), B.C.",2021S0503938,2016,Percent of households in inadequate housing,145.2.3,6.3,,5.3,,8.3,,35.7,
2021,"Nanaimo (CMA), B.C.",2021S0503938,2016,Suitability: unsuitable housing,145.2.4,1340,,440,,895,,0,
2021,"Nanaimo (CMA), B.C.",2021S0503938,2016,Percent of households in unsuitable housing,145.2.5,3.0,,1.4,,6.6,,0.0,
2021,"Nanaimo (CMA), B.C.",2021S0503938,2016,Affordability: unaffordable housing,145.2.6,11565,,5185,,6380,,0,
2021,"Nanaimo (CMA), B.C.",2021S0503938,2016,Percent of households in unaffordable housing,145.2.7,26.0,,16.7,,47.4,,0.0,
2021,"Nanaimo (CMA), B.C.",2021S0503938,2016,Core housing need: in core housing need,145.2.8,5635,,1645,,3990,,0,
2021,"Nanaimo (CMA), B.C.",2021S0503938,2016,Percent of households in core housing need,145.2.9,13.1,,5.4,,31.6,,0.0,
2021,"Nelson (CA), B.C.",2021S0504907,2021,Total - Housing indicators,146.1.1,8505,,6115,,2395,,0,
2021,"Nelson (CA), B.C.",2021S0504907,2021,Adequacy: inadequate housing,146.1.2,785,,505,,280,,0,
2021,"Nelson (CA), B.C.",2021S0504907,2021,Percent of households in inadequate housing,146.1.3,9.2,,8.3,,11.7,,0.0,
2021,"Nelson (CA), B.C.",2021S0504907,2021,Suitability: unsuitable housing,146.1.4,315,,130,,180,,0,
2021,"Nelson (CA), B.C.",2021S0504907,2021,Percent of households in unsuitable housing,146.1.5,3.7,,2.1,,7.5,,0.0,
2021,"Nelson (CA), B.C.",2021S0504907,2021,Affordability: unaffordable housing,146.1.6,1770,,910,,860,,0,
2021,"Nelson (CA), B.C.",2021S0504907,2021,Percent of households in unaffordable housing,146.1.7,20.9,,15.0,,36.1,,0.0,
2021,"Nelson (CA), B.C.",2021S0504907,2021,Core housing need: in core housing need,146.1.8,770,,335,,435,,0,
2021,"Nelson (CA), B.C.",2021S0504907,2021,Percent of households in core housing need,146.1.9,9.3,,5.6,,19.0,,0.0,
2021,"Nelson (CA), B.C.",2021S0504907,2016,Total - Housing indicators,146.2.1,8265,,5820,,2440,,0,
2021,"Nelson (CA), B.C.",2021S0504907,2016,Adequacy: inadequate housing,146.2.2,740,,475,,265,,0,
2021,"Nelson (CA), B.C.",2021S0504907,2016,Percent of households in inadequate housing,146.2.3,9.0,,8.2,,10.9,,0.0,
2021,"Nelson (CA), B.C.",2021S0504907,2016,Suitability: unsuitable housing,146.2.4,195,,90,,105,,0,
2021,"Nelson (CA), B.C.",2021S0504907,2016,Percent of households in unsuitable housing,146.2.5,2.4,,1.5,,4.3,,0.0,
2021,"Nelson (CA), B.C.",2021S0504907,2016,Affordability: unaffordable housing,146.2.6,2235,,1105,,1125,,0,
2021,"Nelson (CA), B.C.",2021S0504907,2016,Percent of households in unaffordable housing,146.2.7,27.2,,19.1,,46.1,,0.0,
2021,"Nelson (CA), B.C.",2021S0504907,2016,Core housing need: in core housing need,146.2.8,1115,,425,,685,,0,
2021,"Nelson (CA), B.C.",2021S0504907,2016,Percent of households in core housing need,146.2.9,14.0,,7.5,,29.8,,0.0,
2021,"Parksville (CA), B.C.",2021S0504939,2021,Total - Housing indicators,147.1.1,14765,,12030,,2735,,0,
2021,"Parksville (CA), B.C.",2021S0504939,2021,Adequacy: inadequate housing,147.1.2,465,,335,,130,,0,
2021,"Parksville (CA), B.C.",2021S0504939,2021,Percent of households in inadequate housing,147.1.3,3.1,,2.8,,4.8,,0.0,
2021,"Parksville (CA), B.C.",2021S0504939,2021,Suitability: unsuitable housing,147.1.4,245,,75,,175,,0,
2021,"Parksville (CA), B.C.",2021S0504939,2021,Percent of households in unsuitable housing,147.1.5,1.7,,0.6,,6.4,,0.0,
2021,"Parksville (CA), B.C.",2021S0504939,2021,Affordability: unaffordable housing,147.1.6,2825,,1530,,1295,,0,
2021,"Parksville (CA), B.C.",2021S0504939,2021,Percent of households in unaffordable housing,147.1.7,19.2,,12.8,,47.6,,0.0,
2021,"Parksville (CA), B.C.",2021S0504939,2021,Core housing need: in core housing need,147.1.8,1080,,470,,605,,0,
2021,"Parksville (CA), B.C.",2021S0504939,2021,Percent of households in core housing need,147.1.9,7.4,,4.0,,22.9,,0.0,
2021,"Parksville (CA), B.C.",2021S0504939,2016,Total - Housing indicators,147.2.1,13750,,11265,,2490,,0,
2021,"Parksville (CA), B.C.",2021S0504939,2016,Adequacy: inadequate housing,147.2.2,500,,355,,150,,0,
2021,"Parksville (CA), B.C.",2021S0504939,2016,Percent of households in inadequate housing,147.2.3,3.6,,3.2,,6.0,,0.0,
2021,"Parksville (CA), B.C.",2021S0504939,2016,Suitability: unsuitable housing,147.2.4,235,,110,,125,,0,
2021,"Parksville (CA), B.C.",2021S0504939,2016,Percent of households in unsuitable housing,147.2.5,1.7,,1.0,,5.0,,0.0,
2021,"Parksville (CA), B.C.",2021S0504939,2016,Affordability: unaffordable housing,147.2.6,2735,,1455,,1280,,0,
2021,"Parksville (CA), B.C.",2021S0504939,2016,Percent of households in unaffordable housing,147.2.7,20.0,,13.0,,51.5,,0.0,
2021,"Parksville (CA), B.C.",2021S0504939,2016,Core housing need: in core housing need,147.2.8,1205,,480,,730,,0,
2021,"Parksville (CA), B.C.",2021S0504939,2016,Percent of households in core housing need,147.2.9,9.0,,4.4,,31.3,,0.0,
2021,"Penticton (CA), B.C.",2021S0504913,2021,Total - Housing indicators,148.1.1,21915,,15055,,6830,,30,
2021,"Penticton (CA), B.C.",2021S0504913,2021,Adequacy: inadequate housing,148.1.2,1280,,760,,510,,10,
2021,"Penticton (CA), B.C.",2021S0504913,2021,Percent of households in inadequate housing,148.1.3,5.8,,5.0,,7.5,,33.3,
2021,"Penticton (CA), B.C.",2021S0504913,2021,Suitability: unsuitable housing,148.1.4,560,,225,,330,,0,
2021,"Penticton (CA), B.C.",2021S0504913,2021,Percent of households in unsuitable housing,148.1.5,2.6,,1.5,,4.8,,0.0,
2021,"Penticton (CA), B.C.",2021S0504913,2021,Affordability: unaffordable housing,148.1.6,5060,,2085,,2975,,0,
2021,"Penticton (CA), B.C.",2021S0504913,2021,Percent of households in unaffordable housing,148.1.7,24.3,,14.8,,44.1,,0.0,
2021,"Penticton (CA), B.C.",2021S0504913,2021,Core housing need: in core housing need,148.1.8,2375,,790,,1590,,0,
2021,"Penticton (CA), B.C.",2021S0504913,2021,Percent of households in core housing need,148.1.9,11.7,,5.7,,24.5,,0.0,
2021,"Penticton (CA), B.C.",2021S0504913,2016,Total - Housing indicators,148.2.1,19900,,13595,,6285,,20,
2021,"Penticton (CA), B.C.",2021S0504913,2016,Adequacy: inadequate housing,148.2.2,1240,,735,,495,,0,
2021,"Penticton (CA), B.C.",2021S0504913,2016,Percent of households in inadequate housing,148.2.3,6.2,,5.4,,7.9,,0.0,
2021,"Penticton (CA), B.C.",2021S0504913,2016,Suitability: unsuitable housing,148.2.4,540,,205,,330,,10,
2021,"Penticton (CA), B.C.",2021S0504913,2016,Percent of households in unsuitable housing,148.2.5,2.7,,1.5,,5.3,,50.0,
2021,"Penticton (CA), B.C.",2021S0504913,2016,Affordability: unaffordable housing,148.2.6,5000,,1970,,3030,,0,
2021,"Penticton (CA), B.C.",2021S0504913,2016,Percent of households in unaffordable housing,148.2.7,26.4,,15.5,,48.8,,0.0,
2021,"Penticton (CA), B.C.",2021S0504913,2016,Core housing need: in core housing need,148.2.8,2740,,820,,1920,,0,
2021,"Penticton (CA), B.C.",2021S0504913,2016,Percent of households in core housing need,148.2.9,14.8,,6.5,,32.6,,0.0,
2021,"Port Alberni (CA), B.C.",2021S0504940,2021,Total - Housing indicators,149.1.1,11715,,8605,,3035,,75,
2021,"Port Alberni (CA), B.C.",2021S0504940,2021,Adequacy: inadequate housing,149.1.2,970,,645,,315,,15,
2021,"Port Alberni (CA), B.C.",2021S0504940,2021,Percent of households in inadequate housing,149.1.3,8.3,,7.5,,10.4,,20.0,
2021,"Port Alberni (CA), B.C.",2021S0504940,2021,Suitability: unsuitable housing,149.1.4,390,,125,,260,,10,
2021,"Port Alberni (CA), B.C.",2021S0504940,2021,Percent of households in unsuitable housing,149.1.5,3.3,,1.5,,8.6,,13.3,
2021,"Port Alberni (CA), B.C.",2021S0504940,2021,Affordability: unaffordable housing,149.1.6,2195,,1000,,1190,,0,
2021,"Port Alberni (CA), B.C.",2021S0504940,2021,Percent of households in unaffordable housing,149.1.7,19.3,,11.9,,39.7,,0.0,
2021,"Port Alberni (CA), B.C.",2021S0504940,2021,Core housing need: in core housing need,149.1.8,1200,,395,,810,,0,
2021,"Port Alberni (CA), B.C.",2021S0504940,2021,Percent of households in core housing need,149.1.9,10.7,,4.8,,27.7,,0.0,
2021,"Port Alberni (CA), B.C.",2021S0504940,2016,Total - Housing indicators,149.2.1,11170,,8160,,3005,,0,
2021,"Port Alberni (CA), B.C.",2021S0504940,2016,Adequacy: inadequate housing,149.2.2,990,,645,,350,,0,
2021,"Port Alberni (CA), B.C.",2021S0504940,2016,Percent of households in inadequate housing,149.2.3,8.9,,7.9,,11.6,,0.0,
2021,"Port Alberni (CA), B.C.",2021S0504940,2016,Suitability: unsuitable housing,149.2.4,335,,130,,205,,0,
2021,"Port Alberni (CA), B.C.",2021S0504940,2016,Percent of households in unsuitable housing,149.2.5,3.0,,1.6,,6.8,,0.0,
2021,"Port Alberni (CA), B.C.",2021S0504940,2016,Affordability: unaffordable housing,149.2.6,2525,,1030,,1495,,0,
2021,"Port Alberni (CA), B.C.",2021S0504940,2016,Percent of households in unaffordable housing,149.2.7,23.2,,13.0,,50.8,,0.0,
2021,"Port Alberni (CA), B.C.",2021S0504940,2016,Core housing need: in core housing need,149.2.8,1515,,410,,1105,,0,
2021,"Port Alberni (CA), B.C.",2021S0504940,2016,Percent of households in core housing need,149.2.9,14.3,,5.3,,39.7,,0.0,
2021,"Powell River (CA), B.C.",2021S0504945,2021,Total - Housing indicators,150.1.1,8190,,6260,,1925,,0,
2021,"Powell River (CA), B.C.",2021S0504945,2021,Adequacy: inadequate housing,150.1.2,705,,510,,200,,0,
2021,"Powell River (CA), B.C.",2021S0504945,2021,Percent of households in inadequate housing,150.1.3,8.6,,8.1,,10.4,,0.0,
2021,"Powell River (CA), B.C.",2021S0504945,2021,Suitability: unsuitable housing,150.1.4,245,,100,,150,,0,
2021,"Powell River (CA), B.C.",2021S0504945,2021,Percent of households in unsuitable housing,150.1.5,3.0,,1.6,,7.8,,0.0,
2021,"Powell River (CA), B.C.",2021S0504945,2021,Affordability: unaffordable housing,150.1.6,1580,,870,,705,,0,
2021,"Powell River (CA), B.C.",2021S0504945,2021,Percent of households in unaffordable housing,150.1.7,19.4,,14.0,,36.6,,0.0,
2021,"Powell River (CA), B.C.",2021S0504945,2021,Core housing need: in core housing need,150.1.8,815,,345,,475,,0,
2021,"Powell River (CA), B.C.",2021S0504945,2021,Percent of households in core housing need,150.1.9,10.2,,5.6,,25.4,,0.0,
2021,"Powell River (CA), B.C.",2021S0504945,2016,Total - Housing indicators,150.2.1,7735,,5890,,1840,,0,
2021,"Powell River (CA), B.C.",2021S0504945,2016,Adequacy: inadequate housing,150.2.2,685,,490,,195,,0,
2021,"Powell River (CA), B.C.",2021S0504945,2016,Percent of households in inadequate housing,150.2.3,8.9,,8.3,,10.6,,0.0,
2021,"Powell River (CA), B.C.",2021S0504945,2016,Suitability: unsuitable housing,150.2.4,170,,110,,60,,0,
2021,"Powell River (CA), B.C.",2021S0504945,2016,Percent of households in unsuitable housing,150.2.5,2.2,,1.9,,3.3,,0.0,
2021,"Powell River (CA), B.C.",2021S0504945,2016,Affordability: unaffordable housing,150.2.6,1625,,830,,800,,0,
2021,"Powell River (CA), B.C.",2021S0504945,2016,Percent of households in unaffordable housing,150.2.7,21.2,,14.2,,43.6,,0.0,
2021,"Powell River (CA), B.C.",2021S0504945,2016,Core housing need: in core housing need,150.2.8,960,,345,,620,,0,
2021,"Powell River (CA), B.C.",2021S0504945,2016,Percent of households in core housing need,150.2.9,12.8,,6.0,,34.9,,0.0,
2021,"Prince George (CA), B.C.",2021S0504970,2021,Total - Housing indicators,151.1.1,36800,,26185,,10575,,35,
2021,"Prince George (CA), B.C.",2021S0504970,2021,Adequacy: inadequate housing,151.1.2,2465,,1465,,995,,10,
2021,"Prince George (CA), B.C.",2021S0504970,2021,Percent of households in inadequate housing,151.1.3,6.7,,5.6,,9.4,,28.6,
2021,"Prince George (CA), B.C.",2021S0504970,2021,Suitability: unsuitable housing,151.1.4,1270,,420,,845,,0,
2021,"Prince George (CA), B.C.",2021S0504970,2021,Percent of households in unsuitable housing,151.1.5,3.5,,1.6,,8.0,,0.0,
2021,"Prince George (CA), B.C.",2021S0504970,2021,Affordability: unaffordable housing,151.1.6,5435,,2420,,3015,,0,
2021,"Prince George (CA), B.C.",2021S0504970,2021,Percent of households in unaffordable housing,151.1.7,14.9,,9.3,,28.6,,0.0,
2021,"Prince George (CA), B.C.",2021S0504970,2021,Core housing need: in core housing need,151.1.8,2355,,640,,1710,,0,
2021,"Prince George (CA), B.C.",2021S0504970,2021,Percent of households in core housing need,151.1.9,6.5,,2.5,,16.6,,0.0,
2021,"Prince George (CA), B.C.",2021S0504970,2016,Total - Housing indicators,151.2.1,35095,,25355,,9720,,20,
2021,"Prince George (CA), B.C.",2021S0504970,2016,Adequacy: inadequate housing,151.2.2,2660,,1680,,965,,15,
2021,"Prince George (CA), B.C.",2021S0504970,2016,Percent of households in inadequate housing,151.2.3,7.6,,6.6,,9.9,,75.0,
2021,"Prince George (CA), B.C.",2021S0504970,2016,Suitability: unsuitable housing,151.2.4,935,,365,,570,,0,
2021,"Prince George (CA), B.C.",2021S0504970,2016,Percent of households in unsuitable housing,151.2.5,2.7,,1.4,,5.9,,0.0,
2021,"Prince George (CA), B.C.",2021S0504970,2016,Affordability: unaffordable housing,151.2.6,6395,,2605,,3790,,0,
2021,"Prince George (CA), B.C.",2021S0504970,2016,Percent of households in unaffordable housing,151.2.7,18.4,,10.4,,39.1,,0.0,
2021,"Prince George (CA), B.C.",2021S0504970,2016,Core housing need: in core housing need,151.2.8,3200,,815,,2385,,0,
2021,"Prince George (CA), B.C.",2021S0504970,2016,Percent of households in core housing need,151.2.9,9.4,,3.3,,25.7,,0.0,
2021,"Prince Rupert (CA), B.C.",2021S0504955,2021,Total - Housing indicators,152.1.1,5500,,3500,,1960,,40,
2021,"Prince Rupert (CA), B.C.",2021S0504955,2021,Adequacy: inadequate housing,152.1.2,820,,510,,300,,15,
2021,"Prince Rupert (CA), B.C.",2021S0504955,2021,Percent of households in inadequate housing,152.1.3,14.9,,14.6,,15.3,,37.5,
2021,"Prince Rupert (CA), B.C.",2021S0504955,2021,Suitability: unsuitable housing,152.1.4,320,,75,,235,,0,
2021,"Prince Rupert (CA), B.C.",2021S0504955,2021,Percent of households in unsuitable housing,152.1.5,5.8,,2.1,,12.0,,0.0,
2021,"Prince Rupert (CA), B.C.",2021S0504955,2021,Affordability: unaffordable housing,152.1.6,765,,285,,480,,0,
2021,"Prince Rupert (CA), B.C.",2021S0504955,2021,Percent of households in unaffordable housing,152.1.7,14.5,,8.5,,24.7,,0.0,
2021,"Prince Rupert (CA), B.C.",2021S0504955,2021,Core housing need: in core housing need,152.1.8,375,,110,,270,,0,
2021,"Prince Rupert (CA), B.C.",2021S0504955,2021,Percent of households in core housing need,152.1.9,7.2,,3.3,,14.2,,0.0,
2021,"Prince Rupert (CA), B.C.",2021S0504955,2016,Total - Housing indicators,152.2.1,5375,,3295,,2075,,10,
2021,"Prince Rupert (CA), B.C.",2021S0504955,2016,Adequacy: inadequate housing,152.2.2,825,,485,,335,,0,
2021,"Prince Rupert (CA), B.C.",2021S0504955,2016,Percent of households in inadequate housing,152.2.3,15.3,,14.7,,16.1,,0.0,
2021,"Prince Rupert (CA), B.C.",2021S0504955,2016,Suitability: unsuitable housing,152.2.4,320,,90,,230,,10,
2021,"Prince Rupert (CA), B.C.",2021S0504955,2016,Percent of households in unsuitable housing,152.2.5,6.0,,2.7,,11.1,,100.0,
2021,"Prince Rupert (CA), B.C.",2021S0504955,2016,Affordability: unaffordable housing,152.2.6,1005,,375,,630,,0,
2021,"Prince Rupert (CA), B.C.",2021S0504955,2016,Percent of households in unaffordable housing,152.2.7,19.7,,12.2,,31.1,,0.0,
2021,"Prince Rupert (CA), B.C.",2021S0504955,2016,Core housing need: in core housing need,152.2.8,610,,120,,490,,0,
2021,"Prince Rupert (CA), B.C.",2021S0504955,2016,Percent of households in core housing need,152.2.9,12.1,,3.9,,24.9,,0.0,
2021,"Quesnel (CA), B.C.",2021S0504952,2021,Total - Housing indicators,153.1.1,10155,,7625,,2460,,75,
2021,"Quesnel (CA), B.C.",2021S0504952,2021,Adequacy: inadequate housing,153.1.2,995,,610,,335,,45,
2021,"Quesnel (CA), B.C.",2021S0504952,2021,Percent of households in inadequate housing,153.1.3,9.8,,8.0,,13.6,,60.0,
2021,"Quesnel (CA), B.C.",2021S0504952,2021,Suitability: unsuitable housing,153.1.4,295,,130,,155,,10,
2021,"Quesnel (CA), B.C.",2021S0504952,2021,Percent of households in unsuitable housing,153.1.5,2.9,,1.7,,6.3,,13.3,
2021,"Quesnel (CA), B.C.",2021S0504952,2021,Affordability: unaffordable housing,153.1.6,1245,,590,,655,,0,
2021,"Quesnel (CA), B.C.",2021S0504952,2021,Percent of households in unaffordable housing,153.1.7,12.6,,7.9,,26.8,,0.0,
2021,"Quesnel (CA), B.C.",2021S0504952,2021,Core housing need: in core housing need,153.1.8,610,,225,,380,,0,
2021,"Quesnel (CA), B.C.",2021S0504952,2021,Percent of households in core housing need,153.1.9,6.2,,3.1,,15.7,,0.0,
2021,"Quesnel (CA), B.C.",2021S0504952,2016,Total - Housing indicators,153.2.1,10035,,7650,,2320,,70,
2021,"Quesnel (CA), B.C.",2021S0504952,2016,Adequacy: inadequate housing,153.2.2,1025,,670,,310,,40,
2021,"Quesnel (CA), B.C.",2021S0504952,2016,Percent of households in inadequate housing,153.2.3,10.2,,8.8,,13.4,,57.1,
2021,"Quesnel (CA), B.C.",2021S0504952,2016,Suitability: unsuitable housing,153.2.4,300,,155,,130,,10,
2021,"Quesnel (CA), B.C.",2021S0504952,2016,Percent of households in unsuitable housing,153.2.5,3.0,,2.0,,5.6,,14.3,
2021,"Quesnel (CA), B.C.",2021S0504952,2016,Affordability: unaffordable housing,153.2.6,1420,,565,,860,,0,
2021,"Quesnel (CA), B.C.",2021S0504952,2016,Percent of households in unaffordable housing,153.2.7,14.6,,7.6,,37.1,,0.0,
2021,"Quesnel (CA), B.C.",2021S0504952,2016,Core housing need: in core housing need,153.2.8,870,,255,,610,,0,
2021,"Quesnel (CA), B.C.",2021S0504952,2016,Percent of households in core housing need,153.2.9,9.1,,3.5,,26.9,,0.0,
2021,"Salmon Arm (CA), B.C.",2021S0504920,2021,Total - Housing indicators,154.1.1,8215,,6380,,1810,,25,
2021,"Salmon Arm (CA), B.C.",2021S0504920,2021,Adequacy: inadequate housing,154.1.2,430,,340,,80,,10,
2021,"Salmon Arm (CA), B.C.",2021S0504920,2021,Percent of households in inadequate housing,154.1.3,5.2,,5.3,,4.4,,40.0,
2021,"Salmon Arm (CA), B.C.",2021S0504920,2021,Suitability: unsuitable housing,154.1.4,200,,100,,95,,0,
2021,"Salmon Arm (CA), B.C.",2021S0504920,2021,Percent of households in unsuitable housing,154.1.5,2.4,,1.6,,5.2,,0.0,
2021,"Salmon Arm (CA), B.C.",2021S0504920,2021,Affordability: unaffordable housing,154.1.6,1440,,760,,685,,0,
2021,"Salmon Arm (CA), B.C.",2021S0504920,2021,Percent of households in unaffordable housing,154.1.7,18.1,,12.3,,38.1,,0.0,
2021,"Salmon Arm (CA), B.C.",2021S0504920,2021,Core housing need: in core housing need,154.1.8,580,,220,,355,,0,
2021,"Salmon Arm (CA), B.C.",2021S0504920,2021,Percent of households in core housing need,154.1.9,7.3,,3.6,,19.9,,0.0,
2021,"Salmon Arm (CA), B.C.",2021S0504920,2016,Total - Housing indicators,154.2.1,7530,,5825,,1705,,0,
2021,"Salmon Arm (CA), B.C.",2021S0504920,2016,Adequacy: inadequate housing,154.2.2,480,,315,,160,,0,
2021,"Salmon Arm (CA), B.C.",2021S0504920,2016,Percent of households in inadequate housing,154.2.3,6.4,,5.4,,9.4,,0.0,
2021,"Salmon Arm (CA), B.C.",2021S0504920,2016,Suitability: unsuitable housing,154.2.4,150,,80,,70,,0,
2021,"Salmon Arm (CA), B.C.",2021S0504920,2016,Percent of households in unsuitable housing,154.2.5,2.0,,1.4,,4.1,,0.0,
2021,"Salmon Arm (CA), B.C.",2021S0504920,2016,Affordability: unaffordable housing,154.2.6,1575,,770,,810,,0,
2021,"Salmon Arm (CA), B.C.",2021S0504920,2016,Percent of households in unaffordable housing,154.2.7,21.5,,13.7,,48.1,,0.0,
2021,"Salmon Arm (CA), B.C.",2021S0504920,2016,Core housing need: in core housing need,154.2.8,710,,230,,480,,0,
2021,"Salmon Arm (CA), B.C.",2021S0504920,2016,Percent of households in core housing need,154.2.9,9.9,,4.1,,29.5,,0.0,
2021,"Squamish (CA), B.C.",2021S0504934,2021,Total - Housing indicators,155.1.1,9305,,6460,,2765,,75,
2021,"Squamish (CA), B.C.",2021S0504934,2021,Adequacy: inadequate housing,155.1.2,530,,370,,140,,20,
2021,"Squamish (CA), B.C.",2021S0504934,2021,Percent of households in inadequate housing,155.1.3,5.7,,5.7,,5.1,,26.7,
2021,"Squamish (CA), B.C.",2021S0504934,2021,Suitability: unsuitable housing,155.1.4,470,,175,,280,,20,
2021,"Squamish (CA), B.C.",2021S0504934,2021,Percent of households in unsuitable housing,155.1.5,5.1,,2.7,,10.1,,26.7,
2021,"Squamish (CA), B.C.",2021S0504934,2021,Affordability: unaffordable housing,155.1.6,2325,,1290,,1040,,0,
2021,"Squamish (CA), B.C.",2021S0504934,2021,Percent of households in unaffordable housing,155.1.7,25.4,,20.1,,38.0,,0.0,
2021,"Squamish (CA), B.C.",2021S0504934,2021,Core housing need: in core housing need,155.1.8,570,,190,,380,,0,
2021,"Squamish (CA), B.C.",2021S0504934,2021,Percent of households in core housing need,155.1.9,6.4,,3.0,,14.5,,0.0,
2021,"Squamish (CA), B.C.",2021S0504934,2016,Total - Housing indicators,155.2.1,7375,,5360,,1990,,25,
2021,"Squamish (CA), B.C.",2021S0504934,2016,Adequacy: inadequate housing,155.2.2,525,,315,,200,,10,
2021,"Squamish (CA), B.C.",2021S0504934,2016,Percent of households in inadequate housing,155.2.3,7.1,,5.9,,10.1,,40.0,
2021,"Squamish (CA), B.C.",2021S0504934,2016,Suitability: unsuitable housing,155.2.4,325,,135,,190,,0,
2021,"Squamish (CA), B.C.",2021S0504934,2016,Percent of households in unsuitable housing,155.2.5,4.4,,2.5,,9.5,,0.0,
2021,"Squamish (CA), B.C.",2021S0504934,2016,Affordability: unaffordable housing,155.2.6,1875,,1150,,720,,0,
2021,"Squamish (CA), B.C.",2021S0504934,2016,Percent of households in unaffordable housing,155.2.7,25.9,,21.8,,36.5,,0.0,
2021,"Squamish (CA), B.C.",2021S0504934,2016,Core housing need: in core housing need,155.2.8,495,,190,,305,,0,
2021,"Squamish (CA), B.C.",2021S0504934,2016,Percent of households in core housing need,155.2.9,7.2,,3.7,,16.9,,0.0,
2021,"Terrace (CA), B.C.",2021S0504965,2021,Total - Housing indicators,156.1.1,8055,,5905,,1995,,155,
2021,"Terrace (CA), B.C.",2021S0504965,2021,Adequacy: inadequate housing,156.1.2,820,,560,,225,,40,
2021,"Terrace (CA), B.C.",2021S0504965,2021,Percent of households in inadequate housing,156.1.3,10.2,,9.5,,11.3,,25.8,
2021,"Terrace (CA), B.C.",2021S0504965,2021,Suitability: unsuitable housing,156.1.4,375,,130,,225,,15,
2021,"Terrace (CA), B.C.",2021S0504965,2021,Percent of households in unsuitable housing,156.1.5,4.7,,2.2,,11.3,,9.7,
2021,"Terrace (CA), B.C.",2021S0504965,2021,Affordability: unaffordable housing,156.1.6,1130,,635,,495,,0,
2021,"Terrace (CA), B.C.",2021S0504965,2021,Percent of households in unaffordable housing,156.1.7,14.5,,11.0,,24.9,,0.0,
2021,"Terrace (CA), B.C.",2021S0504965,2021,Core housing need: in core housing need,156.1.8,635,,320,,315,,0,
2021,"Terrace (CA), B.C.",2021S0504965,2021,Percent of households in core housing need,156.1.9,8.3,,5.6,,16.2,,0.0,
2021,"Terrace (CA), B.C.",2021S0504965,2016,Total - Housing indicators,156.2.1,7680,,5620,,2030,,30,
2021,"Terrace (CA), B.C.",2021S0504965,2016,Adequacy: inadequate housing,156.2.2,835,,560,,275,,0,
2021,"Terrace (CA), B.C.",2021S0504965,2016,Percent of households in inadequate housing,156.2.3,10.9,,10.0,,13.5,,0.0,
2021,"Terrace (CA), B.C.",2021S0504965,2016,Suitability: unsuitable housing,156.2.4,320,,150,,165,,10,
2021,"Terrace (CA), B.C.",2021S0504965,2016,Percent of households in unsuitable housing,156.2.5,4.2,,2.7,,8.1,,33.3,
2021,"Terrace (CA), B.C.",2021S0504965,2016,Affordability: unaffordable housing,156.2.6,1200,,525,,675,,0,
2021,"Terrace (CA), B.C.",2021S0504965,2016,Percent of households in unaffordable housing,156.2.7,16.2,,9.7,,33.8,,0.0,
2021,"Terrace (CA), B.C.",2021S0504965,2016,Core housing need: in core housing need,156.2.8,825,,255,,565,,0,
2021,"Terrace (CA), B.C.",2021S0504965,2016,Percent of households in core housing need,156.2.9,11.3,,4.8,,28.8,,0.0,
2021,"Trail (CA), B.C.",2021S0504910,2021,Total - Housing indicators,157.1.1,6515,,4930,,1585,,0,
2021,"Trail (CA), B.C.",2021S0504910,2021,Adequacy: inadequate housing,157.1.2,605,,365,,240,,0,
2021,"Trail (CA), B.C.",2021S0504910,2021,Percent of households in inadequate housing,157.1.3,9.3,,7.4,,15.1,,0.0,
2021,"Trail (CA), B.C.",2021S0504910,2021,Suitability: unsuitable housing,157.1.4,155,,50,,100,,0,
2021,"Trail (CA), B.C.",2021S0504910,2021,Percent of households in unsuitable housing,157.1.5,2.4,,1.0,,6.3,,0.0,
2021,"Trail (CA), B.C.",2021S0504910,2021,Affordability: unaffordable housing,157.1.6,785,,320,,460,,0,
2021,"Trail (CA), B.C.",2021S0504910,2021,Percent of households in unaffordable housing,157.1.7,12.1,,6.5,,29.0,,0.0,
2021,"Trail (CA), B.C.",2021S0504910,2021,Core housing need: in core housing need,157.1.8,220,,65,,155,,0,
2021,"Trail (CA), B.C.",2021S0504910,2021,Percent of households in core housing need,157.1.9,3.4,,1.3,,9.9,,0.0,
2021,"Trail (CA), B.C.",2021S0504910,2016,Total - Housing indicators,157.2.1,6485,,4845,,1640,,0,
2021,"Trail (CA), B.C.",2021S0504910,2016,Adequacy: inadequate housing,157.2.2,665,,435,,230,,0,
2021,"Trail (CA), B.C.",2021S0504910,2016,Percent of households in inadequate housing,157.2.3,10.3,,9.0,,14.0,,0.0,
2021,"Trail (CA), B.C.",2021S0504910,2016,Suitability: unsuitable housing,157.2.4,130,,55,,75,,0,
2021,"Trail (CA), B.C.",2021S0504910,2016,Percent of households in unsuitable housing,157.2.5,2.0,,1.1,,4.6,,0.0,
2021,"Trail (CA), B.C.",2021S0504910,2016,Affordability: unaffordable housing,157.2.6,1140,,495,,640,,0,
2021,"Trail (CA), B.C.",2021S0504910,2016,Percent of households in unaffordable housing,157.2.7,17.6,,10.2,,39.1,,0.0,
2021,"Trail (CA), B.C.",2021S0504910,2016,Core housing need: in core housing need,157.2.8,535,,95,,440,,0,
2021,"Trail (CA), B.C.",2021S0504910,2016,Percent of households in core housing need,157.2.9,8.4,,2.0,,28.2,,0.0,
2021,"Vancouver (CMA), B.C.",2021S0503933,2021,Total - Housing indicators,158.1.1,1043320,,647870,,394710,,740,
2021,"Vancouver (CMA), B.C.",2021S0503933,2021,Adequacy: inadequate housing,158.1.2,55185,,31060,,23990,,140,
2021,"Vancouver (CMA), B.C.",2021S0503933,2021,Percent of households in inadequate housing,158.1.3,5.3,,4.8,,6.1,,18.9,
2021,"Vancouver (CMA), B.C.",2021S0503933,2021,Suitability: unsuitable housing,158.1.4,84735,,32885,,51745,,100,
2021,"Vancouver (CMA), B.C.",2021S0503933,2021,Percent of households in unsuitable housing,158.1.5,8.1,,5.1,,13.1,,13.5,
2021,"Vancouver (CMA), B.C.",2021S0503933,2021,Affordability: unaffordable housing,158.1.6,307440,,156800,,150640,,0,
2021,"Vancouver (CMA), B.C.",2021S0503933,2021,Percent of households in unaffordable housing,158.1.7,29.8,,24.4,,38.5,,0.0,
2021,"Vancouver (CMA), B.C.",2021S0503933,2021,Core housing need: in core housing need,158.1.8,166100,,66940,,99160,,0,
2021,"Vancouver (CMA), B.C.",2021S0503933,2021,Percent of households in core housing need,158.1.9,16.9,,10.9,,27.2,,0.0,
2021,"Vancouver (CMA), B.C.",2021S0503933,2016,Total - Housing indicators,158.2.1,960895,,612005,,348695,,190,
2021,"Vancouver (CMA), B.C.",2021S0503933,2016,Adequacy: inadequate housing,158.2.2,54665,,30800,,23815,,55,
2021,"Vancouver (CMA), B.C.",2021S0503933,2016,Percent of households in inadequate housing,158.2.3,5.7,,5.0,,6.8,,28.9,
2021,"Vancouver (CMA), B.C.",2021S0503933,2016,Suitability: unsuitable housing,158.2.4,70360,,27135,,43195,,30,
2021,"Vancouver (CMA), B.C.",2021S0503933,2016,Percent of households in unsuitable housing,158.2.5,7.3,,4.4,,12.4,,15.8,
2021,"Vancouver (CMA), B.C.",2021S0503933,2016,Affordability: unaffordable housing,158.2.6,304955,,154450,,150505,,0,
2021,"Vancouver (CMA), B.C.",2021S0503933,2016,Percent of households in unaffordable housing,158.2.7,32.0,,25.4,,43.5,,0.0,
2021,"Vancouver (CMA), B.C.",2021S0503933,2016,Core housing need: in core housing need,158.2.8,156810,,60985,,95825,,0,
2021,"Vancouver (CMA), B.C.",2021S0503933,2016,Percent of households in core housing need,158.2.9,17.6,,10.6,,30.6,,0.0,
2021,"Vernon (CA), B.C.",2021S0504918,2021,Total - Housing indicators,159.1.1,28725,,20925,,7740,,60,
2021,"Vernon (CA), B.C.",2021S0504918,2021,Adequacy: inadequate housing,159.1.2,1650,,965,,670,,15,
2021,"Vernon (CA), B.C.",2021S0504918,2021,Percent of households in inadequate housing,159.1.3,5.7,,4.6,,8.7,,25.0,
2021,"Vernon (CA), B.C.",2021S0504918,2021,Suitability: unsuitable housing,159.1.4,780,,280,,500,,0,
2021,"Vernon (CA), B.C.",2021S0504918,2021,Percent of households in unsuitable housing,159.1.5,2.7,,1.3,,6.5,,0.0,
2021,"Vernon (CA), B.C.",2021S0504918,2021,Affordability: unaffordable housing,159.1.6,5895,,2765,,3130,,0,
2021,"Vernon (CA), B.C.",2021S0504918,2021,Percent of households in unaffordable housing,159.1.7,22.1,,14.5,,41.1,,0.0,
2021,"Vernon (CA), B.C.",2021S0504918,2021,Core housing need: in core housing need,159.1.8,1540,,505,,1030,,0,
2021,"Vernon (CA), B.C.",2021S0504918,2021,Percent of households in core housing need,159.1.9,5.9,,2.7,,14.1,,0.0,
2021,"Vernon (CA), B.C.",2021S0504918,2016,Total - Housing indicators,159.2.1,26180,,19555,,6610,,15,
2021,"Vernon (CA), B.C.",2021S0504918,2016,Adequacy: inadequate housing,159.2.2,1465,,880,,585,,0,
2021,"Vernon (CA), B.C.",2021S0504918,2016,Percent of households in inadequate housing,159.2.3,5.6,,4.5,,8.9,,0.0,
2021,"Vernon (CA), B.C.",2021S0504918,2016,Suitability: unsuitable housing,159.2.4,605,,215,,385,,0,
2021,"Vernon (CA), B.C.",2021S0504918,2016,Percent of households in unsuitable housing,159.2.5,2.3,,1.1,,5.8,,0.0,
2021,"Vernon (CA), B.C.",2021S0504918,2016,Affordability: unaffordable housing,159.2.6,5895,,2830,,3060,,0,
2021,"Vernon (CA), B.C.",2021S0504918,2016,Percent of households in unaffordable housing,159.2.7,24.3,,15.9,,47.8,,0.0,
2021,"Vernon (CA), B.C.",2021S0504918,2016,Core housing need: in core housing need,159.2.8,2595,,705,,1890,,0,
2021,"Vernon (CA), B.C.",2021S0504918,2016,Percent of households in core housing need,159.2.9,11.0,,4.0,,30.9,,0.0,
2021,"Victoria (CMA), B.C.",2021S0503935,2021,Total - Housing indicators,160.1.1,176770,,109550,,66985,,240,
2021,"Victoria (CMA), B.C.",2021S0503935,2021,Adequacy: inadequate housing,160.1.2,9180,,5145,,3980,,50,
2021,"Victoria (CMA), B.C.",2021S0503935,2021,Percent of households in inadequate housing,160.1.3,5.2,,4.7,,5.9,,20.8,
2021,"Victoria (CMA), B.C.",2021S0503935,2021,Suitability: unsuitable housing,160.1.4,7315,,2160,,5110,,45,
2021,"Victoria (CMA), B.C.",2021S0503935,2021,Percent of households in unsuitable housing,160.1.5,4.1,,2.0,,7.6,,18.8,
2021,"Victoria (CMA), B.C.",2021S0503935,2021,Affordability: unaffordable housing,160.1.6,45115,,18600,,26520,,0,
2021,"Victoria (CMA), B.C.",2021S0503935,2021,Percent of households in unaffordable housing,160.1.7,26.0,,17.4,,40.0,,0.0,
2021,"Victoria (CMA), B.C.",2021S0503935,2021,Core housing need: in core housing need,160.1.8,21735,,6340,,15400,,0,
2021,"Victoria (CMA), B.C.",2021S0503935,2021,Percent of households in core housing need,160.1.9,12.9,,6.0,,24.3,,0.0,
2021,"Victoria (CMA), B.C.",2021S0503935,2016,Total - Housing indicators,160.2.1,162740,,101885,,60745,,105,
2021,"Victoria (CMA), B.C.",2021S0503935,2016,Adequacy: inadequate housing,160.2.2,8715,,4705,,3980,,30,
2021,"Victoria (CMA), B.C.",2021S0503935,2016,Percent of households in inadequate housing,160.2.3,5.4,,4.6,,6.6,,28.6,
2021,"Victoria (CMA), B.C.",2021S0503935,2016,Suitability: unsuitable housing,160.2.4,5770,,1650,,4105,,15,
2021,"Victoria (CMA), B.C.",2021S0503935,2016,Percent of households in unsuitable housing,160.2.5,3.5,,1.6,,6.8,,14.3,
2021,"Victoria (CMA), B.C.",2021S0503935,2016,Affordability: unaffordable housing,160.2.6,45565,,18890,,26680,,0,
2021,"Victoria (CMA), B.C.",2021S0503935,2016,Percent of households in unaffordable housing,160.2.7,28.5,,19.0,,44.3,,0.0,
2021,"Victoria (CMA), B.C.",2021S0503935,2016,Core housing need: in core housing need,160.2.8,21750,,5685,,16060,,0,
2021,"Victoria (CMA), B.C.",2021S0503935,2016,Percent of households in core housing need,160.2.9,14.2,,5.9,,28.7,,0.0,
2021,"Williams Lake (CA), B.C.",2021S0504950,2021,Total - Housing indicators,161.1.1,10045,,7370,,2435,,235,
2021,"Williams Lake (CA), B.C.",2021S0504950,2021,Adequacy: inadequate housing,161.1.2,995,,535,,355,,110,
2021,"Williams Lake (CA), B.C.",2021S0504950,2021,Percent of households in inadequate housing,161.1.3,9.9,,7.3,,14.6,,46.8,
2021,"Williams Lake (CA), B.C.",2021S0504950,2021,Suitability: unsuitable housing,161.1.4,370,,160,,180,,30,
2021,"Williams Lake (CA), B.C.",2021S0504950,2021,Percent of households in unsuitable housing,161.1.5,3.7,,2.2,,7.4,,12.8,
2021,"Williams Lake (CA), B.C.",2021S0504950,2021,Affordability: unaffordable housing,161.1.6,1180,,600,,580,,0,
2021,"Williams Lake (CA), B.C.",2021S0504950,2021,Percent of households in unaffordable housing,161.1.7,12.4,,8.5,,24.1,,0.0,
2021,"Williams Lake (CA), B.C.",2021S0504950,2021,Core housing need: in core housing need,161.1.8,580,,290,,285,,0,
2021,"Williams Lake (CA), B.C.",2021S0504950,2021,Percent of households in core housing need,161.1.9,6.2,,4.1,,12.1,,0.0,
2021,"Williams Lake (CA), B.C.",2021S0504950,2016,Total - Housing indicators,161.2.1,9680,,7235,,2335,,105,
2021,"Williams Lake (CA), B.C.",2021S0504950,2016,Adequacy: inadequate housing,161.2.2,800,,575,,205,,25,
2021,"Williams Lake (CA), B.C.",2021S0504950,2016,Percent of households in inadequate housing,161.2.3,8.3,,7.9,,8.8,,23.8,
2021,"Williams Lake (CA), B.C.",2021S0504950,2016,Suitability: unsuitable housing,161.2.4,290,,125,,145,,15,
2021,"Williams Lake (CA), B.C.",2021S0504950,2016,Percent of households in unsuitable housing,161.2.5,3.0,,1.7,,6.2,,14.3,
2021,"Williams Lake (CA), B.C.",2021S0504950,2016,Affordability: unaffordable housing,161.2.6,1330,,610,,725,,0,
2021,"Williams Lake (CA), B.C.",2021S0504950,2016,Percent of households in unaffordable housing,161.2.7,14.6,,8.9,,31.8,,0.0,
2021,"Williams Lake (CA), B.C.",2021S0504950,2016,Core housing need: in core housing need,161.2.8,705,,255,,450,,0,
2021,"Williams Lake (CA), B.C.",2021S0504950,2016,Percent of households in core housing need,161.2.9,7.9,,3.8,,20.2,,0.0,
2021,Yukon,2021A000260,2021,Total - Housing indicators,162.1.1,17185,,11060,,5530,,585,
2021,Yukon,2021A000260,2021,Adequacy: inadequate housing,162.1.2,2105,,1285,,630,,195,
2021,Yukon,2021A000260,2021,Percent of households in inadequate housing,162.1.3,12.2,,11.6,,11.4,,33.3,
2021,Yukon,2021A000260,2021,Suitability: unsuitable housing,162.1.4,920,,395,,485,,35,
2021,Yukon,2021A000260,2021,Percent of households in unsuitable housing,162.1.5,5.4,,3.6,,8.8,,6.0,
2021,Yukon,2021A000260,2021,Affordability: unaffordable housing,162.1.6,2665,,1290,,1370,,0,
2021,Yukon,2021A000260,2021,Percent of households in unaffordable housing,162.1.7,16.2,,11.7,,24.9,,0.0,
2021,Yukon,2021A000260,2021,Core housing need: in core housing need,162.1.8,2135,,870,,1265,,0,
2021,Yukon,2021A000260,2021,Percent of households in core housing need,162.1.9,13.1,,8.0,,23.3,,0.0,
2021,Yukon,2021A000260,2016,Total - Housing indicators,162.2.1,15215,,9680,,5005,,525,
2021,Yukon,2021A000260,2016,Adequacy: inadequate housing,162.2.2,1900,,1120,,560,,210,
2021,Yukon,2021A000260,2016,Percent of households in inadequate housing,162.2.3,12.5,,11.6,,11.2,,40.0,
2021,Yukon,2021A000260,2016,Suitability: unsuitable housing,162.2.4,725,,340,,345,,40,
2021,Yukon,2021A000260,2016,Percent of households in unsuitable housing,162.2.5,4.8,,3.5,,6.9,,7.6,
2021,Yukon,2021A000260,2016,Affordability: unaffordable housing,162.2.6,2675,,1215,,1465,,0,
2021,Yukon,2021A000260,2016,Percent of households in unaffordable housing,162.2.7,18.4,,12.7,,29.4,,0.0,
2021,Yukon,2021A000260,2016,Core housing need: in core housing need,162.2.8,2160,,895,,1265,,0,
2021,Yukon,2021A000260,2016,Percent of households in core housing need,162.2.9,15.2,,9.5,,26.5,,0.0,
2021,"Whitehorse (CA), Y.T.",2021S0504990,2021,Total - Housing indicators,163.1.1,13185,,8950,,4235,,0,
2021,"Whitehorse (CA), Y.T.",2021S0504990,2021,Adequacy: inadequate housing,163.1.2,1290,,875,,415,,0,
2021,"Whitehorse (CA), Y.T.",2021S0504990,2021,Percent of households in inadequate housing,163.1.3,9.8,,9.8,,9.8,,0.0,
2021,"Whitehorse (CA), Y.T.",2021S0504990,2021,Suitability: unsuitable housing,163.1.4,685,,280,,410,,0,
2021,"Whitehorse (CA), Y.T.",2021S0504990,2021,Percent of households in unsuitable housing,163.1.5,5.2,,3.1,,9.7,,0.0,
2021,"Whitehorse (CA), Y.T.",2021S0504990,2021,Affordability: unaffordable housing,163.1.6,2220,,1055,,1170,,0,
2021,"Whitehorse (CA), Y.T.",2021S0504990,2021,Percent of households in unaffordable housing,163.1.7,16.9,,11.8,,27.8,,0.0,
2021,"Whitehorse (CA), Y.T.",2021S0504990,2021,Core housing need: in core housing need,163.1.8,1365,,455,,910,,0,
2021,"Whitehorse (CA), Y.T.",2021S0504990,2021,Percent of households in core housing need,163.1.9,10.5,,5.1,,22.0,,0.0,
2021,"Whitehorse (CA), Y.T.",2021S0504990,2016,Total - Housing indicators,163.2.1,11625,,7780,,3840,,10,
2021,"Whitehorse (CA), Y.T.",2021S0504990,2016,Adequacy: inadequate housing,163.2.2,1055,,685,,365,,0,
2021,"Whitehorse (CA), Y.T.",2021S0504990,2016,Percent of households in inadequate housing,163.2.3,9.1,,8.8,,9.5,,0.0,
2021,"Whitehorse (CA), Y.T.",2021S0504990,2016,Suitability: unsuitable housing,163.2.4,505,,220,,285,,0,
2021,"Whitehorse (CA), Y.T.",2021S0504990,2016,Percent of households in unsuitable housing,163.2.5,4.3,,2.8,,7.4,,0.0,
2021,"Whitehorse (CA), Y.T.",2021S0504990,2016,Affordability: unaffordable housing,163.2.6,2240,,970,,1270,,0,
2021,"Whitehorse (CA), Y.T.",2021S0504990,2016,Percent of households in unaffordable housing,163.2.7,19.4,,12.6,,33.2,,0.0,
2021,"Whitehorse (CA), Y.T.",2021S0504990,2016,Core housing need: in core housing need,163.2.8,1435,,465,,970,,0,
2021,"Whitehorse (CA), Y.T.",2021S0504990,2016,Percent of households in core housing need,163.2.9,12.7,,6.1,,26.5,,0.0,
2021,Northwest Territories,2021A000261,2021,Total - Housing indicators,164.1.1,15205,,8140,,7020,,50,
2021,Northwest Territories,2021A000261,2021,Adequacy: inadequate housing,164.1.2,2805,,1485,,1295,,15,
2021,Northwest Territories,2021A000261,2021,Percent of households in inadequate housing,164.1.3,18.4,,18.2,,18.4,,30.0,
2021,Northwest Territories,2021A000261,2021,Suitability: unsuitable housing,164.1.4,1595,,615,,965,,15,
2021,Northwest Territories,2021A000261,2021,Percent of households in unsuitable housing,164.1.5,10.5,,7.6,,13.7,,30.0,
2021,Northwest Territories,2021A000261,2021,Affordability: unaffordable housing,164.1.6,1805,,705,,1095,,0,
2021,Northwest Territories,2021A000261,2021,Percent of households in unaffordable housing,164.1.7,11.9,,8.7,,15.6,,0.0,
2021,Northwest Territories,2021A000261,2021,Core housing need: in core housing need,164.1.8,1960,,660,,1295,,0,
2021,Northwest Territories,2021A000261,2021,Percent of households in core housing need,164.1.9,13.2,,8.2,,18.9,,0.0,
2021,Northwest Territories,2021A000261,2016,Total - Housing indicators,164.2.1,14985,,8045,,6920,,20,
2021,Northwest Territories,2021A000261,2016,Adequacy: inadequate housing,164.2.2,2710,,1560,,1140,,0,
2021,Northwest Territories,2021A000261,2016,Percent of households in inadequate housing,164.2.3,18.1,,19.4,,16.5,,0.0,
2021,Northwest Territories,2021A000261,2016,Suitability: unsuitable housing,164.2.4,1575,,700,,875,,0,
2021,Northwest Territories,2021A000261,2016,Percent of households in unsuitable housing,164.2.5,10.5,,8.7,,12.6,,0.0,
2021,Northwest Territories,2021A000261,2016,Affordability: unaffordable housing,164.2.6,1845,,720,,1120,,0,
2021,Northwest Territories,2021A000261,2016,Percent of households in unaffordable housing,164.2.7,12.4,,9.0,,16.3,,0.0,
2021,Northwest Territories,2021A000261,2016,Core housing need: in core housing need,164.2.8,2260,,765,,1490,,0,
2021,Northwest Territories,2021A000261,2016,Percent of households in core housing need,164.2.9,15.5,,9.7,,22.1,,0.0,
2021,"Yellowknife (CA), N.W.T.",2021S0504995,2021,Total - Housing indicators,165.1.1,7515,,4280,,3240,,0,
2021,"Yellowknife (CA), N.W.T.",2021S0504995,2021,Adequacy: inadequate housing,165.1.2,795,,390,,400,,0,
2021,"Yellowknife (CA), N.W.T.",2021S0504995,2021,Percent of households in inadequate housing,165.1.3,10.6,,9.1,,12.3,,0.0,
2021,"Yellowknife (CA), N.W.T.",2021S0504995,2021,Suitability: unsuitable housing,165.1.4,635,,210,,425,,0,
2021,"Yellowknife (CA), N.W.T.",2021S0504995,2021,Percent of households in unsuitable housing,165.1.5,8.4,,4.9,,13.1,,0.0,
2021,"Yellowknife (CA), N.W.T.",2021S0504995,2021,Affordability: unaffordable housing,165.1.6,1185,,420,,765,,0,
2021,"Yellowknife (CA), N.W.T.",2021S0504995,2021,Percent of households in unaffordable housing,165.1.7,15.8,,9.8,,23.6,,0.0,
2021,"Yellowknife (CA), N.W.T.",2021S0504995,2021,Core housing need: in core housing need,165.1.8,765,,190,,575,,0,
2021,"Yellowknife (CA), N.W.T.",2021S0504995,2021,Percent of households in core housing need,165.1.9,10.3,,4.5,,18.2,,0.0,
2021,"Yellowknife (CA), N.W.T.",2021S0504995,2016,Total - Housing indicators,165.2.1,7130,,4015,,3120,,0,
2021,"Yellowknife (CA), N.W.T.",2021S0504995,2016,Adequacy: inadequate housing,165.2.2,645,,380,,265,,0,
2021,"Yellowknife (CA), N.W.T.",2021S0504995,2016,Percent of households in inadequate housing,165.2.3,9.0,,9.5,,8.5,,0.0,
2021,"Yellowknife (CA), N.W.T.",2021S0504995,2016,Suitability: unsuitable housing,165.2.4,565,,170,,390,,0,
2021,"Yellowknife (CA), N.W.T.",2021S0504995,2016,Percent of households in unsuitable housing,165.2.5,7.9,,4.2,,12.5,,0.0,
2021,"Yellowknife (CA), N.W.T.",2021S0504995,2016,Affordability: unaffordable housing,165.2.6,1045,,340,,700,,0,
2021,"Yellowknife (CA), N.W.T.",2021S0504995,2016,Percent of households in unaffordable housing,165.2.7,14.7,,8.5,,22.5,,0.0,
2021,"Yellowknife (CA), N.W.T.",2021S0504995,2016,Core housing need: in core housing need,165.2.8,750,,145,,610,,0,
2021,"Yellowknife (CA), N.W.T.",2021S0504995,2016,Percent of households in core housing need,165.2.9,10.7,,3.7,,20.0,,0.0,
2021,Nunavut,2021A000262,2021,Total - Housing indicators,166.1.1,9925,,1905,,8020,,0,
2021,Nunavut,2021A000262,2021,Adequacy: inadequate housing,166.1.2,2645,,455,,2190,,0,
2021,Nunavut,2021A000262,2021,Percent of households in inadequate housing,166.1.3,26.6,,23.9,,27.3,,0.0,
2021,Nunavut,2021A000262,2021,Suitability: unsuitable housing,166.1.4,3310,,280,,3030,,0,
2021,Nunavut,2021A000262,2021,Percent of households in unsuitable housing,166.1.5,33.4,,14.7,,37.8,,0.0,
2021,Nunavut,2021A000262,2021,Affordability: unaffordable housing,166.1.6,560,,140,,420,,0,
2021,Nunavut,2021A000262,2021,Percent of households in unaffordable housing,166.1.7,5.7,,7.3,,5.2,,0.0,
2021,Nunavut,2021A000262,2021,Core housing need: in core housing need,166.1.8,3220,,275,,2950,,0,
2021,Nunavut,2021A000262,2021,Percent of households in core housing need,166.1.9,32.9,,14.6,,37.3,,0.0,
2021,Nunavut,2021A000262,2016,Total - Housing indicators,166.2.1,9820,,1960,,7860,,0,
2021,Nunavut,2021A000262,2016,Adequacy: inadequate housing,166.2.2,2565,,505,,2055,,0,
2021,Nunavut,2021A000262,2016,Percent of households in inadequate housing,166.2.3,26.1,,25.8,,26.1,,0.0,
2021,Nunavut,2021A000262,2016,Suitability: unsuitable housing,166.2.4,3035,,370,,2660,,0,
2021,Nunavut,2021A000262,2016,Percent of households in unsuitable housing,166.2.5,30.9,,18.9,,33.8,,0.0,
2021,Nunavut,2021A000262,2016,Affordability: unaffordable housing,166.2.6,565,,155,,410,,0,
2021,Nunavut,2021A000262,2016,Percent of households in unaffordable housing,166.2.7,5.8,,7.9,,5.2,,0.0,
2021,Nunavut,2021A000262,2016,Core housing need: in core housing need,166.2.8,3545,,360,,3185,,0,
2021,Nunavut,2021A000262,2016,Percent of households in core housing need,166.2.9,36.5,,18.7,,40.9,,0.0,


